/* tree/materialized_data.cpp -- RECONSTRUCTED data definitions materialised byte-exact from
 * nfs4-f.exe.  These are the initialized-data objects the per-TU reconstruction referenced
 * extern or omitted; defining them here makes the project self-contained (no EXE needed to
 * build).  Numeric/codec/font tables are emitted as byte-exact blobs (load-address-faithful);
 * the small typed game globals keep their referenced C++ type. Bytes verbatim from .data/.sdata. */

/* ---- extern-referenced game globals (typed to match their declarations) ---- */
short gFadeBrightness = 128;  /* @0x80052a50 */
int ReverseRoadSurfaceFrictionCoeff[10] = { 59637, 62259, 65536, 69009, 72744, 77070, 81920, 87162, 93716, 131072 };  /* @0x80116558 */
int Sched_ExecuteTimes[7] = { 0, 1, 2, 4, 8, 16, 32 };  /* @0x8011dfdc */
int Sched_ExecuteElapsedTimes[7] = { 32, 32, 16, 8, 4, 2, 1 };  /* @0x8011dff8 */
int Sched_ExecuteiTimes[7] = { 0, 65536, 32768, 16384, 8192, 4096, 2048 };  /* @0x8011e014 */
extern "C" const unsigned char Font[3208] = {  /* @0x80135e58 font glyph data */
    0x00, 0x00, 0x00, 0x00, 0x00, 0x00, 0x00, 0x00, 0x00, 0x00, 0x00, 0x00, 0x00, 0x00, 0x00, 0x00,
    0x00, 0x00, 0x00, 0x00, 0x00, 0x00, 0x00, 0x00, 0x00, 0x00, 0x00, 0x00, 0x00, 0x00, 0x00, 0x00,
    0x00, 0x00, 0x00, 0x00, 0x00, 0x00, 0x00, 0x00, 0x00, 0x00, 0x00, 0x00, 0x00, 0x00, 0x00, 0x00,
    0x00, 0x00, 0x00, 0x00, 0x00, 0x00, 0x00, 0x00, 0x00, 0x00, 0x00, 0x00, 0x00, 0x00, 0x00, 0x00,
    0x00, 0x00, 0x00, 0x00, 0x00, 0x00, 0x00, 0x00, 0x00, 0x00, 0x00, 0x00, 0x00, 0x00, 0x00, 0x00,
    0x00, 0x00, 0x00, 0x00, 0x00, 0x00, 0x00, 0x00, 0x00, 0x00, 0x00, 0x00, 0x00, 0x00, 0x00, 0x00,
    0x00, 0x00, 0x00, 0x00, 0x00, 0x00, 0x00, 0x00, 0x00, 0x00, 0x00, 0x00, 0x00, 0x00, 0x00, 0x00,
    0x00, 0x00, 0x00, 0x00, 0x00, 0x00, 0x00, 0x00, 0x00, 0x00, 0x00, 0x00, 0x00, 0x00, 0x00, 0x00,
    0x00, 0x00, 0x00, 0x00, 0x00, 0x00, 0x00, 0x00, 0x00, 0x00, 0x00, 0x00, 0x00, 0x00, 0x00, 0x00,
    0x00, 0x00, 0x00, 0x00, 0x00, 0x00, 0x00, 0x00, 0x00, 0x00, 0x00, 0x00, 0x00, 0x00, 0x00, 0x00,
    0x00, 0x00, 0x00, 0x00, 0x00, 0x00, 0x00, 0x00, 0x00, 0x00, 0x00, 0x00, 0x00, 0x00, 0x00, 0x00,
    0x00, 0x00, 0x00, 0x00, 0x00, 0x00, 0x00, 0x00, 0x00, 0x00, 0x00, 0x00, 0x00, 0x00, 0x00, 0x00,
    0x00, 0x00, 0x00, 0x00, 0x00, 0x00, 0x00, 0x00, 0x00, 0x00, 0x00, 0x00, 0x00, 0x00, 0x00, 0x00,
    0x00, 0x00, 0x00, 0x00, 0x00, 0x00, 0x00, 0x00, 0x00, 0x00, 0x00, 0x00, 0x00, 0x00, 0x00, 0x00,
    0x00, 0x00, 0x00, 0x00, 0x00, 0x00, 0x00, 0x00, 0x00, 0x00, 0x00, 0x00, 0x00, 0x00, 0x00, 0x00,
    0x00, 0x00, 0x00, 0x00, 0x00, 0x00, 0x00, 0x00, 0x00, 0x00, 0x00, 0x00, 0x00, 0x00, 0x00, 0x00,
    0x00, 0x00, 0x00, 0x00, 0x00, 0x00, 0x00, 0x00, 0x00, 0x00, 0x00, 0x00, 0x00, 0x00, 0x00, 0x00,
    0x00, 0x00, 0x00, 0x00, 0x00, 0x00, 0x00, 0x00, 0x00, 0x00, 0x00, 0x00, 0x00, 0x00, 0x00, 0x00,
    0x00, 0x00, 0x00, 0x00, 0x00, 0x00, 0x00, 0x00, 0x00, 0x00, 0x00, 0x00, 0x00, 0x00, 0x00, 0x00,
    0x00, 0x00, 0x00, 0x00, 0x00, 0x00, 0x00, 0x00, 0x00, 0x00, 0x00, 0x00, 0x00, 0x00, 0x00, 0x00,
    0x00, 0x00, 0x00, 0x00, 0x00, 0x00, 0x00, 0x00, 0x00, 0x00, 0x00, 0x00, 0x00, 0x00, 0x00, 0x00,
    0x00, 0x00, 0x00, 0x00, 0x00, 0x00, 0x00, 0x00, 0x00, 0x00, 0x00, 0x00, 0x00, 0x00, 0x00, 0x00,
    0x00, 0x00, 0x00, 0x00, 0x00, 0x00, 0x00, 0x00, 0x00, 0x00, 0x00, 0x00, 0x00, 0x00, 0x00, 0x00,
    0x00, 0x00, 0x00, 0x00, 0x00, 0x00, 0x00, 0x00, 0x00, 0x00, 0x00, 0x00, 0x00, 0x00, 0x00, 0x00,
    0x00, 0x00, 0x00, 0x00, 0x00, 0x00, 0x00, 0x00, 0x00, 0x00, 0xff, 0xff, 0x00, 0x00, 0x00, 0x00,
    0x00, 0x00, 0x00, 0x00, 0x00, 0x00, 0x00, 0x00, 0x00, 0x00, 0x00, 0x00, 0x00, 0x00, 0x00, 0x00,
    0x00, 0x00, 0x00, 0x00, 0x00, 0x00, 0x00, 0x00, 0x00, 0x00, 0x00, 0x00, 0x00, 0x00, 0x00, 0x00,
    0x00, 0x00, 0x00, 0x00, 0x00, 0x00, 0x00, 0x00, 0x00, 0x00, 0x00, 0x00, 0x00, 0x00, 0x00, 0x00,
    0x00, 0x00, 0x00, 0x00, 0x00, 0x00, 0x00, 0x00, 0x00, 0x00, 0x00, 0x00, 0x00, 0x00, 0x00, 0x00,
    0x00, 0x00, 0x00, 0x00, 0x00, 0x00, 0x00, 0x00, 0x00, 0x00, 0x00, 0x00, 0x00, 0x00, 0x00, 0x00,
    0x00, 0x00, 0x00, 0x00, 0x00, 0x00, 0x00, 0x00, 0x00, 0x00, 0x00, 0x00, 0x00, 0x00, 0x00, 0x00,
    0x00, 0x00, 0x00, 0x00, 0x00, 0x00, 0x00, 0x00, 0x00, 0x00, 0x00, 0x00, 0x00, 0x00, 0x00, 0x00,
    0x00, 0x00, 0x00, 0x00, 0x00, 0x00, 0x00, 0x00, 0x00, 0x00, 0x00, 0x00, 0x00, 0x00, 0x00, 0x00,
    0x00, 0x00, 0x00, 0x00, 0x00, 0x00, 0x00, 0x00, 0x00, 0x00, 0x00, 0x00, 0x00, 0x00, 0x00, 0x00,
    0x00, 0x00, 0x00, 0x00, 0x00, 0x00, 0x00, 0x00, 0x00, 0x00, 0x00, 0x00, 0x00, 0x00, 0x00, 0x00,
    0x00, 0x00, 0x00, 0x00, 0x00, 0x00, 0x00, 0x00, 0x00, 0x00, 0x00, 0x00, 0x00, 0x00, 0x00, 0x00,
    0x00, 0x00, 0x00, 0x00, 0x00, 0x00, 0x00, 0x00, 0x00, 0x00, 0x00, 0x00, 0x00, 0x00, 0x00, 0x00,
    0x00, 0x00, 0x00, 0x00, 0x00, 0x00, 0x00, 0x00, 0x00, 0x00, 0x00, 0x00, 0x00, 0x00, 0x00, 0x00,
    0x00, 0x00, 0x00, 0x00, 0x00, 0x00, 0x00, 0x00, 0x00, 0x00, 0x00, 0x00, 0x00, 0x00, 0x00, 0x00,
    0x00, 0x00, 0x00, 0x00, 0x00, 0x00, 0x00, 0x00, 0x00, 0x00, 0x00, 0x00, 0x00, 0x00, 0x00, 0x00,
    0x00, 0x00, 0x00, 0x00, 0x00, 0x00, 0x00, 0x00, 0x00, 0x00, 0x00, 0x00, 0x00, 0x00, 0x00, 0x00,
    0x00, 0x00, 0x00, 0x00, 0x00, 0x00, 0x00, 0x00, 0x00, 0x00, 0x00, 0x00, 0x00, 0x00, 0x00, 0x00,
    0x00, 0x00, 0x00, 0x00, 0x00, 0x00, 0x00, 0x00, 0x00, 0x00, 0x00, 0x00, 0x00, 0x00, 0x00, 0x00,
    0x00, 0x00, 0x00, 0x00, 0x00, 0x00, 0x00, 0x00, 0x00, 0x00, 0x00, 0x00, 0x00, 0x00, 0x00, 0x00,
    0x00, 0x00, 0x00, 0x00, 0x00, 0x00, 0x00, 0x00, 0x00, 0x00, 0x00, 0x00, 0x00, 0x00, 0x00, 0x00,
    0x00, 0x00, 0x00, 0x00, 0x00, 0x00, 0x00, 0x00, 0x00, 0x00, 0x00, 0x00, 0x00, 0x00, 0x00, 0x00,
    0x00, 0x00, 0x00, 0x00, 0x00, 0x00, 0x00, 0x00, 0x00, 0x00, 0x00, 0x00, 0x00, 0x00, 0x00, 0x00,
    0x00, 0x00, 0x00, 0x00, 0x00, 0x00, 0x00, 0x00, 0x00, 0x00, 0x00, 0x00, 0x00, 0x00, 0x00, 0x00,
    0x00, 0x00, 0x00, 0x00, 0x00, 0x00, 0x00, 0x00, 0x00, 0x00, 0x00, 0x00, 0x00, 0x00, 0x00, 0x00,
    0x00, 0x00, 0x00, 0x00, 0x00, 0x00, 0x00, 0x00, 0x00, 0x00, 0x00, 0x00, 0x00, 0x00, 0x00, 0x00,
    0x00, 0x00, 0x00, 0x00, 0x00, 0x00, 0x00, 0x00, 0x00, 0x00, 0x00, 0x00, 0x00, 0x00, 0x00, 0x00,
    0x00, 0x00, 0x00, 0x00, 0x00, 0x00, 0x00, 0x00, 0x00, 0x00, 0x00, 0x00, 0x00, 0x00, 0x00, 0x00,
    0x00, 0x00, 0x00, 0x00, 0x00, 0x00, 0x00, 0x00, 0x00, 0x00, 0x00, 0x00, 0x00, 0x00, 0x00, 0x00,
    0x00, 0x00, 0x00, 0x00, 0x00, 0x00, 0x00, 0x00, 0x00, 0x00, 0x00, 0x00, 0x00, 0x00, 0x00, 0x00,
    0x00, 0x00, 0x00, 0x00, 0x00, 0x00, 0x00, 0x00, 0x00, 0x00, 0x00, 0x00, 0x00, 0x00, 0x00, 0x00,
    0x00, 0x00, 0x00, 0x00, 0x00, 0x00, 0x00, 0x00, 0x00, 0x00, 0x00, 0x00, 0x00, 0x00, 0x00, 0x00,
    0x00, 0x00, 0x00, 0x00, 0x00, 0x00, 0x00, 0x00, 0x00, 0x00, 0x00, 0x00, 0x00, 0x00, 0x01, 0x00,
    0x00, 0x10, 0x10, 0x00, 0x00, 0x00, 0x00, 0x00, 0x00, 0x10, 0x11, 0x00, 0x00, 0x11, 0x11, 0x01,
    0x00, 0x10, 0x00, 0x00, 0x00, 0x10, 0x01, 0x00, 0x00, 0x00, 0x00, 0x01, 0x00, 0x01, 0x00, 0x00,
    0x00, 0x00, 0x01, 0x00, 0x00, 0x00, 0x00, 0x00, 0x00, 0x00, 0x00, 0x00, 0x00, 0x00, 0x00, 0x00,
    0x00, 0x00, 0x00, 0x00, 0x00, 0x00, 0x00, 0x00, 0x00, 0x00, 0x00, 0x00, 0x00, 0x00, 0x01, 0x00,
    0x00, 0x10, 0x10, 0x00, 0x00, 0x10, 0x10, 0x00, 0x00, 0x01, 0x01, 0x01, 0x00, 0x11, 0x00, 0x01,
    0x00, 0x01, 0x01, 0x00, 0x00, 0x11, 0x00, 0x00, 0x00, 0x00, 0x10, 0x00, 0x00, 0x10, 0x00, 0x00,
    0x00, 0x01, 0x01, 0x01, 0x00, 0x00, 0x01, 0x00, 0x00, 0x00, 0x00, 0x00, 0x00, 0x00, 0x00, 0x00,
    0x00, 0x00, 0x00, 0x00, 0x00, 0x00, 0x00, 0x01, 0x00, 0x00, 0x00, 0x00, 0x00, 0x00, 0x01, 0x00,
    0x00, 0x00, 0x00, 0x00, 0x00, 0x11, 0x11, 0x01, 0x00, 0x01, 0x01, 0x00, 0x00, 0x00, 0x10, 0x00,
    0x00, 0x01, 0x01, 0x00, 0x00, 0x00, 0x00, 0x00, 0x00, 0x00, 0x01, 0x00, 0x00, 0x00, 0x01, 0x00,
    0x00, 0x10, 0x11, 0x00, 0x00, 0x00, 0x01, 0x00, 0x00, 0x00, 0x00, 0x00, 0x00, 0x00, 0x00, 0x00,
    0x00, 0x00, 0x00, 0x00, 0x00, 0x00, 0x10, 0x00, 0x00, 0x00, 0x00, 0x00, 0x00, 0x00, 0x01, 0x00,
    0x00, 0x00, 0x00, 0x00, 0x00, 0x10, 0x10, 0x00, 0x00, 0x10, 0x11, 0x00, 0x00, 0x00, 0x01, 0x00,
    0x00, 0x10, 0x00, 0x00, 0x00, 0x00, 0x00, 0x00, 0x00, 0x00, 0x01, 0x00, 0x00, 0x00, 0x01, 0x00,
    0x00, 0x00, 0x01, 0x00, 0x00, 0x11, 0x11, 0x01, 0x00, 0x00, 0x00, 0x00, 0x00, 0x11, 0x11, 0x01,
    0x00, 0x00, 0x00, 0x00, 0x00, 0x00, 0x01, 0x00, 0x00, 0x00, 0x00, 0x00, 0x00, 0x00, 0x01, 0x00,
    0x00, 0x00, 0x00, 0x00, 0x00, 0x10, 0x10, 0x00, 0x00, 0x00, 0x01, 0x01, 0x00, 0x10, 0x00, 0x00,
    0x00, 0x01, 0x01, 0x01, 0x00, 0x00, 0x00, 0x00, 0x00, 0x00, 0x01, 0x00, 0x00, 0x00, 0x01, 0x00,
    0x00, 0x10, 0x11, 0x00, 0x00, 0x00, 0x01, 0x00, 0x00, 0x00, 0x00, 0x00, 0x00, 0x00, 0x00, 0x00,
    0x00, 0x00, 0x00, 0x00, 0x00, 0x10, 0x00, 0x00, 0x00, 0x00, 0x00, 0x00, 0x00, 0x00, 0x00, 0x00,
    0x00, 0x00, 0x00, 0x00, 0x00, 0x11, 0x11, 0x01, 0x00, 0x01, 0x01, 0x01, 0x00, 0x01, 0x10, 0x01,
    0x00, 0x01, 0x10, 0x00, 0x00, 0x00, 0x00, 0x00, 0x00, 0x00, 0x10, 0x00, 0x00, 0x10, 0x00, 0x00,
    0x00, 0x01, 0x01, 0x01, 0x00, 0x00, 0x01, 0x00, 0x00, 0x10, 0x01, 0x00, 0x00, 0x00, 0x00, 0x00,
    0x00, 0x10, 0x01, 0x00, 0x00, 0x01, 0x00, 0x00, 0x00, 0x00, 0x00, 0x00, 0x00, 0x00, 0x01, 0x00,
    0x00, 0x00, 0x00, 0x00, 0x00, 0x10, 0x10, 0x00, 0x00, 0x10, 0x11, 0x00, 0x00, 0x01, 0x10, 0x01,
    0x00, 0x10, 0x01, 0x01, 0x00, 0x00, 0x00, 0x00, 0x00, 0x00, 0x00, 0x01, 0x00, 0x01, 0x00, 0x00,
    0x00, 0x00, 0x01, 0x00, 0x00, 0x00, 0x00, 0x00, 0x00, 0x10, 0x01, 0x00, 0x00, 0x00, 0x00, 0x00,
    0x00, 0x10, 0x01, 0x00, 0x00, 0x00, 0x00, 0x00, 0x00, 0x00, 0x00, 0x00, 0x00, 0x00, 0x00, 0x00,
    0x00, 0x00, 0x00, 0x00, 0x00, 0x00, 0x00, 0x00, 0x00, 0x00, 0x01, 0x00, 0x00, 0x00, 0x00, 0x00,
    0x00, 0x00, 0x00, 0x00, 0x00, 0x00, 0x00, 0x00, 0x00, 0x00, 0x00, 0x00, 0x00, 0x00, 0x00, 0x00,
    0x00, 0x00, 0x00, 0x00, 0x00, 0x00, 0x00, 0x00, 0x00, 0x11, 0x00, 0x00, 0x00, 0x00, 0x00, 0x00,
    0x00, 0x00, 0x00, 0x00, 0x00, 0x00, 0x00, 0x00, 0x00, 0x10, 0x11, 0x00, 0x00, 0x00, 0x01, 0x00,
    0x00, 0x10, 0x11, 0x00, 0x00, 0x10, 0x11, 0x00, 0x00, 0x00, 0x10, 0x00, 0x00, 0x11, 0x11, 0x01,
    0x00, 0x00, 0x11, 0x00, 0x00, 0x11, 0x11, 0x01, 0x00, 0x10, 0x11, 0x00, 0x00, 0x10, 0x11, 0x00,
    0x00, 0x00, 0x00, 0x00, 0x00, 0x00, 0x00, 0x00, 0x00, 0x00, 0x00, 0x00, 0x00, 0x00, 0x00, 0x00,
    0x00, 0x00, 0x00, 0x00, 0x00, 0x10, 0x11, 0x00, 0x00, 0x01, 0x00, 0x01, 0x00, 0x10, 0x01, 0x00,
    0x00, 0x01, 0x00, 0x01, 0x00, 0x01, 0x00, 0x01, 0x00, 0x00, 0x11, 0x00, 0x00, 0x01, 0x00, 0x00,
    0x00, 0x10, 0x00, 0x00, 0x00, 0x00, 0x00, 0x01, 0x00, 0x01, 0x00, 0x01, 0x00, 0x01, 0x00, 0x01,
    0x00, 0x00, 0x00, 0x00, 0x00, 0x00, 0x00, 0x00, 0x00, 0x00, 0x10, 0x00, 0x00, 0x00, 0x00, 0x00,
    0x00, 0x10, 0x00, 0x00, 0x00, 0x01, 0x00, 0x01, 0x00, 0x01, 0x10, 0x01, 0x00, 0x00, 0x01, 0x00,
    0x00, 0x00, 0x00, 0x01, 0x00, 0x00, 0x00, 0x01, 0x00, 0x10, 0x10, 0x00, 0x00, 0x11, 0x11, 0x00,
    0x00, 0x01, 0x00, 0x00, 0x00, 0x00, 0x10, 0x00, 0x00, 0x01, 0x00, 0x01, 0x00, 0x01, 0x00, 0x01,
    0x00, 0x10, 0x01, 0x00, 0x00, 0x10, 0x01, 0x00, 0x00, 0x00, 0x01, 0x00, 0x00, 0x11, 0x11, 0x01,
    0x00, 0x00, 0x01, 0x00, 0x00, 0x00, 0x10, 0x00, 0x00, 0x01, 0x01, 0x01, 0x00, 0x00, 0x01, 0x00,
    0x00, 0x00, 0x10, 0x00, 0x00, 0x00, 0x11, 0x00, 0x00, 0x01, 0x10, 0x00, 0x00, 0x00, 0x00, 0x01,
    0x00, 0x11, 0x11, 0x00, 0x00, 0x00, 0x10, 0x00, 0x00, 0x10, 0x11, 0x00, 0x00, 0x10, 0x11, 0x01,
    0x00, 0x10, 0x01, 0x00, 0x00, 0x10, 0x01, 0x00, 0x00, 0x10, 0x00, 0x00, 0x00, 0x00, 0x00, 0x00,
    0x00, 0x00, 0x10, 0x00, 0x00, 0x00, 0x01, 0x00, 0x00, 0x11, 0x00, 0x01, 0x00, 0x00, 0x01, 0x00,
    0x00, 0x00, 0x01, 0x00, 0x00, 0x00, 0x00, 0x01, 0x00, 0x11, 0x11, 0x01, 0x00, 0x00, 0x00, 0x01,
    0x00, 0x01, 0x00, 0x01, 0x00, 0x00, 0x01, 0x00, 0x00, 0x01, 0x00, 0x01, 0x00, 0x00, 0x00, 0x01,
    0x00, 0x00, 0x00, 0x00, 0x00, 0x00, 0x00, 0x00, 0x00, 0x00, 0x01, 0x00, 0x00, 0x11, 0x11, 0x01,
    0x00, 0x00, 0x01, 0x00, 0x00, 0x00, 0x01, 0x00, 0x00, 0x01, 0x00, 0x01, 0x00, 0x00, 0x01, 0x00,
    0x00, 0x10, 0x00, 0x00, 0x00, 0x01, 0x00, 0x01, 0x00, 0x00, 0x10, 0x00, 0x00, 0x01, 0x00, 0x01,
    0x00, 0x01, 0x00, 0x01, 0x00, 0x00, 0x01, 0x00, 0x00, 0x01, 0x00, 0x01, 0x00, 0x00, 0x10, 0x00,
    0x00, 0x10, 0x01, 0x00, 0x00, 0x10, 0x01, 0x00, 0x00, 0x00, 0x10, 0x00, 0x00, 0x00, 0x00, 0x00,
    0x00, 0x10, 0x00, 0x00, 0x00, 0x00, 0x00, 0x00, 0x00, 0x10, 0x11, 0x00, 0x00, 0x10, 0x11, 0x00,
    0x00, 0x11, 0x11, 0x01, 0x00, 0x10, 0x11, 0x00, 0x00, 0x00, 0x10, 0x00, 0x00, 0x10, 0x11, 0x00,
    0x00, 0x10, 0x11, 0x00, 0x00, 0x00, 0x01, 0x00, 0x00, 0x10, 0x11, 0x00, 0x00, 0x10, 0x01, 0x00,
    0x00, 0x10, 0x01, 0x00, 0x00, 0x10, 0x01, 0x00, 0x00, 0x00, 0x00, 0x00, 0x00, 0x00, 0x00, 0x00,
    0x00, 0x00, 0x00, 0x00, 0x00, 0x00, 0x01, 0x00, 0x00, 0x00, 0x00, 0x00, 0x00, 0x00, 0x00, 0x00,
    0x00, 0x00, 0x00, 0x00, 0x00, 0x00, 0x00, 0x00, 0x00, 0x00, 0x00, 0x00, 0x00, 0x00, 0x00, 0x00,
    0x00, 0x00, 0x00, 0x00, 0x00, 0x00, 0x00, 0x00, 0x00, 0x00, 0x00, 0x00, 0x00, 0x00, 0x00, 0x00,
    0x00, 0x00, 0x00, 0x00, 0x00, 0x11, 0x00, 0x00, 0x00, 0x00, 0x00, 0x00, 0x00, 0x00, 0x00, 0x00,
    0x00, 0x00, 0x00, 0x00, 0x00, 0x00, 0x00, 0x00, 0x00, 0x10, 0x11, 0x00, 0x00, 0x10, 0x11, 0x00,
    0x00, 0x11, 0x11, 0x00, 0x00, 0x10, 0x11, 0x00, 0x00, 0x11, 0x11, 0x00, 0x00, 0x11, 0x11, 0x01,
    0x00, 0x11, 0x11, 0x01, 0x00, 0x10, 0x11, 0x00, 0x00, 0x01, 0x00, 0x01, 0x00, 0x10, 0x11, 0x00,
    0x00, 0x00, 0x00, 0x01, 0x00, 0x01, 0x00, 0x01, 0x00, 0x01, 0x00, 0x00, 0x00, 0x01, 0x00, 0x01,
    0x00, 0x01, 0x00, 0x01, 0x00, 0x10, 0x11, 0x00, 0x00, 0x01, 0x00, 0x01, 0x00, 0x01, 0x00, 0x01,
    0x00, 0x01, 0x00, 0x01, 0x00, 0x01, 0x00, 0x01, 0x00, 0x10, 0x00, 0x01, 0x00, 0x01, 0x00, 0x00,
    0x00, 0x01, 0x00, 0x00, 0x00, 0x01, 0x00, 0x01, 0x00, 0x01, 0x00, 0x01, 0x00, 0x00, 0x01, 0x00,
    0x00, 0x00, 0x00, 0x01, 0x00, 0x01, 0x10, 0x00, 0x00, 0x01, 0x00, 0x00, 0x00, 0x11, 0x10, 0x01,
    0x00, 0x01, 0x00, 0x01, 0x00, 0x01, 0x00, 0x01, 0x00, 0x01, 0x11, 0x01, 0x00, 0x01, 0x00, 0x01,
    0x00, 0x01, 0x00, 0x01, 0x00, 0x01, 0x00, 0x00, 0x00, 0x10, 0x00, 0x01, 0x00, 0x01, 0x00, 0x00,
    0x00, 0x01, 0x00, 0x00, 0x00, 0x01, 0x00, 0x00, 0x00, 0x01, 0x00, 0x01, 0x00, 0x00, 0x01, 0x00,
    0x00, 0x00, 0x00, 0x01, 0x00, 0x01, 0x01, 0x00, 0x00, 0x01, 0x00, 0x00, 0x00, 0x01, 0x01, 0x01,
    0x00, 0x11, 0x00, 0x01, 0x00, 0x01, 0x00, 0x01, 0x00, 0x01, 0x01, 0x01, 0x00, 0x11, 0x11, 0x01,
    0x00, 0x11, 0x11, 0x00, 0x00, 0x01, 0x00, 0x00, 0x00, 0x10, 0x00, 0x01, 0x00, 0x11, 0x11, 0x00,
    0x00, 0x11, 0x11, 0x00, 0x00, 0x01, 0x00, 0x00, 0x00, 0x11, 0x11, 0x01, 0x00, 0x00, 0x01, 0x00,
    0x00, 0x00, 0x00, 0x01, 0x00, 0x11, 0x00, 0x00, 0x00, 0x01, 0x00, 0x00, 0x00, 0x01, 0x00, 0x01,
    0x00, 0x01, 0x01, 0x01, 0x00, 0x01, 0x00, 0x01, 0x00, 0x01, 0x11, 0x01, 0x00, 0x01, 0x00, 0x01,
    0x00, 0x01, 0x00, 0x01, 0x00, 0x01, 0x00, 0x00, 0x00, 0x10, 0x00, 0x01, 0x00, 0x01, 0x00, 0x00,
    0x00, 0x01, 0x00, 0x00, 0x00, 0x01, 0x10, 0x01, 0x00, 0x01, 0x00, 0x01, 0x00, 0x00, 0x01, 0x00,
    0x00, 0x00, 0x00, 0x01, 0x00, 0x01, 0x01, 0x00, 0x00, 0x01, 0x00, 0x00, 0x00, 0x01, 0x00, 0x01,
    0x00, 0x01, 0x10, 0x01, 0x00, 0x01, 0x00, 0x01, 0x00, 0x01, 0x00, 0x00, 0x00, 0x01, 0x00, 0x01,
    0x00, 0x01, 0x00, 0x01, 0x00, 0x01, 0x00, 0x01, 0x00, 0x10, 0x00, 0x01, 0x00, 0x01, 0x00, 0x00,
    0x00, 0x01, 0x00, 0x00, 0x00, 0x01, 0x00, 0x01, 0x00, 0x01, 0x00, 0x01, 0x00, 0x00, 0x01, 0x00,
    0x00, 0x01, 0x00, 0x01, 0x00, 0x01, 0x10, 0x00, 0x00, 0x01, 0x00, 0x00, 0x00, 0x01, 0x00, 0x01,
    0x00, 0x01, 0x00, 0x01, 0x00, 0x01, 0x00, 0x01, 0x00, 0x10, 0x11, 0x00, 0x00, 0x01, 0x00, 0x01,
    0x00, 0x11, 0x11, 0x00, 0x00, 0x10, 0x11, 0x00, 0x00, 0x11, 0x11, 0x00, 0x00, 0x11, 0x11, 0x01,
    0x00, 0x01, 0x00, 0x00, 0x00, 0x10, 0x11, 0x00, 0x00, 0x01, 0x00, 0x01, 0x00, 0x10, 0x11, 0x00,
    0x00, 0x10, 0x11, 0x00, 0x00, 0x01, 0x00, 0x01, 0x00, 0x11, 0x11, 0x01, 0x00, 0x01, 0x00, 0x01,
    0x00, 0x01, 0x00, 0x01, 0x00, 0x10, 0x11, 0x00, 0x00, 0x00, 0x00, 0x00, 0x00, 0x00, 0x00, 0x00,
    0x00, 0x00, 0x00, 0x00, 0x00, 0x00, 0x00, 0x00, 0x00, 0x00, 0x00, 0x00, 0x00, 0x00, 0x00, 0x00,
    0x00, 0x00, 0x00, 0x00, 0x00, 0x00, 0x00, 0x00, 0x00, 0x00, 0x00, 0x00, 0x00, 0x00, 0x00, 0x00,
    0x00, 0x00, 0x00, 0x00, 0x00, 0x00, 0x00, 0x00, 0x00, 0x00, 0x00, 0x00, 0x00, 0x00, 0x00, 0x00,
    0x00, 0x00, 0x00, 0x00, 0x00, 0x00, 0x00, 0x00, 0x00, 0x11, 0x11, 0x00, 0x00, 0x10, 0x11, 0x00,
    0x00, 0x11, 0x11, 0x00, 0x00, 0x10, 0x11, 0x00, 0x00, 0x11, 0x11, 0x01, 0x00, 0x01, 0x00, 0x01,
    0x00, 0x01, 0x00, 0x01, 0x00, 0x01, 0x00, 0x01, 0x00, 0x01, 0x00, 0x01, 0x00, 0x01, 0x00, 0x01,
    0x00, 0x11, 0x11, 0x01, 0x00, 0x00, 0x01, 0x00, 0x00, 0x00, 0x00, 0x00, 0x00, 0x00, 0x01, 0x00,
    0x00, 0x10, 0x10, 0x00, 0x00, 0x00, 0x00, 0x00, 0x00, 0x01, 0x00, 0x01, 0x00, 0x01, 0x00, 0x01,
    0x00, 0x01, 0x00, 0x01, 0x00, 0x01, 0x00, 0x01, 0x00, 0x00, 0x01, 0x00, 0x00, 0x01, 0x00, 0x01,
    0x00, 0x01, 0x00, 0x01, 0x00, 0x01, 0x00, 0x01, 0x00, 0x01, 0x00, 0x01, 0x00, 0x01, 0x00, 0x01,
    0x00, 0x00, 0x00, 0x01, 0x00, 0x00, 0x01, 0x00, 0x00, 0x01, 0x00, 0x00, 0x00, 0x00, 0x01, 0x00,
    0x00, 0x01, 0x00, 0x01, 0x00, 0x00, 0x00, 0x00, 0x00, 0x01, 0x00, 0x01, 0x00, 0x01, 0x00, 0x01,
    0x00, 0x01, 0x00, 0x01, 0x00, 0x01, 0x00, 0x00, 0x00, 0x00, 0x01, 0x00, 0x00, 0x01, 0x00, 0x01,
    0x00, 0x01, 0x00, 0x01, 0x00, 0x01, 0x00, 0x01, 0x00, 0x10, 0x10, 0x00, 0x00, 0x10, 0x10, 0x00,
    0x00, 0x00, 0x10, 0x00, 0x00, 0x00, 0x01, 0x00, 0x00, 0x10, 0x00, 0x00, 0x00, 0x00, 0x01, 0x00,
    0x00, 0x00, 0x00, 0x00, 0x00, 0x00, 0x00, 0x00, 0x00, 0x11, 0x11, 0x00, 0x00, 0x01, 0x00, 0x01,
    0x00, 0x11, 0x11, 0x00, 0x00, 0x10, 0x11, 0x00, 0x00, 0x00, 0x01, 0x00, 0x00, 0x01, 0x00, 0x01,
    0x00, 0x01, 0x00, 0x01, 0x00, 0x01, 0x00, 0x01, 0x00, 0x00, 0x01, 0x00, 0x00, 0x00, 0x01, 0x00,
    0x00, 0x11, 0x11, 0x01, 0x00, 0x00, 0x01, 0x00, 0x00, 0x00, 0x01, 0x00, 0x00, 0x00, 0x01, 0x00,
    0x00, 0x00, 0x00, 0x00, 0x00, 0x00, 0x00, 0x00, 0x00, 0x01, 0x00, 0x00, 0x00, 0x01, 0x01, 0x01,
    0x00, 0x01, 0x01, 0x00, 0x00, 0x00, 0x00, 0x01, 0x00, 0x00, 0x01, 0x00, 0x00, 0x01, 0x00, 0x01,
    0x00, 0x10, 0x10, 0x00, 0x00, 0x01, 0x01, 0x01, 0x00, 0x10, 0x10, 0x00, 0x00, 0x00, 0x01, 0x00,
    0x00, 0x10, 0x00, 0x00, 0x00, 0x00, 0x01, 0x00, 0x00, 0x00, 0x10, 0x00, 0x00, 0x00, 0x01, 0x00,
    0x00, 0x00, 0x00, 0x00, 0x00, 0x00, 0x00, 0x00, 0x00, 0x01, 0x00, 0x00, 0x00, 0x01, 0x10, 0x00,
    0x00, 0x01, 0x10, 0x00, 0x00, 0x01, 0x00, 0x01, 0x00, 0x00, 0x01, 0x00, 0x00, 0x01, 0x00, 0x01,
    0x00, 0x10, 0x10, 0x00, 0x00, 0x11, 0x10, 0x01, 0x00, 0x01, 0x00, 0x01, 0x00, 0x00, 0x01, 0x00,
    0x00, 0x01, 0x00, 0x00, 0x00, 0x00, 0x01, 0x00, 0x00, 0x00, 0x00, 0x01, 0x00, 0x00, 0x01, 0x00,
    0x00, 0x00, 0x00, 0x00, 0x00, 0x00, 0x00, 0x00, 0x00, 0x01, 0x00, 0x00, 0x00, 0x10, 0x01, 0x01,
    0x00, 0x01, 0x00, 0x01, 0x00, 0x10, 0x11, 0x00, 0x00, 0x00, 0x01, 0x00, 0x00, 0x10, 0x11, 0x00,
    0x00, 0x00, 0x01, 0x00, 0x00, 0x01, 0x00, 0x01, 0x00, 0x01, 0x00, 0x01, 0x00, 0x00, 0x01, 0x00,
    0x00, 0x11, 0x11, 0x01, 0x00, 0x00, 0x01, 0x00, 0x00, 0x00, 0x00, 0x00, 0x00, 0x00, 0x01, 0x00,
    0x00, 0x00, 0x00, 0x00, 0x00, 0x00, 0x00, 0x00, 0x00, 0x00, 0x00, 0x00, 0x00, 0x00, 0x00, 0x00,
    0x00, 0x00, 0x00, 0x00, 0x00, 0x00, 0x00, 0x00, 0x00, 0x00, 0x00, 0x00, 0x00, 0x00, 0x00, 0x00,
    0x00, 0x00, 0x00, 0x00, 0x00, 0x00, 0x00, 0x00, 0x00, 0x00, 0x00, 0x00, 0x00, 0x00, 0x00, 0x00,
    0x00, 0x00, 0x00, 0x00, 0x00, 0x00, 0x11, 0x01, 0x00, 0x00, 0x00, 0x00, 0x00, 0x11, 0x01, 0x00,
    0x00, 0x00, 0x00, 0x00, 0x00, 0x00, 0x00, 0x00, 0x00, 0x00, 0x00, 0x00, 0x60, 0x70, 0x05, 0x80,
    0xff, 0xff, 0xff, 0x00, 0x00, 0x00, 0x00, 0x00, 0x00, 0x00, 0x00, 0x00, 0x00, 0x00, 0x00, 0x00,
    0x00, 0x00, 0x00, 0x00, 0x00, 0x00, 0x00, 0x00, 0x00, 0x00, 0x00, 0x00, 0x00, 0x00, 0x00, 0x00,
    0x00, 0x00, 0x00, 0x00, 0x00, 0x00, 0x00, 0x00, 0x00, 0x00, 0x00, 0x00, 0x00, 0x00, 0x00, 0x00,
    0x00, 0x00, 0x00, 0x00, 0x00, 0x00, 0x00, 0x00, 0x00, 0x00, 0x00, 0x00, 0x01, 0x00, 0x00, 0x00,
    0x00, 0x00, 0x00, 0x00, 0x00, 0x00, 0x00, 0x00, 0x01, 0x00, 0x00, 0x00, 0x00, 0x00, 0x00, 0x00,
    0x00, 0x00, 0x00, 0x00, 0x00, 0x00, 0x00, 0x00, 0x00, 0x00, 0x00, 0x00, 0x00, 0x00, 0x00, 0x00,
    0x00, 0x00, 0x00, 0x00, 0x00, 0x00, 0x00, 0x00, 0x00, 0x00, 0x00, 0x00, 0x00, 0x00, 0x00, 0x00,
    0x00, 0x00, 0x00, 0x00, 0x00, 0x00, 0x00, 0x00, 0x00, 0x00, 0x00, 0x00, 0x00, 0x00, 0x00, 0x00,
    0x00, 0x00, 0x00, 0x00, 0x01, 0x00, 0x00, 0x00, 0x01, 0x00, 0x00, 0x00, 0x00, 0x00, 0x00, 0x00,
    0x00, 0x00, 0x00, 0x00, 0x00, 0x00, 0x00, 0x00, 0x00, 0x00, 0x00, 0x00, 0x01, 0x00, 0x00, 0x00,
    0x00, 0x00, 0x00, 0x00, 0x00, 0x00, 0x00, 0x00, 0x00, 0x00, 0x00, 0x00, 0x00, 0x00, 0x00, 0x00,
    0x00, 0x18, 0x80, 0x1f, 0x01, 0x18, 0x80, 0x1f, 0x02, 0x18, 0x80, 0x1f, 0x03, 0x18, 0x80, 0x1f,
    0x18, 0x10, 0x80, 0x1f, 0x20, 0x10, 0x80, 0x1f, 0xf0, 0x10, 0x80, 0x1f, 0xf4, 0x10, 0x80, 0x1f,
    0x98, 0x10, 0x80, 0x1f, 0x90, 0x10, 0x80, 0x1f, 0xa8, 0x10, 0x80, 0x1f, 0xa0, 0x10, 0x80, 0x1f,
    0xb8, 0x10, 0x80, 0x1f, 0xb0, 0x10, 0x80, 0x1f, 0xd8, 0x10, 0x80, 0x1f, 0xd0, 0x10, 0x80, 0x1f,
    0x70, 0x10, 0x80, 0x1f, 0x74, 0x10, 0x80, 0x1f
};

/* ---- absent objects (unreferenced by name in the tree; materialised for completeness) ---- */
extern "C" const unsigned char backwardsTrackStartTrigger[632] = {  /* @0x8011e7f0 track data (contains VAs) */
    0x04, 0x00, 0x00, 0x00, 0x04, 0x00, 0x00, 0x00, 0x07, 0x00, 0x00, 0x00, 0x06, 0x00, 0x00, 0x00,
    0x04, 0x00, 0x00, 0x00, 0x20, 0xd5, 0x13, 0x80, 0x28, 0xd5, 0x13, 0x80, 0x00, 0x00, 0x00, 0x00,
    0x30, 0xd5, 0x13, 0x80, 0x38, 0xd5, 0x13, 0x80, 0x00, 0x00, 0x00, 0x00, 0x40, 0xd5, 0x13, 0x80,
    0x48, 0xd5, 0x13, 0x80, 0x00, 0x00, 0x00, 0x00, 0x50, 0xd5, 0x13, 0x80, 0x58, 0xd5, 0x13, 0x80,
    0x00, 0x00, 0x00, 0x00, 0x60, 0xd5, 0x13, 0x80, 0x68, 0xd5, 0x13, 0x80, 0x00, 0x00, 0x00, 0x00,
    0x70, 0xd5, 0x13, 0x80, 0x78, 0xd5, 0x13, 0x80, 0x01, 0x00, 0x00, 0x00, 0x7c, 0xd5, 0x13, 0x80,
    0x78, 0xd5, 0x13, 0x80, 0x02, 0x00, 0x00, 0x00, 0x84, 0xd5, 0x13, 0x80, 0x78, 0xd5, 0x13, 0x80,
    0x03, 0x00, 0x00, 0x00, 0x8c, 0xd5, 0x13, 0x80, 0x78, 0xd5, 0x13, 0x80, 0x04, 0x00, 0x00, 0x00,
    0x94, 0xd5, 0x13, 0x80, 0x78, 0xd5, 0x13, 0x80, 0x05, 0x00, 0x00, 0x00, 0x9c, 0xd5, 0x13, 0x80,
    0x78, 0xd5, 0x13, 0x80, 0x01, 0x00, 0x00, 0x00, 0xa4, 0xd5, 0x13, 0x80, 0x78, 0xd5, 0x13, 0x80,
    0x02, 0x00, 0x00, 0x00, 0xac, 0xd5, 0x13, 0x80, 0x78, 0xd5, 0x13, 0x80, 0x03, 0x00, 0x00, 0x00,
    0xb4, 0xd5, 0x13, 0x80, 0xbc, 0xd5, 0x13, 0x80, 0x00, 0x00, 0x00, 0x00, 0xc4, 0xd5, 0x13, 0x80,
    0xcc, 0xd5, 0x13, 0x80, 0x00, 0x00, 0x00, 0x00, 0xd4, 0xd5, 0x13, 0x80, 0xdc, 0xd5, 0x13, 0x80,
    0x00, 0x00, 0x00, 0x00, 0xe4, 0xd5, 0x13, 0x80, 0xec, 0xd5, 0x13, 0x80, 0x00, 0x00, 0x00, 0x00,
    0xf4, 0xd5, 0x13, 0x80, 0xfc, 0xd5, 0x13, 0x80, 0x00, 0x00, 0x00, 0x00, 0x04, 0xd6, 0x13, 0x80,
    0x0c, 0xd6, 0x13, 0x80, 0x00, 0x00, 0x00, 0x00, 0x14, 0xd6, 0x13, 0x80, 0x1c, 0xd6, 0x13, 0x80,
    0x00, 0x00, 0x00, 0x00, 0x24, 0xd6, 0x13, 0x80, 0x78, 0xd5, 0x13, 0x80, 0x00, 0x00, 0x00, 0x00,
    0x2c, 0xd6, 0x13, 0x80, 0x78, 0xd5, 0x13, 0x80, 0x00, 0x00, 0x00, 0x00, 0x34, 0xd6, 0x13, 0x80,
    0x78, 0xd5, 0x13, 0x80, 0x00, 0x00, 0x00, 0x00, 0x3c, 0xd6, 0x13, 0x80, 0x78, 0xd5, 0x13, 0x80,
    0x00, 0x00, 0x00, 0x00, 0x44, 0xd6, 0x13, 0x80, 0x78, 0xd5, 0x13, 0x80, 0x00, 0x00, 0x00, 0x00,
    0x4c, 0xd6, 0x13, 0x80, 0x78, 0xd5, 0x13, 0x80, 0x00, 0x00, 0x00, 0x00, 0x54, 0xd6, 0x13, 0x80,
    0x78, 0xd5, 0x13, 0x80, 0x00, 0x00, 0x00, 0x00, 0x5c, 0xd6, 0x13, 0x80, 0x78, 0xd5, 0x13, 0x80,
    0x00, 0x00, 0x00, 0x00, 0x64, 0xd6, 0x13, 0x80, 0x78, 0xd5, 0x13, 0x80, 0x00, 0x00, 0x00, 0x00,
    0x6c, 0xd6, 0x13, 0x80, 0x78, 0xd5, 0x13, 0x80, 0x00, 0x00, 0x00, 0x00, 0x74, 0xd6, 0x13, 0x80,
    0x78, 0xd5, 0x13, 0x80, 0x00, 0x00, 0x00, 0x00, 0x7c, 0xd6, 0x13, 0x80, 0x78, 0xd5, 0x13, 0x80,
    0x00, 0x00, 0x00, 0x00, 0x84, 0xd6, 0x13, 0x80, 0x78, 0xd5, 0x13, 0x80, 0x00, 0x00, 0x00, 0x00,
    0x8c, 0xd6, 0x13, 0x80, 0x78, 0xd5, 0x13, 0x80, 0x00, 0x00, 0x00, 0x00, 0x94, 0xd6, 0x13, 0x80,
    0x78, 0xd5, 0x13, 0x80, 0x00, 0x00, 0x00, 0x00, 0x9c, 0xd6, 0x13, 0x80, 0x78, 0xd5, 0x13, 0x80,
    0x00, 0x00, 0x00, 0x00, 0xa4, 0xd6, 0x13, 0x80, 0x78, 0xd5, 0x13, 0x80, 0x00, 0x00, 0x00, 0x00,
    0xac, 0xd6, 0x13, 0x80, 0x78, 0xd5, 0x13, 0x80, 0x00, 0x00, 0x00, 0x00, 0xb4, 0xd6, 0x13, 0x80,
    0x78, 0xd5, 0x13, 0x80, 0x00, 0x00, 0x00, 0x00, 0xbc, 0xd6, 0x13, 0x80, 0x78, 0xd5, 0x13, 0x80,
    0x00, 0x00, 0x00, 0x00, 0xc4, 0xd6, 0x13, 0x80, 0x78, 0xd5, 0x13, 0x80, 0x00, 0x00, 0x00, 0x00,
    0xcc, 0xd6, 0x13, 0x80, 0x78, 0xd5, 0x13, 0x80, 0x00, 0x00, 0x00, 0x00, 0xd4, 0xd6, 0x13, 0x80,
    0x78, 0xd5, 0x13, 0x80, 0x00, 0x00, 0x00, 0x00, 0xdc, 0xd6, 0x13, 0x80, 0x78, 0xd5, 0x13, 0x80,
    0x00, 0x00, 0x00, 0x00, 0xe4, 0xd6, 0x13, 0x80, 0x78, 0xd5, 0x13, 0x80, 0x00, 0x00, 0x00, 0x00,
    0xec, 0xd6, 0x13, 0x80, 0x78, 0xd5, 0x13, 0x80, 0x00, 0x00, 0x00, 0x00, 0xf4, 0xd6, 0x13, 0x80,
    0x78, 0xd5, 0x13, 0x80, 0x00, 0x00, 0x00, 0x00, 0xfc, 0xd6, 0x13, 0x80, 0x78, 0xd5, 0x13, 0x80,
    0x00, 0x00, 0x00, 0x00, 0x04, 0xd7, 0x13, 0x80, 0x78, 0xd5, 0x13, 0x80, 0x00, 0x00, 0x00, 0x00,
    0x0c, 0xd7, 0x13, 0x80, 0x78, 0xd5, 0x13, 0x80, 0x00, 0x00, 0x00, 0x00, 0x14, 0xd7, 0x13, 0x80,
    0x78, 0xd5, 0x13, 0x80, 0x00, 0x00, 0x00, 0x00
};
extern "C" const unsigned char vbltmrsub[108] = {  /* @0x8012362c vbl timer (contains VAs) */
    0x00, 0x00, 0x00, 0x00, 0x00, 0x00, 0x00, 0x00, 0x00, 0x00, 0x00, 0x00, 0x00, 0x00, 0x00, 0x00,
    0x00, 0x00, 0x00, 0x00, 0x00, 0x00, 0x00, 0x00, 0x00, 0x00, 0x00, 0x00, 0x00, 0x00, 0x00, 0x00,
    0x50, 0x73, 0x07, 0x25, 0x9b, 0x53, 0x43, 0x00, 0xd8, 0x6c, 0x05, 0x80, 0x38, 0xf3, 0x0e, 0x80,
    0x5c, 0xf3, 0x0e, 0x80, 0x5c, 0xeb, 0x0e, 0x80, 0x48, 0xf2, 0x0e, 0x80, 0x80, 0xf2, 0x0e, 0x80,
    0xc0, 0xf2, 0x0e, 0x80, 0xc8, 0xef, 0x0e, 0x80, 0x8c, 0xed, 0x0e, 0x80, 0x0c, 0xf6, 0x0e, 0x80,
    0x6c, 0xf2, 0x0e, 0x80, 0x7c, 0xea, 0x0e, 0x80, 0x08, 0xf3, 0x0e, 0x80, 0x6c, 0xf8, 0x0e, 0x80,
    0x64, 0xea, 0x0e, 0x80, 0xbc, 0xf9, 0x0e, 0x80, 0x54, 0x36, 0x12, 0x80
};
extern "C" const unsigned char _vlc_dc_l[1024] = {  /* @0x80123838 MDEC VLC */
    0x02, 0x00, 0x01, 0x00, 0x02, 0x00, 0x01, 0x00, 0x02, 0x00, 0x01, 0x00, 0x02, 0x00, 0x01, 0x00,
    0x02, 0x00, 0x01, 0x00, 0x02, 0x00, 0x01, 0x00, 0x02, 0x00, 0x01, 0x00, 0x02, 0x00, 0x01, 0x00,
    0x02, 0x00, 0x01, 0x00, 0x02, 0x00, 0x01, 0x00, 0x02, 0x00, 0x01, 0x00, 0x02, 0x00, 0x01, 0x00,
    0x02, 0x00, 0x01, 0x00, 0x02, 0x00, 0x01, 0x00, 0x02, 0x00, 0x01, 0x00, 0x02, 0x00, 0x01, 0x00,
    0x02, 0x00, 0x01, 0x00, 0x02, 0x00, 0x01, 0x00, 0x02, 0x00, 0x01, 0x00, 0x02, 0x00, 0x01, 0x00,
    0x02, 0x00, 0x01, 0x00, 0x02, 0x00, 0x01, 0x00, 0x02, 0x00, 0x01, 0x00, 0x02, 0x00, 0x01, 0x00,
    0x02, 0x00, 0x01, 0x00, 0x02, 0x00, 0x01, 0x00, 0x02, 0x00, 0x01, 0x00, 0x02, 0x00, 0x01, 0x00,
    0x02, 0x00, 0x01, 0x00, 0x02, 0x00, 0x01, 0x00, 0x02, 0x00, 0x01, 0x00, 0x02, 0x00, 0x01, 0x00,
    0x02, 0x00, 0x01, 0x00, 0x02, 0x00, 0x01, 0x00, 0x02, 0x00, 0x01, 0x00, 0x02, 0x00, 0x01, 0x00,
    0x02, 0x00, 0x01, 0x00, 0x02, 0x00, 0x01, 0x00, 0x02, 0x00, 0x01, 0x00, 0x02, 0x00, 0x01, 0x00,
    0x02, 0x00, 0x01, 0x00, 0x02, 0x00, 0x01, 0x00, 0x02, 0x00, 0x01, 0x00, 0x02, 0x00, 0x01, 0x00,
    0x02, 0x00, 0x01, 0x00, 0x02, 0x00, 0x01, 0x00, 0x02, 0x00, 0x01, 0x00, 0x02, 0x00, 0x01, 0x00,
    0x02, 0x00, 0x01, 0x00, 0x02, 0x00, 0x01, 0x00, 0x02, 0x00, 0x01, 0x00, 0x02, 0x00, 0x01, 0x00,
    0x02, 0x00, 0x01, 0x00, 0x02, 0x00, 0x01, 0x00, 0x02, 0x00, 0x01, 0x00, 0x02, 0x00, 0x01, 0x00,
    0x02, 0x00, 0x01, 0x00, 0x02, 0x00, 0x01, 0x00, 0x02, 0x00, 0x01, 0x00, 0x02, 0x00, 0x01, 0x00,
    0x02, 0x00, 0x01, 0x00, 0x02, 0x00, 0x01, 0x00, 0x02, 0x00, 0x01, 0x00, 0x02, 0x00, 0x01, 0x00,
    0x02, 0x00, 0x02, 0x00, 0x02, 0x00, 0x02, 0x00, 0x02, 0x00, 0x02, 0x00, 0x02, 0x00, 0x02, 0x00,
    0x02, 0x00, 0x02, 0x00, 0x02, 0x00, 0x02, 0x00, 0x02, 0x00, 0x02, 0x00, 0x02, 0x00, 0x02, 0x00,
    0x02, 0x00, 0x02, 0x00, 0x02, 0x00, 0x02, 0x00, 0x02, 0x00, 0x02, 0x00, 0x02, 0x00, 0x02, 0x00,
    0x02, 0x00, 0x02, 0x00, 0x02, 0x00, 0x02, 0x00, 0x02, 0x00, 0x02, 0x00, 0x02, 0x00, 0x02, 0x00,
    0x02, 0x00, 0x02, 0x00, 0x02, 0x00, 0x02, 0x00, 0x02, 0x00, 0x02, 0x00, 0x02, 0x00, 0x02, 0x00,
    0x02, 0x00, 0x02, 0x00, 0x02, 0x00, 0x02, 0x00, 0x02, 0x00, 0x02, 0x00, 0x02, 0x00, 0x02, 0x00,
    0x02, 0x00, 0x02, 0x00, 0x02, 0x00, 0x02, 0x00, 0x02, 0x00, 0x02, 0x00, 0x02, 0x00, 0x02, 0x00,
    0x02, 0x00, 0x02, 0x00, 0x02, 0x00, 0x02, 0x00, 0x02, 0x00, 0x02, 0x00, 0x02, 0x00, 0x02, 0x00,
    0x02, 0x00, 0x02, 0x00, 0x02, 0x00, 0x02, 0x00, 0x02, 0x00, 0x02, 0x00, 0x02, 0x00, 0x02, 0x00,
    0x02, 0x00, 0x02, 0x00, 0x02, 0x00, 0x02, 0x00, 0x02, 0x00, 0x02, 0x00, 0x02, 0x00, 0x02, 0x00,
    0x02, 0x00, 0x02, 0x00, 0x02, 0x00, 0x02, 0x00, 0x02, 0x00, 0x02, 0x00, 0x02, 0x00, 0x02, 0x00,
    0x02, 0x00, 0x02, 0x00, 0x02, 0x00, 0x02, 0x00, 0x02, 0x00, 0x02, 0x00, 0x02, 0x00, 0x02, 0x00,
    0x02, 0x00, 0x02, 0x00, 0x02, 0x00, 0x02, 0x00, 0x02, 0x00, 0x02, 0x00, 0x02, 0x00, 0x02, 0x00,
    0x02, 0x00, 0x02, 0x00, 0x02, 0x00, 0x02, 0x00, 0x02, 0x00, 0x02, 0x00, 0x02, 0x00, 0x02, 0x00,
    0x02, 0x00, 0x02, 0x00, 0x02, 0x00, 0x02, 0x00, 0x02, 0x00, 0x02, 0x00, 0x02, 0x00, 0x02, 0x00,
    0x02, 0x00, 0x02, 0x00, 0x02, 0x00, 0x02, 0x00, 0x02, 0x00, 0x02, 0x00, 0x02, 0x00, 0x02, 0x00,
    0x03, 0x00, 0x00, 0x00, 0x03, 0x00, 0x00, 0x00, 0x03, 0x00, 0x00, 0x00, 0x03, 0x00, 0x00, 0x00,
    0x03, 0x00, 0x00, 0x00, 0x03, 0x00, 0x00, 0x00, 0x03, 0x00, 0x00, 0x00, 0x03, 0x00, 0x00, 0x00,
    0x03, 0x00, 0x00, 0x00, 0x03, 0x00, 0x00, 0x00, 0x03, 0x00, 0x00, 0x00, 0x03, 0x00, 0x00, 0x00,
    0x03, 0x00, 0x00, 0x00, 0x03, 0x00, 0x00, 0x00, 0x03, 0x00, 0x00, 0x00, 0x03, 0x00, 0x00, 0x00,
    0x03, 0x00, 0x00, 0x00, 0x03, 0x00, 0x00, 0x00, 0x03, 0x00, 0x00, 0x00, 0x03, 0x00, 0x00, 0x00,
    0x03, 0x00, 0x00, 0x00, 0x03, 0x00, 0x00, 0x00, 0x03, 0x00, 0x00, 0x00, 0x03, 0x00, 0x00, 0x00,
    0x03, 0x00, 0x00, 0x00, 0x03, 0x00, 0x00, 0x00, 0x03, 0x00, 0x00, 0x00, 0x03, 0x00, 0x00, 0x00,
    0x03, 0x00, 0x00, 0x00, 0x03, 0x00, 0x00, 0x00, 0x03, 0x00, 0x00, 0x00, 0x03, 0x00, 0x00, 0x00,
    0x03, 0x00, 0x03, 0x00, 0x03, 0x00, 0x03, 0x00, 0x03, 0x00, 0x03, 0x00, 0x03, 0x00, 0x03, 0x00,
    0x03, 0x00, 0x03, 0x00, 0x03, 0x00, 0x03, 0x00, 0x03, 0x00, 0x03, 0x00, 0x03, 0x00, 0x03, 0x00,
    0x03, 0x00, 0x03, 0x00, 0x03, 0x00, 0x03, 0x00, 0x03, 0x00, 0x03, 0x00, 0x03, 0x00, 0x03, 0x00,
    0x03, 0x00, 0x03, 0x00, 0x03, 0x00, 0x03, 0x00, 0x03, 0x00, 0x03, 0x00, 0x03, 0x00, 0x03, 0x00,
    0x03, 0x00, 0x03, 0x00, 0x03, 0x00, 0x03, 0x00, 0x03, 0x00, 0x03, 0x00, 0x03, 0x00, 0x03, 0x00,
    0x03, 0x00, 0x03, 0x00, 0x03, 0x00, 0x03, 0x00, 0x03, 0x00, 0x03, 0x00, 0x03, 0x00, 0x03, 0x00,
    0x03, 0x00, 0x03, 0x00, 0x03, 0x00, 0x03, 0x00, 0x03, 0x00, 0x03, 0x00, 0x03, 0x00, 0x03, 0x00,
    0x03, 0x00, 0x03, 0x00, 0x03, 0x00, 0x03, 0x00, 0x03, 0x00, 0x03, 0x00, 0x03, 0x00, 0x03, 0x00,
    0x03, 0x00, 0x04, 0x00, 0x03, 0x00, 0x04, 0x00, 0x03, 0x00, 0x04, 0x00, 0x03, 0x00, 0x04, 0x00,
    0x03, 0x00, 0x04, 0x00, 0x03, 0x00, 0x04, 0x00, 0x03, 0x00, 0x04, 0x00, 0x03, 0x00, 0x04, 0x00,
    0x03, 0x00, 0x04, 0x00, 0x03, 0x00, 0x04, 0x00, 0x03, 0x00, 0x04, 0x00, 0x03, 0x00, 0x04, 0x00,
    0x03, 0x00, 0x04, 0x00, 0x03, 0x00, 0x04, 0x00, 0x03, 0x00, 0x04, 0x00, 0x03, 0x00, 0x04, 0x00,
    0x03, 0x00, 0x04, 0x00, 0x03, 0x00, 0x04, 0x00, 0x03, 0x00, 0x04, 0x00, 0x03, 0x00, 0x04, 0x00,
    0x03, 0x00, 0x04, 0x00, 0x03, 0x00, 0x04, 0x00, 0x03, 0x00, 0x04, 0x00, 0x03, 0x00, 0x04, 0x00,
    0x03, 0x00, 0x04, 0x00, 0x03, 0x00, 0x04, 0x00, 0x03, 0x00, 0x04, 0x00, 0x03, 0x00, 0x04, 0x00,
    0x03, 0x00, 0x04, 0x00, 0x03, 0x00, 0x04, 0x00, 0x03, 0x00, 0x04, 0x00, 0x03, 0x00, 0x04, 0x00,
    0x04, 0x00, 0x05, 0x00, 0x04, 0x00, 0x05, 0x00, 0x04, 0x00, 0x05, 0x00, 0x04, 0x00, 0x05, 0x00,
    0x04, 0x00, 0x05, 0x00, 0x04, 0x00, 0x05, 0x00, 0x04, 0x00, 0x05, 0x00, 0x04, 0x00, 0x05, 0x00,
    0x04, 0x00, 0x05, 0x00, 0x04, 0x00, 0x05, 0x00, 0x04, 0x00, 0x05, 0x00, 0x04, 0x00, 0x05, 0x00,
    0x04, 0x00, 0x05, 0x00, 0x04, 0x00, 0x05, 0x00, 0x04, 0x00, 0x05, 0x00, 0x04, 0x00, 0x05, 0x00,
    0x05, 0x00, 0x06, 0x00, 0x05, 0x00, 0x06, 0x00, 0x05, 0x00, 0x06, 0x00, 0x05, 0x00, 0x06, 0x00,
    0x05, 0x00, 0x06, 0x00, 0x05, 0x00, 0x06, 0x00, 0x05, 0x00, 0x06, 0x00, 0x05, 0x00, 0x06, 0x00,
    0x06, 0x00, 0x07, 0x00, 0x06, 0x00, 0x07, 0x00, 0x06, 0x00, 0x07, 0x00, 0x06, 0x00, 0x07, 0x00,
    0x07, 0x00, 0x08, 0x00, 0x07, 0x00, 0x08, 0x00, 0x00, 0x00, 0x00, 0x00, 0x00, 0x00, 0x00, 0x00
};
extern "C" const unsigned char _vlc_dc_c[1024] = {  /* @0x80123c38 MDEC VLC */
    0x02, 0x00, 0x00, 0x00, 0x02, 0x00, 0x00, 0x00, 0x02, 0x00, 0x00, 0x00, 0x02, 0x00, 0x00, 0x00,
    0x02, 0x00, 0x00, 0x00, 0x02, 0x00, 0x00, 0x00, 0x02, 0x00, 0x00, 0x00, 0x02, 0x00, 0x00, 0x00,
    0x02, 0x00, 0x00, 0x00, 0x02, 0x00, 0x00, 0x00, 0x02, 0x00, 0x00, 0x00, 0x02, 0x00, 0x00, 0x00,
    0x02, 0x00, 0x00, 0x00, 0x02, 0x00, 0x00, 0x00, 0x02, 0x00, 0x00, 0x00, 0x02, 0x00, 0x00, 0x00,
    0x02, 0x00, 0x00, 0x00, 0x02, 0x00, 0x00, 0x00, 0x02, 0x00, 0x00, 0x00, 0x02, 0x00, 0x00, 0x00,
    0x02, 0x00, 0x00, 0x00, 0x02, 0x00, 0x00, 0x00, 0x02, 0x00, 0x00, 0x00, 0x02, 0x00, 0x00, 0x00,
    0x02, 0x00, 0x00, 0x00, 0x02, 0x00, 0x00, 0x00, 0x02, 0x00, 0x00, 0x00, 0x02, 0x00, 0x00, 0x00,
    0x02, 0x00, 0x00, 0x00, 0x02, 0x00, 0x00, 0x00, 0x02, 0x00, 0x00, 0x00, 0x02, 0x00, 0x00, 0x00,
    0x02, 0x00, 0x00, 0x00, 0x02, 0x00, 0x00, 0x00, 0x02, 0x00, 0x00, 0x00, 0x02, 0x00, 0x00, 0x00,
    0x02, 0x00, 0x00, 0x00, 0x02, 0x00, 0x00, 0x00, 0x02, 0x00, 0x00, 0x00, 0x02, 0x00, 0x00, 0x00,
    0x02, 0x00, 0x00, 0x00, 0x02, 0x00, 0x00, 0x00, 0x02, 0x00, 0x00, 0x00, 0x02, 0x00, 0x00, 0x00,
    0x02, 0x00, 0x00, 0x00, 0x02, 0x00, 0x00, 0x00, 0x02, 0x00, 0x00, 0x00, 0x02, 0x00, 0x00, 0x00,
    0x02, 0x00, 0x00, 0x00, 0x02, 0x00, 0x00, 0x00, 0x02, 0x00, 0x00, 0x00, 0x02, 0x00, 0x00, 0x00,
    0x02, 0x00, 0x00, 0x00, 0x02, 0x00, 0x00, 0x00, 0x02, 0x00, 0x00, 0x00, 0x02, 0x00, 0x00, 0x00,
    0x02, 0x00, 0x00, 0x00, 0x02, 0x00, 0x00, 0x00, 0x02, 0x00, 0x00, 0x00, 0x02, 0x00, 0x00, 0x00,
    0x02, 0x00, 0x00, 0x00, 0x02, 0x00, 0x00, 0x00, 0x02, 0x00, 0x00, 0x00, 0x02, 0x00, 0x00, 0x00,
    0x02, 0x00, 0x01, 0x00, 0x02, 0x00, 0x01, 0x00, 0x02, 0x00, 0x01, 0x00, 0x02, 0x00, 0x01, 0x00,
    0x02, 0x00, 0x01, 0x00, 0x02, 0x00, 0x01, 0x00, 0x02, 0x00, 0x01, 0x00, 0x02, 0x00, 0x01, 0x00,
    0x02, 0x00, 0x01, 0x00, 0x02, 0x00, 0x01, 0x00, 0x02, 0x00, 0x01, 0x00, 0x02, 0x00, 0x01, 0x00,
    0x02, 0x00, 0x01, 0x00, 0x02, 0x00, 0x01, 0x00, 0x02, 0x00, 0x01, 0x00, 0x02, 0x00, 0x01, 0x00,
    0x02, 0x00, 0x01, 0x00, 0x02, 0x00, 0x01, 0x00, 0x02, 0x00, 0x01, 0x00, 0x02, 0x00, 0x01, 0x00,
    0x02, 0x00, 0x01, 0x00, 0x02, 0x00, 0x01, 0x00, 0x02, 0x00, 0x01, 0x00, 0x02, 0x00, 0x01, 0x00,
    0x02, 0x00, 0x01, 0x00, 0x02, 0x00, 0x01, 0x00, 0x02, 0x00, 0x01, 0x00, 0x02, 0x00, 0x01, 0x00,
    0x02, 0x00, 0x01, 0x00, 0x02, 0x00, 0x01, 0x00, 0x02, 0x00, 0x01, 0x00, 0x02, 0x00, 0x01, 0x00,
    0x02, 0x00, 0x01, 0x00, 0x02, 0x00, 0x01, 0x00, 0x02, 0x00, 0x01, 0x00, 0x02, 0x00, 0x01, 0x00,
    0x02, 0x00, 0x01, 0x00, 0x02, 0x00, 0x01, 0x00, 0x02, 0x00, 0x01, 0x00, 0x02, 0x00, 0x01, 0x00,
    0x02, 0x00, 0x01, 0x00, 0x02, 0x00, 0x01, 0x00, 0x02, 0x00, 0x01, 0x00, 0x02, 0x00, 0x01, 0x00,
    0x02, 0x00, 0x01, 0x00, 0x02, 0x00, 0x01, 0x00, 0x02, 0x00, 0x01, 0x00, 0x02, 0x00, 0x01, 0x00,
    0x02, 0x00, 0x01, 0x00, 0x02, 0x00, 0x01, 0x00, 0x02, 0x00, 0x01, 0x00, 0x02, 0x00, 0x01, 0x00,
    0x02, 0x00, 0x01, 0x00, 0x02, 0x00, 0x01, 0x00, 0x02, 0x00, 0x01, 0x00, 0x02, 0x00, 0x01, 0x00,
    0x02, 0x00, 0x01, 0x00, 0x02, 0x00, 0x01, 0x00, 0x02, 0x00, 0x01, 0x00, 0x02, 0x00, 0x01, 0x00,
    0x02, 0x00, 0x01, 0x00, 0x02, 0x00, 0x01, 0x00, 0x02, 0x00, 0x01, 0x00, 0x02, 0x00, 0x01, 0x00,
    0x02, 0x00, 0x02, 0x00, 0x02, 0x00, 0x02, 0x00, 0x02, 0x00, 0x02, 0x00, 0x02, 0x00, 0x02, 0x00,
    0x02, 0x00, 0x02, 0x00, 0x02, 0x00, 0x02, 0x00, 0x02, 0x00, 0x02, 0x00, 0x02, 0x00, 0x02, 0x00,
    0x02, 0x00, 0x02, 0x00, 0x02, 0x00, 0x02, 0x00, 0x02, 0x00, 0x02, 0x00, 0x02, 0x00, 0x02, 0x00,
    0x02, 0x00, 0x02, 0x00, 0x02, 0x00, 0x02, 0x00, 0x02, 0x00, 0x02, 0x00, 0x02, 0x00, 0x02, 0x00,
    0x02, 0x00, 0x02, 0x00, 0x02, 0x00, 0x02, 0x00, 0x02, 0x00, 0x02, 0x00, 0x02, 0x00, 0x02, 0x00,
    0x02, 0x00, 0x02, 0x00, 0x02, 0x00, 0x02, 0x00, 0x02, 0x00, 0x02, 0x00, 0x02, 0x00, 0x02, 0x00,
    0x02, 0x00, 0x02, 0x00, 0x02, 0x00, 0x02, 0x00, 0x02, 0x00, 0x02, 0x00, 0x02, 0x00, 0x02, 0x00,
    0x02, 0x00, 0x02, 0x00, 0x02, 0x00, 0x02, 0x00, 0x02, 0x00, 0x02, 0x00, 0x02, 0x00, 0x02, 0x00,
    0x02, 0x00, 0x02, 0x00, 0x02, 0x00, 0x02, 0x00, 0x02, 0x00, 0x02, 0x00, 0x02, 0x00, 0x02, 0x00,
    0x02, 0x00, 0x02, 0x00, 0x02, 0x00, 0x02, 0x00, 0x02, 0x00, 0x02, 0x00, 0x02, 0x00, 0x02, 0x00,
    0x02, 0x00, 0x02, 0x00, 0x02, 0x00, 0x02, 0x00, 0x02, 0x00, 0x02, 0x00, 0x02, 0x00, 0x02, 0x00,
    0x02, 0x00, 0x02, 0x00, 0x02, 0x00, 0x02, 0x00, 0x02, 0x00, 0x02, 0x00, 0x02, 0x00, 0x02, 0x00,
    0x02, 0x00, 0x02, 0x00, 0x02, 0x00, 0x02, 0x00, 0x02, 0x00, 0x02, 0x00, 0x02, 0x00, 0x02, 0x00,
    0x02, 0x00, 0x02, 0x00, 0x02, 0x00, 0x02, 0x00, 0x02, 0x00, 0x02, 0x00, 0x02, 0x00, 0x02, 0x00,
    0x02, 0x00, 0x02, 0x00, 0x02, 0x00, 0x02, 0x00, 0x02, 0x00, 0x02, 0x00, 0x02, 0x00, 0x02, 0x00,
    0x02, 0x00, 0x02, 0x00, 0x02, 0x00, 0x02, 0x00, 0x02, 0x00, 0x02, 0x00, 0x02, 0x00, 0x02, 0x00,
    0x03, 0x00, 0x03, 0x00, 0x03, 0x00, 0x03, 0x00, 0x03, 0x00, 0x03, 0x00, 0x03, 0x00, 0x03, 0x00,
    0x03, 0x00, 0x03, 0x00, 0x03, 0x00, 0x03, 0x00, 0x03, 0x00, 0x03, 0x00, 0x03, 0x00, 0x03, 0x00,
    0x03, 0x00, 0x03, 0x00, 0x03, 0x00, 0x03, 0x00, 0x03, 0x00, 0x03, 0x00, 0x03, 0x00, 0x03, 0x00,
    0x03, 0x00, 0x03, 0x00, 0x03, 0x00, 0x03, 0x00, 0x03, 0x00, 0x03, 0x00, 0x03, 0x00, 0x03, 0x00,
    0x03, 0x00, 0x03, 0x00, 0x03, 0x00, 0x03, 0x00, 0x03, 0x00, 0x03, 0x00, 0x03, 0x00, 0x03, 0x00,
    0x03, 0x00, 0x03, 0x00, 0x03, 0x00, 0x03, 0x00, 0x03, 0x00, 0x03, 0x00, 0x03, 0x00, 0x03, 0x00,
    0x03, 0x00, 0x03, 0x00, 0x03, 0x00, 0x03, 0x00, 0x03, 0x00, 0x03, 0x00, 0x03, 0x00, 0x03, 0x00,
    0x03, 0x00, 0x03, 0x00, 0x03, 0x00, 0x03, 0x00, 0x03, 0x00, 0x03, 0x00, 0x03, 0x00, 0x03, 0x00,
    0x04, 0x00, 0x04, 0x00, 0x04, 0x00, 0x04, 0x00, 0x04, 0x00, 0x04, 0x00, 0x04, 0x00, 0x04, 0x00,
    0x04, 0x00, 0x04, 0x00, 0x04, 0x00, 0x04, 0x00, 0x04, 0x00, 0x04, 0x00, 0x04, 0x00, 0x04, 0x00,
    0x04, 0x00, 0x04, 0x00, 0x04, 0x00, 0x04, 0x00, 0x04, 0x00, 0x04, 0x00, 0x04, 0x00, 0x04, 0x00,
    0x04, 0x00, 0x04, 0x00, 0x04, 0x00, 0x04, 0x00, 0x04, 0x00, 0x04, 0x00, 0x04, 0x00, 0x04, 0x00,
    0x05, 0x00, 0x05, 0x00, 0x05, 0x00, 0x05, 0x00, 0x05, 0x00, 0x05, 0x00, 0x05, 0x00, 0x05, 0x00,
    0x05, 0x00, 0x05, 0x00, 0x05, 0x00, 0x05, 0x00, 0x05, 0x00, 0x05, 0x00, 0x05, 0x00, 0x05, 0x00,
    0x06, 0x00, 0x06, 0x00, 0x06, 0x00, 0x06, 0x00, 0x06, 0x00, 0x06, 0x00, 0x06, 0x00, 0x06, 0x00,
    0x07, 0x00, 0x07, 0x00, 0x07, 0x00, 0x07, 0x00, 0x08, 0x00, 0x08, 0x00, 0x00, 0x00, 0x00, 0x00
};
extern "C" const unsigned char _vlc_acesc[2648] = {  /* @0x80134038 MDEC VLC */
    0x00, 0x00, 0x00, 0x00, 0x00, 0x00, 0x00, 0x00, 0x00, 0x00, 0x00, 0x00, 0x00, 0x00, 0x00, 0x00,
    0x00, 0x00, 0x00, 0x00, 0x00, 0x00, 0x00, 0x00, 0x00, 0x00, 0x00, 0x00, 0x00, 0x00, 0x00, 0x00,
    0x00, 0x00, 0x00, 0x00, 0x00, 0x00, 0x00, 0x00, 0x00, 0x00, 0x00, 0x00, 0x00, 0x00, 0x00, 0x00,
    0x00, 0x00, 0x00, 0x00, 0x00, 0x00, 0x00, 0x00, 0x00, 0x00, 0x00, 0x00, 0x00, 0x00, 0x00, 0x00,
    0x00, 0x00, 0x00, 0x00, 0x00, 0x00, 0x00, 0x00, 0x00, 0x00, 0x00, 0x00, 0x00, 0x00, 0x00, 0x00,
    0x00, 0x00, 0x00, 0x00, 0x00, 0x00, 0x00, 0x00, 0x00, 0x00, 0x00, 0x00, 0x00, 0x00, 0x00, 0x00,
    0x00, 0x00, 0x00, 0x00, 0x00, 0x00, 0x00, 0x00, 0x00, 0x00, 0x00, 0x00, 0x00, 0x00, 0x00, 0x00,
    0x00, 0x00, 0x00, 0x00, 0x00, 0x00, 0x00, 0x00, 0x00, 0x00, 0x00, 0x00, 0x00, 0x00, 0x00, 0x00,
    0x09, 0x00, 0x12, 0x04, 0x09, 0x00, 0xee, 0x07, 0x09, 0x00, 0x11, 0x04, 0x09, 0x00, 0xef, 0x07,
    0x09, 0x00, 0x10, 0x04, 0x09, 0x00, 0xf0, 0x07, 0x09, 0x00, 0x0f, 0x04, 0x09, 0x00, 0xf1, 0x07,
    0x09, 0x00, 0x03, 0x18, 0x09, 0x00, 0xfd, 0x1b, 0x09, 0x00, 0x02, 0x40, 0x09, 0x00, 0xfe, 0x43,
    0x09, 0x00, 0x02, 0x3c, 0x09, 0x00, 0xfe, 0x3f, 0x09, 0x00, 0x02, 0x38, 0x09, 0x00, 0xfe, 0x3b,
    0x09, 0x00, 0x02, 0x34, 0x09, 0x00, 0xfe, 0x37, 0x09, 0x00, 0x02, 0x30, 0x09, 0x00, 0xfe, 0x33,
    0x09, 0x00, 0x02, 0x2c, 0x09, 0x00, 0xfe, 0x2f, 0x09, 0x00, 0x01, 0x7c, 0x09, 0x00, 0xff, 0x7f,
    0x09, 0x00, 0x01, 0x78, 0x09, 0x00, 0xff, 0x7b, 0x09, 0x00, 0x01, 0x74, 0x09, 0x00, 0xff, 0x77,
    0x09, 0x00, 0x01, 0x70, 0x09, 0x00, 0xff, 0x73, 0x09, 0x00, 0x01, 0x6c, 0x09, 0x00, 0xff, 0x6f,
    0x08, 0x00, 0x28, 0x00, 0x08, 0x00, 0x28, 0x00, 0x08, 0x00, 0xd8, 0x03, 0x08, 0x00, 0xd8, 0x03,
    0x08, 0x00, 0x27, 0x00, 0x08, 0x00, 0x27, 0x00, 0x08, 0x00, 0xd9, 0x03, 0x08, 0x00, 0xd9, 0x03,
    0x08, 0x00, 0x26, 0x00, 0x08, 0x00, 0x26, 0x00, 0x08, 0x00, 0xda, 0x03, 0x08, 0x00, 0xda, 0x03,
    0x08, 0x00, 0x25, 0x00, 0x08, 0x00, 0x25, 0x00, 0x08, 0x00, 0xdb, 0x03, 0x08, 0x00, 0xdb, 0x03,
    0x08, 0x00, 0x24, 0x00, 0x08, 0x00, 0x24, 0x00, 0x08, 0x00, 0xdc, 0x03, 0x08, 0x00, 0xdc, 0x03,
    0x08, 0x00, 0x23, 0x00, 0x08, 0x00, 0x23, 0x00, 0x08, 0x00, 0xdd, 0x03, 0x08, 0x00, 0xdd, 0x03,
    0x08, 0x00, 0x22, 0x00, 0x08, 0x00, 0x22, 0x00, 0x08, 0x00, 0xde, 0x03, 0x08, 0x00, 0xde, 0x03,
    0x08, 0x00, 0x21, 0x00, 0x08, 0x00, 0x21, 0x00, 0x08, 0x00, 0xdf, 0x03, 0x08, 0x00, 0xdf, 0x03,
    0x08, 0x00, 0x20, 0x00, 0x08, 0x00, 0x20, 0x00, 0x08, 0x00, 0xe0, 0x03, 0x08, 0x00, 0xe0, 0x03,
    0x08, 0x00, 0x0e, 0x04, 0x08, 0x00, 0x0e, 0x04, 0x08, 0x00, 0xf2, 0x07, 0x08, 0x00, 0xf2, 0x07,
    0x08, 0x00, 0x0d, 0x04, 0x08, 0x00, 0x0d, 0x04, 0x08, 0x00, 0xf3, 0x07, 0x08, 0x00, 0xf3, 0x07,
    0x08, 0x00, 0x0c, 0x04, 0x08, 0x00, 0x0c, 0x04, 0x08, 0x00, 0xf4, 0x07, 0x08, 0x00, 0xf4, 0x07,
    0x08, 0x00, 0x0b, 0x04, 0x08, 0x00, 0x0b, 0x04, 0x08, 0x00, 0xf5, 0x07, 0x08, 0x00, 0xf5, 0x07,
    0x08, 0x00, 0x0a, 0x04, 0x08, 0x00, 0x0a, 0x04, 0x08, 0x00, 0xf6, 0x07, 0x08, 0x00, 0xf6, 0x07,
    0x08, 0x00, 0x09, 0x04, 0x08, 0x00, 0x09, 0x04, 0x08, 0x00, 0xf7, 0x07, 0x08, 0x00, 0xf7, 0x07,
    0x08, 0x00, 0x08, 0x04, 0x08, 0x00, 0x08, 0x04, 0x08, 0x00, 0xf8, 0x07, 0x08, 0x00, 0xf8, 0x07,
    0x07, 0x00, 0x1f, 0x00, 0x07, 0x00, 0x1f, 0x00, 0x07, 0x00, 0x1f, 0x00, 0x07, 0x00, 0x1f, 0x00,
    0x07, 0x00, 0xe1, 0x03, 0x07, 0x00, 0xe1, 0x03, 0x07, 0x00, 0xe1, 0x03, 0x07, 0x00, 0xe1, 0x03,
    0x07, 0x00, 0x1e, 0x00, 0x07, 0x00, 0x1e, 0x00, 0x07, 0x00, 0x1e, 0x00, 0x07, 0x00, 0x1e, 0x00,
    0x07, 0x00, 0xe2, 0x03, 0x07, 0x00, 0xe2, 0x03, 0x07, 0x00, 0xe2, 0x03, 0x07, 0x00, 0xe2, 0x03,
    0x07, 0x00, 0x1d, 0x00, 0x07, 0x00, 0x1d, 0x00, 0x07, 0x00, 0x1d, 0x00, 0x07, 0x00, 0x1d, 0x00,
    0x07, 0x00, 0xe3, 0x03, 0x07, 0x00, 0xe3, 0x03, 0x07, 0x00, 0xe3, 0x03, 0x07, 0x00, 0xe3, 0x03,
    0x07, 0x00, 0x1c, 0x00, 0x07, 0x00, 0x1c, 0x00, 0x07, 0x00, 0x1c, 0x00, 0x07, 0x00, 0x1c, 0x00,
    0x07, 0x00, 0xe4, 0x03, 0x07, 0x00, 0xe4, 0x03, 0x07, 0x00, 0xe4, 0x03, 0x07, 0x00, 0xe4, 0x03,
    0x07, 0x00, 0x1b, 0x00, 0x07, 0x00, 0x1b, 0x00, 0x07, 0x00, 0x1b, 0x00, 0x07, 0x00, 0x1b, 0x00,
    0x07, 0x00, 0xe5, 0x03, 0x07, 0x00, 0xe5, 0x03, 0x07, 0x00, 0xe5, 0x03, 0x07, 0x00, 0xe5, 0x03,
    0x07, 0x00, 0x1a, 0x00, 0x07, 0x00, 0x1a, 0x00, 0x07, 0x00, 0x1a, 0x00, 0x07, 0x00, 0x1a, 0x00,
    0x07, 0x00, 0xe6, 0x03, 0x07, 0x00, 0xe6, 0x03, 0x07, 0x00, 0xe6, 0x03, 0x07, 0x00, 0xe6, 0x03,
    0x07, 0x00, 0x19, 0x00, 0x07, 0x00, 0x19, 0x00, 0x07, 0x00, 0x19, 0x00, 0x07, 0x00, 0x19, 0x00,
    0x07, 0x00, 0xe7, 0x03, 0x07, 0x00, 0xe7, 0x03, 0x07, 0x00, 0xe7, 0x03, 0x07, 0x00, 0xe7, 0x03,
    0x07, 0x00, 0x18, 0x00, 0x07, 0x00, 0x18, 0x00, 0x07, 0x00, 0x18, 0x00, 0x07, 0x00, 0x18, 0x00,
    0x07, 0x00, 0xe8, 0x03, 0x07, 0x00, 0xe8, 0x03, 0x07, 0x00, 0xe8, 0x03, 0x07, 0x00, 0xe8, 0x03,
    0x07, 0x00, 0x17, 0x00, 0x07, 0x00, 0x17, 0x00, 0x07, 0x00, 0x17, 0x00, 0x07, 0x00, 0x17, 0x00,
    0x07, 0x00, 0xe9, 0x03, 0x07, 0x00, 0xe9, 0x03, 0x07, 0x00, 0xe9, 0x03, 0x07, 0x00, 0xe9, 0x03,
    0x07, 0x00, 0x16, 0x00, 0x07, 0x00, 0x16, 0x00, 0x07, 0x00, 0x16, 0x00, 0x07, 0x00, 0x16, 0x00,
    0x07, 0x00, 0xea, 0x03, 0x07, 0x00, 0xea, 0x03, 0x07, 0x00, 0xea, 0x03, 0x07, 0x00, 0xea, 0x03,
    0x07, 0x00, 0x15, 0x00, 0x07, 0x00, 0x15, 0x00, 0x07, 0x00, 0x15, 0x00, 0x07, 0x00, 0x15, 0x00,
    0x07, 0x00, 0xeb, 0x03, 0x07, 0x00, 0xeb, 0x03, 0x07, 0x00, 0xeb, 0x03, 0x07, 0x00, 0xeb, 0x03,
    0x07, 0x00, 0x14, 0x00, 0x07, 0x00, 0x14, 0x00, 0x07, 0x00, 0x14, 0x00, 0x07, 0x00, 0x14, 0x00,
    0x07, 0x00, 0xec, 0x03, 0x07, 0x00, 0xec, 0x03, 0x07, 0x00, 0xec, 0x03, 0x07, 0x00, 0xec, 0x03,
    0x07, 0x00, 0x13, 0x00, 0x07, 0x00, 0x13, 0x00, 0x07, 0x00, 0x13, 0x00, 0x07, 0x00, 0x13, 0x00,
    0x07, 0x00, 0xed, 0x03, 0x07, 0x00, 0xed, 0x03, 0x07, 0x00, 0xed, 0x03, 0x07, 0x00, 0xed, 0x03,
    0x07, 0x00, 0x12, 0x00, 0x07, 0x00, 0x12, 0x00, 0x07, 0x00, 0x12, 0x00, 0x07, 0x00, 0x12, 0x00,
    0x07, 0x00, 0xee, 0x03, 0x07, 0x00, 0xee, 0x03, 0x07, 0x00, 0xee, 0x03, 0x07, 0x00, 0xee, 0x03,
    0x07, 0x00, 0x11, 0x00, 0x07, 0x00, 0x11, 0x00, 0x07, 0x00, 0x11, 0x00, 0x07, 0x00, 0x11, 0x00,
    0x07, 0x00, 0xef, 0x03, 0x07, 0x00, 0xef, 0x03, 0x07, 0x00, 0xef, 0x03, 0x07, 0x00, 0xef, 0x03,
    0x07, 0x00, 0x10, 0x00, 0x07, 0x00, 0x10, 0x00, 0x07, 0x00, 0x10, 0x00, 0x07, 0x00, 0x10, 0x00,
    0x07, 0x00, 0xf0, 0x03, 0x07, 0x00, 0xf0, 0x03, 0x07, 0x00, 0xf0, 0x03, 0x07, 0x00, 0xf0, 0x03,
    0x06, 0x00, 0x02, 0x28, 0x06, 0x00, 0x02, 0x28, 0x06, 0x00, 0x02, 0x28, 0x06, 0x00, 0x02, 0x28,
    0x06, 0x00, 0x02, 0x28, 0x06, 0x00, 0x02, 0x28, 0x06, 0x00, 0x02, 0x28, 0x06, 0x00, 0x02, 0x28,
    0x06, 0x00, 0xfe, 0x2b, 0x06, 0x00, 0xfe, 0x2b, 0x06, 0x00, 0xfe, 0x2b, 0x06, 0x00, 0xfe, 0x2b,
    0x06, 0x00, 0xfe, 0x2b, 0x06, 0x00, 0xfe, 0x2b, 0x06, 0x00, 0xfe, 0x2b, 0x06, 0x00, 0xfe, 0x2b,
    0x06, 0x00, 0x02, 0x24, 0x06, 0x00, 0x02, 0x24, 0x06, 0x00, 0x02, 0x24, 0x06, 0x00, 0x02, 0x24,
    0x06, 0x00, 0x02, 0x24, 0x06, 0x00, 0x02, 0x24, 0x06, 0x00, 0x02, 0x24, 0x06, 0x00, 0x02, 0x24,
    0x06, 0x00, 0xfe, 0x27, 0x06, 0x00, 0xfe, 0x27, 0x06, 0x00, 0xfe, 0x27, 0x06, 0x00, 0xfe, 0x27,
    0x06, 0x00, 0xfe, 0x27, 0x06, 0x00, 0xfe, 0x27, 0x06, 0x00, 0xfe, 0x27, 0x06, 0x00, 0xfe, 0x27,
    0x06, 0x00, 0x03, 0x14, 0x06, 0x00, 0x03, 0x14, 0x06, 0x00, 0x03, 0x14, 0x06, 0x00, 0x03, 0x14,
    0x06, 0x00, 0x03, 0x14, 0x06, 0x00, 0x03, 0x14, 0x06, 0x00, 0x03, 0x14, 0x06, 0x00, 0x03, 0x14,
    0x06, 0x00, 0xfd, 0x17, 0x06, 0x00, 0xfd, 0x17, 0x06, 0x00, 0xfd, 0x17, 0x06, 0x00, 0xfd, 0x17,
    0x06, 0x00, 0xfd, 0x17, 0x06, 0x00, 0xfd, 0x17, 0x06, 0x00, 0xfd, 0x17, 0x06, 0x00, 0xfd, 0x17,
    0x06, 0x00, 0x04, 0x0c, 0x06, 0x00, 0x04, 0x0c, 0x06, 0x00, 0x04, 0x0c, 0x06, 0x00, 0x04, 0x0c,
    0x06, 0x00, 0x04, 0x0c, 0x06, 0x00, 0x04, 0x0c, 0x06, 0x00, 0x04, 0x0c, 0x06, 0x00, 0x04, 0x0c,
    0x06, 0x00, 0xfc, 0x0f, 0x06, 0x00, 0xfc, 0x0f, 0x06, 0x00, 0xfc, 0x0f, 0x06, 0x00, 0xfc, 0x0f,
    0x06, 0x00, 0xfc, 0x0f, 0x06, 0x00, 0xfc, 0x0f, 0x06, 0x00, 0xfc, 0x0f, 0x06, 0x00, 0xfc, 0x0f,
    0x06, 0x00, 0x05, 0x08, 0x06, 0x00, 0x05, 0x08, 0x06, 0x00, 0x05, 0x08, 0x06, 0x00, 0x05, 0x08,
    0x06, 0x00, 0x05, 0x08, 0x06, 0x00, 0x05, 0x08, 0x06, 0x00, 0x05, 0x08, 0x06, 0x00, 0x05, 0x08,
    0x06, 0x00, 0xfb, 0x0b, 0x06, 0x00, 0xfb, 0x0b, 0x06, 0x00, 0xfb, 0x0b, 0x06, 0x00, 0xfb, 0x0b,
    0x06, 0x00, 0xfb, 0x0b, 0x06, 0x00, 0xfb, 0x0b, 0x06, 0x00, 0xfb, 0x0b, 0x06, 0x00, 0xfb, 0x0b,
    0x06, 0x00, 0x07, 0x04, 0x06, 0x00, 0x07, 0x04, 0x06, 0x00, 0x07, 0x04, 0x06, 0x00, 0x07, 0x04,
    0x06, 0x00, 0x07, 0x04, 0x06, 0x00, 0x07, 0x04, 0x06, 0x00, 0x07, 0x04, 0x06, 0x00, 0x07, 0x04,
    0x06, 0x00, 0xf9, 0x07, 0x06, 0x00, 0xf9, 0x07, 0x06, 0x00, 0xf9, 0x07, 0x06, 0x00, 0xf9, 0x07,
    0x06, 0x00, 0xf9, 0x07, 0x06, 0x00, 0xf9, 0x07, 0x06, 0x00, 0xf9, 0x07, 0x06, 0x00, 0xf9, 0x07,
    0x06, 0x00, 0x06, 0x04, 0x06, 0x00, 0x06, 0x04, 0x06, 0x00, 0x06, 0x04, 0x06, 0x00, 0x06, 0x04,
    0x06, 0x00, 0x06, 0x04, 0x06, 0x00, 0x06, 0x04, 0x06, 0x00, 0x06, 0x04, 0x06, 0x00, 0x06, 0x04,
    0x06, 0x00, 0xfa, 0x07, 0x06, 0x00, 0xfa, 0x07, 0x06, 0x00, 0xfa, 0x07, 0x06, 0x00, 0xfa, 0x07,
    0x06, 0x00, 0xfa, 0x07, 0x06, 0x00, 0xfa, 0x07, 0x06, 0x00, 0xfa, 0x07, 0x06, 0x00, 0xfa, 0x07,
    0x06, 0x00, 0x0f, 0x00, 0x06, 0x00, 0x0f, 0x00, 0x06, 0x00, 0x0f, 0x00, 0x06, 0x00, 0x0f, 0x00,
    0x06, 0x00, 0x0f, 0x00, 0x06, 0x00, 0x0f, 0x00, 0x06, 0x00, 0x0f, 0x00, 0x06, 0x00, 0x0f, 0x00,
    0x06, 0x00, 0xf1, 0x03, 0x06, 0x00, 0xf1, 0x03, 0x06, 0x00, 0xf1, 0x03, 0x06, 0x00, 0xf1, 0x03,
    0x06, 0x00, 0xf1, 0x03, 0x06, 0x00, 0xf1, 0x03, 0x06, 0x00, 0xf1, 0x03, 0x06, 0x00, 0xf1, 0x03,
    0x06, 0x00, 0x0e, 0x00, 0x06, 0x00, 0x0e, 0x00, 0x06, 0x00, 0x0e, 0x00, 0x06, 0x00, 0x0e, 0x00,
    0x06, 0x00, 0x0e, 0x00, 0x06, 0x00, 0x0e, 0x00, 0x06, 0x00, 0x0e, 0x00, 0x06, 0x00, 0x0e, 0x00,
    0x06, 0x00, 0xf2, 0x03, 0x06, 0x00, 0xf2, 0x03, 0x06, 0x00, 0xf2, 0x03, 0x06, 0x00, 0xf2, 0x03,
    0x06, 0x00, 0xf2, 0x03, 0x06, 0x00, 0xf2, 0x03, 0x06, 0x00, 0xf2, 0x03, 0x06, 0x00, 0xf2, 0x03,
    0x06, 0x00, 0x0d, 0x00, 0x06, 0x00, 0x0d, 0x00, 0x06, 0x00, 0x0d, 0x00, 0x06, 0x00, 0x0d, 0x00,
    0x06, 0x00, 0x0d, 0x00, 0x06, 0x00, 0x0d, 0x00, 0x06, 0x00, 0x0d, 0x00, 0x06, 0x00, 0x0d, 0x00,
    0x06, 0x00, 0xf3, 0x03, 0x06, 0x00, 0xf3, 0x03, 0x06, 0x00, 0xf3, 0x03, 0x06, 0x00, 0xf3, 0x03,
    0x06, 0x00, 0xf3, 0x03, 0x06, 0x00, 0xf3, 0x03, 0x06, 0x00, 0xf3, 0x03, 0x06, 0x00, 0xf3, 0x03,
    0x06, 0x00, 0x0c, 0x00, 0x06, 0x00, 0x0c, 0x00, 0x06, 0x00, 0x0c, 0x00, 0x06, 0x00, 0x0c, 0x00,
    0x06, 0x00, 0x0c, 0x00, 0x06, 0x00, 0x0c, 0x00, 0x06, 0x00, 0x0c, 0x00, 0x06, 0x00, 0x0c, 0x00,
    0x06, 0x00, 0xf4, 0x03, 0x06, 0x00, 0xf4, 0x03, 0x06, 0x00, 0xf4, 0x03, 0x06, 0x00, 0xf4, 0x03,
    0x06, 0x00, 0xf4, 0x03, 0x06, 0x00, 0xf4, 0x03, 0x06, 0x00, 0xf4, 0x03, 0x06, 0x00, 0xf4, 0x03,
    0x06, 0x00, 0x01, 0x68, 0x06, 0x00, 0x01, 0x68, 0x06, 0x00, 0x01, 0x68, 0x06, 0x00, 0x01, 0x68,
    0x06, 0x00, 0x01, 0x68, 0x06, 0x00, 0x01, 0x68, 0x06, 0x00, 0x01, 0x68, 0x06, 0x00, 0x01, 0x68,
    0x06, 0x00, 0xff, 0x6b, 0x06, 0x00, 0xff, 0x6b, 0x06, 0x00, 0xff, 0x6b, 0x06, 0x00, 0xff, 0x6b,
    0x06, 0x00, 0xff, 0x6b, 0x06, 0x00, 0xff, 0x6b, 0x06, 0x00, 0xff, 0x6b, 0x06, 0x00, 0xff, 0x6b,
    0x06, 0x00, 0x01, 0x64, 0x06, 0x00, 0x01, 0x64, 0x06, 0x00, 0x01, 0x64, 0x06, 0x00, 0x01, 0x64,
    0x06, 0x00, 0x01, 0x64, 0x06, 0x00, 0x01, 0x64, 0x06, 0x00, 0x01, 0x64, 0x06, 0x00, 0x01, 0x64,
    0x06, 0x00, 0xff, 0x67, 0x06, 0x00, 0xff, 0x67, 0x06, 0x00, 0xff, 0x67, 0x06, 0x00, 0xff, 0x67,
    0x06, 0x00, 0xff, 0x67, 0x06, 0x00, 0xff, 0x67, 0x06, 0x00, 0xff, 0x67, 0x06, 0x00, 0xff, 0x67,
    0x06, 0x00, 0x01, 0x60, 0x06, 0x00, 0x01, 0x60, 0x06, 0x00, 0x01, 0x60, 0x06, 0x00, 0x01, 0x60,
    0x06, 0x00, 0x01, 0x60, 0x06, 0x00, 0x01, 0x60, 0x06, 0x00, 0x01, 0x60, 0x06, 0x00, 0x01, 0x60,
    0x06, 0x00, 0xff, 0x63, 0x06, 0x00, 0xff, 0x63, 0x06, 0x00, 0xff, 0x63, 0x06, 0x00, 0xff, 0x63,
    0x06, 0x00, 0xff, 0x63, 0x06, 0x00, 0xff, 0x63, 0x06, 0x00, 0xff, 0x63, 0x06, 0x00, 0xff, 0x63,
    0x06, 0x00, 0x01, 0x5c, 0x06, 0x00, 0x01, 0x5c, 0x06, 0x00, 0x01, 0x5c, 0x06, 0x00, 0x01, 0x5c,
    0x06, 0x00, 0x01, 0x5c, 0x06, 0x00, 0x01, 0x5c, 0x06, 0x00, 0x01, 0x5c, 0x06, 0x00, 0x01, 0x5c,
    0x06, 0x00, 0xff, 0x5f, 0x06, 0x00, 0xff, 0x5f, 0x06, 0x00, 0xff, 0x5f, 0x06, 0x00, 0xff, 0x5f,
    0x06, 0x00, 0xff, 0x5f, 0x06, 0x00, 0xff, 0x5f, 0x06, 0x00, 0xff, 0x5f, 0x06, 0x00, 0xff, 0x5f,
    0x06, 0x00, 0x01, 0x58, 0x06, 0x00, 0x01, 0x58, 0x06, 0x00, 0x01, 0x58, 0x06, 0x00, 0x01, 0x58,
    0x06, 0x00, 0x01, 0x58, 0x06, 0x00, 0x01, 0x58, 0x06, 0x00, 0x01, 0x58, 0x06, 0x00, 0x01, 0x58,
    0x06, 0x00, 0xff, 0x5b, 0x06, 0x00, 0xff, 0x5b, 0x06, 0x00, 0xff, 0x5b, 0x06, 0x00, 0xff, 0x5b,
    0x06, 0x00, 0xff, 0x5b, 0x06, 0x00, 0xff, 0x5b, 0x06, 0x00, 0xff, 0x5b, 0x06, 0x00, 0xff, 0x5b,
    0x00, 0x00, 0x00, 0x00, 0x00, 0x00, 0x00, 0x00, 0x00, 0x00, 0x00, 0x00, 0x00, 0x00, 0x00, 0x00,
    0x00, 0x00, 0x00, 0x00, 0x00, 0x00, 0x00, 0x00, 0x00, 0x00, 0x00, 0x00, 0x00, 0x00, 0x00, 0x00,
    0x00, 0x00, 0x00, 0x00, 0x00, 0x10, 0xe0, 0x0f, 0xc1, 0x0f, 0xa3, 0x0f, 0x85, 0x0f, 0x68, 0x0f,
    0x4c, 0x0f, 0x30, 0x0f, 0x15, 0x0f, 0xfb, 0x0e, 0xe1, 0x0e, 0xc7, 0x0e, 0xae, 0x0e, 0x96, 0x0e,
    0x7e, 0x0e, 0x66, 0x0e, 0x4f, 0x0e, 0x38, 0x0e, 0x22, 0x0e, 0x0c, 0x0e, 0xf7, 0x0d, 0xe2, 0x0d,
    0xcd, 0x0d, 0xb9, 0x0d, 0xa5, 0x0d, 0x91, 0x0d, 0x7e, 0x0d, 0x6b, 0x0d, 0x58, 0x0d, 0x45, 0x0d,
    0x33, 0x0d, 0x21, 0x0d, 0x10, 0x0d, 0xff, 0x0c, 0xee, 0x0c, 0xdd, 0x0c, 0xcc, 0x0c, 0xbc, 0x0c,
    0xac, 0x0c, 0x9c, 0x0c, 0x8d, 0x0c, 0x7d, 0x0c, 0x6e, 0x0c, 0x5f, 0x0c, 0x51, 0x0c, 0x42, 0x0c,
    0x34, 0x0c, 0x26, 0x0c, 0x18, 0x0c, 0x0a, 0x0c, 0xfd, 0x0b, 0xef, 0x0b, 0xe2, 0x0b, 0xd5, 0x0b,
    0xc8, 0x0b, 0xbb, 0x0b, 0xaf, 0x0b, 0xa2, 0x0b, 0x96, 0x0b, 0x8a, 0x0b, 0x7e, 0x0b, 0x72, 0x0b,
    0x67, 0x0b, 0x5b, 0x0b, 0x50, 0x0b, 0x45, 0x0b, 0x39, 0x0b, 0x2e, 0x0b, 0x24, 0x0b, 0x19, 0x0b,
    0x0e, 0x0b, 0x04, 0x0b, 0xf9, 0x0a, 0xef, 0x0a, 0xe5, 0x0a, 0xdb, 0x0a, 0xd1, 0x0a, 0xc7, 0x0a,
    0xbd, 0x0a, 0xb4, 0x0a, 0xaa, 0x0a, 0xa1, 0x0a, 0x97, 0x0a, 0x8e, 0x0a, 0x85, 0x0a, 0x7c, 0x0a,
    0x73, 0x0a, 0x6a, 0x0a, 0x61, 0x0a, 0x59, 0x0a, 0x50, 0x0a, 0x47, 0x0a, 0x3f, 0x0a, 0x37, 0x0a,
    0x2e, 0x0a, 0x26, 0x0a, 0x1e, 0x0a, 0x16, 0x0a, 0x0e, 0x0a, 0x06, 0x0a, 0xfe, 0x09, 0xf6, 0x09,
    0xef, 0x09, 0xe7, 0x09, 0xe0, 0x09, 0xd8, 0x09, 0xd1, 0x09, 0xc9, 0x09, 0xc2, 0x09, 0xbb, 0x09,
    0xb4, 0x09, 0xad, 0x09, 0xa5, 0x09, 0x9e, 0x09, 0x98, 0x09, 0x91, 0x09, 0x8a, 0x09, 0x83, 0x09,
    0x7c, 0x09, 0x76, 0x09, 0x6f, 0x09, 0x69, 0x09, 0x62, 0x09, 0x5c, 0x09, 0x55, 0x09, 0x4f, 0x09,
    0x49, 0x09, 0x43, 0x09, 0x3c, 0x09, 0x36, 0x09, 0x30, 0x09, 0x2a, 0x09, 0x24, 0x09, 0x1e, 0x09,
    0x18, 0x09, 0x12, 0x09, 0x0d, 0x09, 0x07, 0x09, 0x01, 0x09, 0xfb, 0x08, 0xf6, 0x08, 0xf0, 0x08,
    0xeb, 0x08, 0xe5, 0x08, 0xe0, 0x08, 0xda, 0x08, 0xd5, 0x08, 0xcf, 0x08, 0xca, 0x08, 0xc5, 0x08,
    0xbf, 0x08, 0xba, 0x08, 0xb5, 0x08, 0xb0, 0x08, 0xab, 0x08, 0xa6, 0x08, 0xa1, 0x08, 0x9c, 0x08,
    0x97, 0x08, 0x92, 0x08, 0x8d, 0x08, 0x88, 0x08, 0x83, 0x08, 0x7e, 0x08, 0x7a, 0x08, 0x75, 0x08,
    0x70, 0x08, 0x6b, 0x08, 0x67, 0x08, 0x62, 0x08, 0x5e, 0x08, 0x59, 0x08, 0x55, 0x08, 0x50, 0x08,
    0x4c, 0x08, 0x47, 0x08, 0x43, 0x08, 0x3e, 0x08, 0x3a, 0x08, 0x36, 0x08, 0x31, 0x08, 0x2d, 0x08,
    0x29, 0x08, 0x24, 0x08, 0x20, 0x08, 0x1c, 0x08, 0x18, 0x08, 0x14, 0x08, 0x10, 0x08, 0x0c, 0x08,
    0x08, 0x08, 0x04, 0x08, 0x00, 0x00, 0x00, 0x00, 0x00, 0x00, 0x00, 0x00, 0x00, 0x00, 0x00, 0x00,
    0x00, 0x00, 0x00, 0x00, 0x00, 0x00, 0x00, 0x00, 0x00, 0x00, 0x00, 0x00, 0x00, 0x00, 0x00, 0x00,
    0x00, 0x00, 0x00, 0x00, 0x00, 0x00, 0x00, 0x00, 0x00, 0x00, 0x00, 0x00, 0x00, 0x00, 0x00, 0x00,
    0x00, 0x00, 0x00, 0x00, 0x00, 0x00, 0x00, 0x00, 0x00, 0x00, 0x00, 0x00, 0x00, 0x00, 0x00, 0x00,
    0x00, 0x00, 0x00, 0x00, 0x00, 0x00, 0x00, 0x00, 0x00, 0x00, 0x00, 0x00, 0x00, 0x00, 0x00, 0x00,
    0x00, 0x00, 0x00, 0x00, 0x00, 0x00, 0x00, 0x00, 0x00, 0x00, 0x00, 0x00, 0x00, 0x00, 0x00, 0x00,
    0x00, 0x00, 0x00, 0x00, 0x00, 0x00, 0x00, 0x00, 0x00, 0x00, 0x00, 0x00, 0x00, 0x00, 0x00, 0x00,
    0x00, 0x00, 0x00, 0x00, 0x00, 0x00, 0x00, 0x00, 0x00, 0x00, 0x00, 0x00, 0x00, 0x00, 0x00, 0x00,
    0x00, 0x00, 0x00, 0x00, 0x00, 0x00, 0x00, 0x00, 0x00, 0x00, 0x00, 0x00, 0x00, 0x00, 0x00, 0x00,
    0x00, 0x00, 0x00, 0x00, 0x00, 0x00, 0x00, 0x00, 0x00, 0x00, 0x00, 0x00, 0x00, 0x00, 0x00, 0x00,
    0x00, 0x00, 0x00, 0x00, 0x00, 0x00, 0x00, 0x00, 0x50, 0x73, 0x06, 0x25, 0x9b, 0x52, 0x43, 0x00,
    0x14, 0x18, 0x80, 0x1f, 0x10, 0x11, 0x80, 0x1f
};
extern "C" const unsigned char pfuncCdReadyCallback[20] = {  /* @0x80136c98  */
    0x00, 0x00, 0x00, 0x00, 0x00, 0x18, 0x80, 0x1f, 0x01, 0x18, 0x80, 0x1f, 0x02, 0x18, 0x80, 0x1f,
    0x03, 0x18, 0x80, 0x1f
};
extern "C" const unsigned char sndcdvs[36] = {  /* @0x80136cac snd cd-vol */
    0x40, 0x00, 0x7f, 0x00, 0x50, 0x73, 0x18, 0x25, 0x9b, 0x53, 0x43, 0x00, 0x00, 0x00, 0x00, 0x00,
    0x00, 0x00, 0x00, 0x00, 0x00, 0x00, 0x00, 0x00, 0x00, 0x00, 0x00, 0x00, 0x00, 0x00, 0x00, 0x00,
    0x00, 0x00, 0x00, 0x00
};
extern "C" const unsigned char _ramsize[20] = {  /* @0x80136cd4  */
    0x00, 0x00, 0x80, 0x00, 0x40, 0x10, 0x80, 0x1f, 0x00, 0x00, 0x00, 0x00, 0x00, 0x00, 0x00, 0x00,
    0x00, 0x00, 0x00, 0x00
};
extern "C" const unsigned char atantbl[264] = {  /* @0x80136ce8 arctan */
    0x00, 0x01, 0x01, 0x02, 0x03, 0x03, 0x04, 0x04, 0x05, 0x06, 0x06, 0x07, 0x08, 0x08, 0x09, 0x0a,
    0x0a, 0x0b, 0x0b, 0x0c, 0x0d, 0x0d, 0x0e, 0x0f, 0x0f, 0x10, 0x10, 0x11, 0x12, 0x12, 0x13, 0x14,
    0x14, 0x15, 0x16, 0x16, 0x17, 0x17, 0x18, 0x19, 0x19, 0x1a, 0x1b, 0x1b, 0x1c, 0x1c, 0x1d, 0x1e,
    0x1e, 0x1f, 0x1f, 0x20, 0x21, 0x21, 0x22, 0x22, 0x23, 0x24, 0x24, 0x25, 0x26, 0x26, 0x27, 0x27,
    0x28, 0x29, 0x29, 0x2a, 0x2a, 0x2b, 0x2c, 0x2c, 0x2d, 0x2d, 0x2e, 0x2e, 0x2f, 0x30, 0x30, 0x31,
    0x31, 0x32, 0x33, 0x33, 0x34, 0x34, 0x35, 0x35, 0x36, 0x37, 0x37, 0x38, 0x38, 0x39, 0x39, 0x3a,
    0x3a, 0x3b, 0x3c, 0x3c, 0x3d, 0x3d, 0x3e, 0x3e, 0x3f, 0x3f, 0x40, 0x41, 0x41, 0x42, 0x42, 0x43,
    0x43, 0x44, 0x44, 0x45, 0x45, 0x46, 0x46, 0x47, 0x47, 0x48, 0x48, 0x49, 0x4a, 0x4a, 0x4b, 0x4b,
    0x4c, 0x4c, 0x4d, 0x4d, 0x4e, 0x4e, 0x4f, 0x4f, 0x50, 0x50, 0x51, 0x51, 0x52, 0x52, 0x53, 0x53,
    0x54, 0x54, 0x54, 0x55, 0x55, 0x56, 0x56, 0x57, 0x57, 0x58, 0x58, 0x59, 0x59, 0x5a, 0x5a, 0x5b,
    0x5b, 0x5b, 0x5c, 0x5c, 0x5d, 0x5d, 0x5e, 0x5e, 0x5f, 0x5f, 0x60, 0x60, 0x60, 0x61, 0x61, 0x62,
    0x62, 0x63, 0x63, 0x63, 0x64, 0x64, 0x65, 0x65, 0x66, 0x66, 0x66, 0x67, 0x67, 0x68, 0x68, 0x68,
    0x69, 0x69, 0x6a, 0x6a, 0x6a, 0x6b, 0x6b, 0x6c, 0x6c, 0x6c, 0x6d, 0x6d, 0x6e, 0x6e, 0x6e, 0x6f,
    0x6f, 0x70, 0x70, 0x70, 0x71, 0x71, 0x71, 0x72, 0x72, 0x73, 0x73, 0x73, 0x74, 0x74, 0x74, 0x75,
    0x75, 0x76, 0x76, 0x76, 0x77, 0x77, 0x77, 0x78, 0x78, 0x78, 0x79, 0x79, 0x79, 0x7a, 0x7a, 0x7a,
    0x7b, 0x7b, 0x7b, 0x7c, 0x7c, 0x7c, 0x7d, 0x7d, 0x7d, 0x7e, 0x7e, 0x7e, 0x7f, 0x7f, 0x7f, 0x80,
    0x80, 0x00, 0x00, 0x00, 0x00, 0x00, 0x00, 0x00
};
extern "C" const unsigned char sndpdsafeloop[16] = {  /* @0x80136df0 snd loop */
    0x00, 0x07, 0x00, 0x00, 0x00, 0x00, 0x00, 0x00, 0x00, 0x00, 0x00, 0x00, 0x00, 0x00, 0x00, 0x00
};
extern "C" const unsigned char sndpe[660] = {  /* @0x80136e00 snd pitch-env */
    0x02, 0x00, 0x00, 0x00, 0x00, 0x00, 0x00, 0x00, 0x00, 0x00, 0x00, 0x00, 0x00, 0x00, 0x00, 0x00,
    0x00, 0x00, 0x00, 0x00, 0x00, 0x00, 0x00, 0x00, 0x00, 0x00, 0x00, 0x00, 0x00, 0x00, 0x00, 0x00,
    0x00, 0x00, 0x00, 0x00, 0x00, 0x00, 0x00, 0x00, 0x00, 0x00, 0x00, 0x00, 0x00, 0x00, 0x00, 0x00,
    0x00, 0x00, 0x00, 0x00, 0x00, 0x00, 0x00, 0x00, 0x00, 0x00, 0x00, 0x00, 0x00, 0x00, 0x00, 0x00,
    0x00, 0x00, 0xd8, 0x04, 0x7d, 0x00, 0x5b, 0x00, 0x80, 0x6d, 0xb8, 0x54, 0xd0, 0xbe, 0x00, 0x00,
    0x00, 0x00, 0x80, 0xba, 0x00, 0x58, 0x00, 0x53, 0xd6, 0x04, 0x33, 0x03, 0xf0, 0x03, 0x27, 0x02,
    0x74, 0x03, 0xef, 0x01, 0x34, 0x03, 0xb5, 0x01, 0x00, 0x00, 0x00, 0x00, 0x00, 0x00, 0x00, 0x00,
    0x00, 0x00, 0x00, 0x00, 0x00, 0x00, 0x00, 0x00, 0xb4, 0x01, 0x36, 0x01, 0xb8, 0x00, 0x5c, 0x00,
    0x00, 0x80, 0x00, 0x80, 0xe8, 0x03, 0x33, 0x00, 0x25, 0x00, 0xf0, 0x70, 0xa8, 0x4f, 0xe0, 0xbc,
    0x10, 0x44, 0xf0, 0xc0, 0x00, 0x9c, 0x80, 0x52, 0xc0, 0x4e, 0xe4, 0x03, 0x1b, 0x03, 0xa4, 0x03,
    0xaf, 0x02, 0x72, 0x03, 0x66, 0x02, 0x1c, 0x03, 0x5d, 0x02, 0x5c, 0x02, 0x8e, 0x01, 0x2f, 0x02,
    0x35, 0x01, 0xd2, 0x01, 0xb7, 0x00, 0x8f, 0x01, 0xb5, 0x00, 0xb4, 0x00, 0x80, 0x00, 0x4c, 0x00,
    0x26, 0x00, 0x00, 0x80, 0x00, 0x80, 0x08, 0x09, 0xb1, 0x00, 0x7f, 0x00, 0xf0, 0x70, 0xa8, 0x4f,
    0xe0, 0xbc, 0x10, 0x45, 0xf0, 0xbe, 0xc0, 0xb4, 0x80, 0x52, 0xc0, 0x4e, 0x04, 0x09, 0x6b, 0x07,
    0x24, 0x08, 0x5f, 0x06, 0xa2, 0x07, 0x16, 0x06, 0x6c, 0x07, 0xed, 0x05, 0xec, 0x05, 0x2e, 0x04,
    0x0f, 0x05, 0x05, 0x03, 0x62, 0x04, 0xb7, 0x02, 0x2f, 0x04, 0x65, 0x02, 0x64, 0x02, 0xb2, 0x01,
    0x00, 0x01, 0x80, 0x00, 0x00, 0x80, 0x00, 0x80, 0xfc, 0x0d, 0xe3, 0x00, 0xa9, 0x00, 0x60, 0x6f,
    0xa8, 0x4f, 0xe0, 0xbc, 0x10, 0x45, 0xf0, 0xbe, 0x80, 0xa6, 0x80, 0x56, 0xc0, 0x52, 0xfb, 0x0d,
    0x58, 0x0b, 0x09, 0x0d, 0x3c, 0x0a, 0xd9, 0x0b, 0x73, 0x09, 0x59, 0x0b, 0xda, 0x08, 0xd9, 0x08,
    0xe9, 0x05, 0xec, 0x07, 0xb0, 0x04, 0xef, 0x06, 0xd2, 0x03, 0xea, 0x05, 0x1d, 0x03, 0x1c, 0x03,
    0x38, 0x02, 0x54, 0x01, 0xaa, 0x00, 0x00, 0x80, 0x00, 0x80, 0xbc, 0x15, 0xa5, 0x01, 0x39, 0x01,
    0x00, 0x60, 0x00, 0x50, 0x00, 0x4c, 0x00, 0xb8, 0x00, 0xbc, 0x00, 0xc0, 0x00, 0x60, 0x00, 0x5c,
    0xba, 0x15, 0xbb, 0x11, 0xc2, 0x14, 0xbd, 0x10, 0xbc, 0x11, 0xc1, 0x0d, 0xc0, 0x11, 0xc3, 0x0d,
    0xc0, 0x0d, 0xc1, 0x09, 0xc4, 0x0b, 0xc1, 0x07, 0x00, 0x0a, 0xcd, 0x06, 0xc2, 0x09, 0xc1, 0x05,
    0xc0, 0x05, 0x1a, 0x04, 0x74, 0x02, 0x3a, 0x01, 0x00, 0x80, 0x00, 0x80, 0xd8, 0x1e, 0x3d, 0x03,
    0x31, 0x02, 0x00, 0x7e, 0x00, 0x50, 0x00, 0xb4, 0x00, 0xb0, 0x00, 0x4c, 0x00, 0xb0, 0x00, 0x60,
    0x00, 0x54, 0xd6, 0x1e, 0x31, 0x1a, 0x14, 0x1d, 0x3b, 0x18, 0xc2, 0x1b, 0xb2, 0x16, 0x32, 0x1a,
    0xef, 0x15, 0xee, 0x15, 0x55, 0x10, 0x34, 0x13, 0x2d, 0x0f, 0xf6, 0x11, 0x5d, 0x0c, 0x56, 0x10,
    0xe1, 0x0a, 0xe0, 0x0a, 0xa2, 0x07, 0x64, 0x04, 0x32, 0x02, 0x00, 0x80, 0x00, 0x80, 0x08, 0x30,
    0x01, 0x00, 0x01, 0x00, 0xff, 0x7f, 0xff, 0x7f, 0x00, 0x00, 0x00, 0x00, 0x00, 0x00, 0x00, 0x81,
    0x00, 0x00, 0x00, 0x00, 0xff, 0x1f, 0xff, 0x0f, 0x05, 0x10, 0x05, 0x00, 0x00, 0x00, 0x00, 0x00,
    0x05, 0x10, 0x05, 0x00, 0x00, 0x00, 0x00, 0x00, 0x00, 0x00, 0x00, 0x00, 0x00, 0x00, 0x00, 0x00,
    0x00, 0x00, 0x00, 0x00, 0x04, 0x10, 0x02, 0x10, 0x04, 0x00, 0x02, 0x00, 0x00, 0x80, 0x00, 0x80,
    0x08, 0x30, 0x01, 0x00, 0x01, 0x00, 0xff, 0x7f, 0xff, 0x7f, 0x00, 0x00, 0x00, 0x00, 0x00, 0x00,
    0x00, 0x00, 0x00, 0x00, 0x00, 0x00, 0xff, 0x1f, 0xff, 0x0f, 0x05, 0x10, 0x05, 0x00, 0x00, 0x00,
    0x00, 0x00, 0x05, 0x10, 0x05, 0x00, 0x00, 0x00, 0x00, 0x00, 0x00, 0x00, 0x00, 0x00, 0x00, 0x00,
    0x00, 0x00, 0x00, 0x00, 0x00, 0x00, 0x04, 0x10, 0x02, 0x10, 0x04, 0x00, 0x02, 0x00, 0x00, 0x80,
    0x00, 0x80, 0x80, 0x07, 0x17, 0x00, 0x13, 0x00, 0xf0, 0x70, 0xa8, 0x4f, 0xe0, 0xbc, 0x10, 0x45,
    0xf0, 0xbe, 0x00, 0x85, 0x80, 0x5f, 0xc0, 0x54, 0x71, 0x03, 0xaf, 0x02, 0xe5, 0x02, 0xdf, 0x01,
    0xb0, 0x02, 0xd7, 0x01, 0x58, 0x03, 0x6a, 0x02, 0xd6, 0x01, 0x1e, 0x01, 0x2d, 0x01, 0xb1, 0x00,
    0x1f, 0x01, 0x59, 0x00, 0xa0, 0x01, 0xe3, 0x00, 0x58, 0x00, 0x40, 0x00, 0x28, 0x00, 0x14, 0x00,
    0x00, 0x80, 0x00, 0x80
};
extern "C" const unsigned char gClearCycle[4] = {  /* @0x801370bc  */
    0x01, 0x00, 0x00, 0x00
};
extern "C" const unsigned char sndcents[256] = {  /* @0x801370c4 snd cents */
    0x00, 0x01, 0x02, 0x02, 0x03, 0x04, 0x04, 0x05, 0x06, 0x07, 0x07, 0x08, 0x09, 0x09, 0x0a, 0x0b,
    0x0c, 0x0c, 0x0d, 0x0e, 0x0e, 0x0f, 0x10, 0x11, 0x11, 0x12, 0x13, 0x14, 0x14, 0x15, 0x16, 0x17,
    0x17, 0x18, 0x19, 0x1a, 0x1a, 0x1b, 0x1c, 0x1d, 0x1e, 0x1e, 0x1f, 0x20, 0x21, 0x21, 0x22, 0x23,
    0x24, 0x25, 0x25, 0x26, 0x27, 0x28, 0x29, 0x29, 0x2a, 0x2b, 0x2c, 0x2d, 0x2d, 0x2e, 0x2f, 0x30,
    0x31, 0x32, 0x32, 0x33, 0x34, 0x35, 0x36, 0x37, 0x37, 0x38, 0x39, 0x3a, 0x3b, 0x3c, 0x3d, 0x3d,
    0x3e, 0x3f, 0x40, 0x41, 0x42, 0x43, 0x43, 0x44, 0x45, 0x46, 0x47, 0x48, 0x49, 0x4a, 0x4b, 0x4b,
    0x4c, 0x4d, 0x4e, 0x4f, 0x50, 0x51, 0x52, 0x53, 0x54, 0x55, 0x56, 0x56, 0x57, 0x58, 0x59, 0x5a,
    0x5b, 0x5c, 0x5d, 0x5e, 0x5f, 0x60, 0x61, 0x62, 0x63, 0x64, 0x65, 0x66, 0x67, 0x68, 0x69, 0x6a,
    0x6b, 0x6c, 0x6c, 0x6d, 0x6e, 0x6f, 0x70, 0x71, 0x72, 0x73, 0x74, 0x75, 0x77, 0x78, 0x79, 0x7a,
    0x7b, 0x7c, 0x7d, 0x7e, 0x7f, 0x80, 0x81, 0x82, 0x83, 0x84, 0x85, 0x86, 0x87, 0x88, 0x89, 0x8a,
    0x8b, 0x8c, 0x8e, 0x8f, 0x90, 0x91, 0x92, 0x93, 0x94, 0x95, 0x96, 0x97, 0x98, 0x9a, 0x9b, 0x9c,
    0x9d, 0x9e, 0x9f, 0xa0, 0xa1, 0xa3, 0xa4, 0xa5, 0xa6, 0xa7, 0xa8, 0xa9, 0xab, 0xac, 0xad, 0xae,
    0xaf, 0xb0, 0xb2, 0xb3, 0xb4, 0xb5, 0xb6, 0xb7, 0xb9, 0xba, 0xbb, 0xbc, 0xbd, 0xbf, 0xc0, 0xc1,
    0xc2, 0xc4, 0xc5, 0xc6, 0xc7, 0xc8, 0xca, 0xcb, 0xcc, 0xcd, 0xcf, 0xd0, 0xd1, 0xd2, 0xd4, 0xd5,
    0xd6, 0xd8, 0xd9, 0xda, 0xdb, 0xdd, 0xde, 0xdf, 0xe1, 0xe2, 0xe3, 0xe5, 0xe6, 0xe7, 0xe8, 0xea,
    0xeb, 0xec, 0xee, 0xef, 0xf0, 0xf2, 0xf3, 0xf5, 0xf6, 0xf7, 0xf9, 0xfa, 0xfb, 0xfd, 0xfe, 0xff
};
extern "C" const unsigned char asintbl[516] = {  /* @0x80137260 arcsin */
    0x00, 0x00, 0x01, 0x01, 0x01, 0x02, 0x02, 0x02, 0x03, 0x03, 0x03, 0x04, 0x04, 0x04, 0x04, 0x05,
    0x05, 0x05, 0x06, 0x06, 0x06, 0x07, 0x07, 0x07, 0x08, 0x08, 0x08, 0x09, 0x09, 0x09, 0x0a, 0x0a,
    0x0a, 0x0b, 0x0b, 0x0b, 0x0b, 0x0c, 0x0c, 0x0c, 0x0d, 0x0d, 0x0d, 0x0e, 0x0e, 0x0e, 0x0f, 0x0f,
    0x0f, 0x10, 0x10, 0x10, 0x11, 0x11, 0x11, 0x12, 0x12, 0x12, 0x13, 0x13, 0x13, 0x13, 0x14, 0x14,
    0x14, 0x15, 0x15, 0x15, 0x16, 0x16, 0x16, 0x17, 0x17, 0x17, 0x18, 0x18, 0x18, 0x19, 0x19, 0x19,
    0x1a, 0x1a, 0x1a, 0x1b, 0x1b, 0x1b, 0x1c, 0x1c, 0x1c, 0x1c, 0x1d, 0x1d, 0x1d, 0x1e, 0x1e, 0x1e,
    0x1f, 0x1f, 0x1f, 0x20, 0x20, 0x20, 0x21, 0x21, 0x21, 0x22, 0x22, 0x22, 0x23, 0x23, 0x23, 0x24,
    0x24, 0x24, 0x25, 0x25, 0x25, 0x26, 0x26, 0x26, 0x27, 0x27, 0x27, 0x28, 0x28, 0x28, 0x29, 0x29,
    0x29, 0x2a, 0x2a, 0x2a, 0x2a, 0x2b, 0x2b, 0x2b, 0x2c, 0x2c, 0x2c, 0x2d, 0x2d, 0x2d, 0x2e, 0x2e,
    0x2e, 0x2f, 0x2f, 0x2f, 0x30, 0x30, 0x30, 0x31, 0x31, 0x31, 0x32, 0x32, 0x32, 0x33, 0x33, 0x33,
    0x34, 0x34, 0x34, 0x35, 0x35, 0x35, 0x36, 0x36, 0x36, 0x37, 0x37, 0x37, 0x38, 0x38, 0x39, 0x39,
    0x39, 0x3a, 0x3a, 0x3a, 0x3b, 0x3b, 0x3b, 0x3c, 0x3c, 0x3c, 0x3d, 0x3d, 0x3d, 0x3e, 0x3e, 0x3e,
    0x3f, 0x3f, 0x3f, 0x40, 0x40, 0x40, 0x41, 0x41, 0x41, 0x42, 0x42, 0x42, 0x43, 0x43, 0x43, 0x44,
    0x44, 0x45, 0x45, 0x45, 0x46, 0x46, 0x46, 0x47, 0x47, 0x47, 0x48, 0x48, 0x48, 0x49, 0x49, 0x49,
    0x4a, 0x4a, 0x4b, 0x4b, 0x4b, 0x4c, 0x4c, 0x4c, 0x4d, 0x4d, 0x4d, 0x4e, 0x4e, 0x4e, 0x4f, 0x4f,
    0x50, 0x50, 0x50, 0x51, 0x51, 0x51, 0x52, 0x52, 0x52, 0x53, 0x53, 0x54, 0x54, 0x54, 0x55, 0x55,
    0x55, 0x56, 0x56, 0x56, 0x57, 0x57, 0x58, 0x58, 0x58, 0x59, 0x59, 0x59, 0x5a, 0x5a, 0x5b, 0x5b,
    0x5b, 0x5c, 0x5c, 0x5c, 0x5d, 0x5d, 0x5e, 0x5e, 0x5e, 0x5f, 0x5f, 0x5f, 0x60, 0x60, 0x61, 0x61,
    0x61, 0x62, 0x62, 0x63, 0x63, 0x63, 0x64, 0x64, 0x64, 0x65, 0x65, 0x66, 0x66, 0x66, 0x67, 0x67,
    0x68, 0x68, 0x68, 0x69, 0x69, 0x6a, 0x6a, 0x6a, 0x6b, 0x6b, 0x6c, 0x6c, 0x6c, 0x6d, 0x6d, 0x6e,
    0x6e, 0x6e, 0x6f, 0x6f, 0x70, 0x70, 0x70, 0x71, 0x71, 0x72, 0x72, 0x73, 0x73, 0x73, 0x74, 0x74,
    0x75, 0x75, 0x76, 0x76, 0x76, 0x77, 0x77, 0x78, 0x78, 0x78, 0x79, 0x79, 0x7a, 0x7a, 0x7b, 0x7b,
    0x7c, 0x7c, 0x7c, 0x7d, 0x7d, 0x7e, 0x7e, 0x7f, 0x7f, 0x80, 0x80, 0x80, 0x81, 0x81, 0x82, 0x82,
    0x83, 0x83, 0x84, 0x84, 0x85, 0x85, 0x85, 0x86, 0x86, 0x87, 0x87, 0x88, 0x88, 0x89, 0x89, 0x8a,
    0x8a, 0x8b, 0x8b, 0x8c, 0x8c, 0x8d, 0x8d, 0x8e, 0x8e, 0x8f, 0x8f, 0x90, 0x90, 0x91, 0x91, 0x92,
    0x92, 0x93, 0x93, 0x94, 0x94, 0x95, 0x95, 0x96, 0x96, 0x97, 0x97, 0x98, 0x98, 0x99, 0x99, 0x9a,
    0x9b, 0x9b, 0x9c, 0x9c, 0x9d, 0x9d, 0x9e, 0x9e, 0x9f, 0xa0, 0xa0, 0xa1, 0xa1, 0xa2, 0xa2, 0xa3,
    0xa4, 0xa4, 0xa5, 0xa5, 0xa6, 0xa7, 0xa7, 0xa8, 0xa9, 0xa9, 0xaa, 0xaa, 0xab, 0xac, 0xac, 0xad,
    0xae, 0xae, 0xaf, 0xb0, 0xb0, 0xb1, 0xb2, 0xb2, 0xb3, 0xb4, 0xb4, 0xb5, 0xb6, 0xb7, 0xb7, 0xb8,
    0xb9, 0xba, 0xba, 0xbb, 0xbc, 0xbd, 0xbe, 0xbe, 0xbf, 0xc0, 0xc1, 0xc2, 0xc3, 0xc3, 0xc4, 0xc5,
    0xc6, 0xc7, 0xc8, 0xc9, 0xca, 0xcb, 0xcc, 0xcd, 0xce, 0xcf, 0xd0, 0xd1, 0xd2, 0xd3, 0xd5, 0xd6,
    0xd7, 0xd8, 0xda, 0xdb, 0xdd, 0xde, 0xe0, 0xe1, 0xe3, 0xe5, 0xe7, 0xe9, 0xec, 0xee, 0xf2, 0xf6,
    0x00, 0x00, 0x00, 0x00
};
extern "C" const unsigned char sintbl[1028] = {  /* @0x80137464 fixed sin */
    0x00, 0x00, 0x00, 0x00, 0x92, 0x01, 0x00, 0x00, 0x24, 0x03, 0x00, 0x00, 0xb6, 0x04, 0x00, 0x00,
    0x48, 0x06, 0x00, 0x00, 0xda, 0x07, 0x00, 0x00, 0x6c, 0x09, 0x00, 0x00, 0xfe, 0x0a, 0x00, 0x00,
    0x8f, 0x0c, 0x00, 0x00, 0x21, 0x0e, 0x00, 0x00, 0xb2, 0x0f, 0x00, 0x00, 0x44, 0x11, 0x00, 0x00,
    0xd5, 0x12, 0x00, 0x00, 0x66, 0x14, 0x00, 0x00, 0xf6, 0x15, 0x00, 0x00, 0x87, 0x17, 0x00, 0x00,
    0x17, 0x19, 0x00, 0x00, 0xa7, 0x1a, 0x00, 0x00, 0x37, 0x1c, 0x00, 0x00, 0xc7, 0x1d, 0x00, 0x00,
    0x56, 0x1f, 0x00, 0x00, 0xe5, 0x20, 0x00, 0x00, 0x73, 0x22, 0x00, 0x00, 0x02, 0x24, 0x00, 0x00,
    0x90, 0x25, 0x00, 0x00, 0x1d, 0x27, 0x00, 0x00, 0xaa, 0x28, 0x00, 0x00, 0x37, 0x2a, 0x00, 0x00,
    0xc4, 0x2b, 0x00, 0x00, 0x50, 0x2d, 0x00, 0x00, 0xdb, 0x2e, 0x00, 0x00, 0x66, 0x30, 0x00, 0x00,
    0xf1, 0x31, 0x00, 0x00, 0x7b, 0x33, 0x00, 0x00, 0x05, 0x35, 0x00, 0x00, 0x8e, 0x36, 0x00, 0x00,
    0x17, 0x38, 0x00, 0x00, 0x9f, 0x39, 0x00, 0x00, 0x26, 0x3b, 0x00, 0x00, 0xad, 0x3c, 0x00, 0x00,
    0x33, 0x3e, 0x00, 0x00, 0xb9, 0x3f, 0x00, 0x00, 0x3e, 0x41, 0x00, 0x00, 0xc3, 0x42, 0x00, 0x00,
    0x47, 0x44, 0x00, 0x00, 0xca, 0x45, 0x00, 0x00, 0x4d, 0x47, 0x00, 0x00, 0xce, 0x48, 0x00, 0x00,
    0x50, 0x4a, 0x00, 0x00, 0xd0, 0x4b, 0x00, 0x00, 0x50, 0x4d, 0x00, 0x00, 0xcf, 0x4e, 0x00, 0x00,
    0x4d, 0x50, 0x00, 0x00, 0xca, 0x51, 0x00, 0x00, 0x47, 0x53, 0x00, 0x00, 0xc3, 0x54, 0x00, 0x00,
    0x3e, 0x56, 0x00, 0x00, 0xb8, 0x57, 0x00, 0x00, 0x31, 0x59, 0x00, 0x00, 0xaa, 0x5a, 0x00, 0x00,
    0x22, 0x5c, 0x00, 0x00, 0x98, 0x5d, 0x00, 0x00, 0x0e, 0x5f, 0x00, 0x00, 0x83, 0x60, 0x00, 0x00,
    0xf7, 0x61, 0x00, 0x00, 0x6a, 0x63, 0x00, 0x00, 0xdc, 0x64, 0x00, 0x00, 0x4d, 0x66, 0x00, 0x00,
    0xbd, 0x67, 0x00, 0x00, 0x2d, 0x69, 0x00, 0x00, 0x9b, 0x6a, 0x00, 0x00, 0x08, 0x6c, 0x00, 0x00,
    0x74, 0x6d, 0x00, 0x00, 0xdf, 0x6e, 0x00, 0x00, 0x49, 0x70, 0x00, 0x00, 0xb1, 0x71, 0x00, 0x00,
    0x19, 0x73, 0x00, 0x00, 0x80, 0x74, 0x00, 0x00, 0xe5, 0x75, 0x00, 0x00, 0x4a, 0x77, 0x00, 0x00,
    0xad, 0x78, 0x00, 0x00, 0x0f, 0x7a, 0x00, 0x00, 0x70, 0x7b, 0x00, 0x00, 0xd0, 0x7c, 0x00, 0x00,
    0x2e, 0x7e, 0x00, 0x00, 0x8b, 0x7f, 0x00, 0x00, 0xe7, 0x80, 0x00, 0x00, 0x42, 0x82, 0x00, 0x00,
    0x9c, 0x83, 0x00, 0x00, 0xf4, 0x84, 0x00, 0x00, 0x4b, 0x86, 0x00, 0x00, 0xa1, 0x87, 0x00, 0x00,
    0xf5, 0x88, 0x00, 0x00, 0x48, 0x8a, 0x00, 0x00, 0x9a, 0x8b, 0x00, 0x00, 0xea, 0x8c, 0x00, 0x00,
    0x39, 0x8e, 0x00, 0x00, 0x87, 0x8f, 0x00, 0x00, 0xd3, 0x90, 0x00, 0x00, 0x1e, 0x92, 0x00, 0x00,
    0x68, 0x93, 0x00, 0x00, 0xb0, 0x94, 0x00, 0x00, 0xf6, 0x95, 0x00, 0x00, 0x3c, 0x97, 0x00, 0x00,
    0x7f, 0x98, 0x00, 0x00, 0xc1, 0x99, 0x00, 0x00, 0x02, 0x9b, 0x00, 0x00, 0x42, 0x9c, 0x00, 0x00,
    0x7f, 0x9d, 0x00, 0x00, 0xbc, 0x9e, 0x00, 0x00, 0xf6, 0x9f, 0x00, 0x00, 0x2f, 0xa1, 0x00, 0x00,
    0x67, 0xa2, 0x00, 0x00, 0x9d, 0xa3, 0x00, 0x00, 0xd2, 0xa4, 0x00, 0x00, 0x05, 0xa6, 0x00, 0x00,
    0x36, 0xa7, 0x00, 0x00, 0x66, 0xa8, 0x00, 0x00, 0x94, 0xa9, 0x00, 0x00, 0xc0, 0xaa, 0x00, 0x00,
    0xeb, 0xab, 0x00, 0x00, 0x14, 0xad, 0x00, 0x00, 0x3b, 0xae, 0x00, 0x00, 0x61, 0xaf, 0x00, 0x00,
    0x85, 0xb0, 0x00, 0x00, 0xa8, 0xb1, 0x00, 0x00, 0xc8, 0xb2, 0x00, 0x00, 0xe7, 0xb3, 0x00, 0x00,
    0x04, 0xb5, 0x00, 0x00, 0x20, 0xb6, 0x00, 0x00, 0x3a, 0xb7, 0x00, 0x00, 0x52, 0xb8, 0x00, 0x00,
    0x68, 0xb9, 0x00, 0x00, 0x7c, 0xba, 0x00, 0x00, 0x8f, 0xbb, 0x00, 0x00, 0xa0, 0xbc, 0x00, 0x00,
    0xae, 0xbd, 0x00, 0x00, 0xbc, 0xbe, 0x00, 0x00, 0xc7, 0xbf, 0x00, 0x00, 0xd0, 0xc0, 0x00, 0x00,
    0xd8, 0xc1, 0x00, 0x00, 0xde, 0xc2, 0x00, 0x00, 0xe1, 0xc3, 0x00, 0x00, 0xe3, 0xc4, 0x00, 0x00,
    0xe3, 0xc5, 0x00, 0x00, 0xe2, 0xc6, 0x00, 0x00, 0xde, 0xc7, 0x00, 0x00, 0xd8, 0xc8, 0x00, 0x00,
    0xd1, 0xc9, 0x00, 0x00, 0xc7, 0xca, 0x00, 0x00, 0xbb, 0xcb, 0x00, 0x00, 0xae, 0xcc, 0x00, 0x00,
    0x9f, 0xcd, 0x00, 0x00, 0x8d, 0xce, 0x00, 0x00, 0x7a, 0xcf, 0x00, 0x00, 0x64, 0xd0, 0x00, 0x00,
    0x4d, 0xd1, 0x00, 0x00, 0x33, 0xd2, 0x00, 0x00, 0x18, 0xd3, 0x00, 0x00, 0xfa, 0xd3, 0x00, 0x00,
    0xdb, 0xd4, 0x00, 0x00, 0xb9, 0xd5, 0x00, 0x00, 0x95, 0xd6, 0x00, 0x00, 0x70, 0xd7, 0x00, 0x00,
    0x48, 0xd8, 0x00, 0x00, 0x1e, 0xd9, 0x00, 0x00, 0xf2, 0xd9, 0x00, 0x00, 0xc4, 0xda, 0x00, 0x00,
    0x94, 0xdb, 0x00, 0x00, 0x61, 0xdc, 0x00, 0x00, 0x2d, 0xdd, 0x00, 0x00, 0xf6, 0xdd, 0x00, 0x00,
    0xbe, 0xde, 0x00, 0x00, 0x83, 0xdf, 0x00, 0x00, 0x46, 0xe0, 0x00, 0x00, 0x06, 0xe1, 0x00, 0x00,
    0xc5, 0xe1, 0x00, 0x00, 0x82, 0xe2, 0x00, 0x00, 0x3c, 0xe3, 0x00, 0x00, 0xf4, 0xe3, 0x00, 0x00,
    0xaa, 0xe4, 0x00, 0x00, 0x5e, 0xe5, 0x00, 0x00, 0x0f, 0xe6, 0x00, 0x00, 0xbe, 0xe6, 0x00, 0x00,
    0x6b, 0xe7, 0x00, 0x00, 0x16, 0xe8, 0x00, 0x00, 0xbf, 0xe8, 0x00, 0x00, 0x65, 0xe9, 0x00, 0x00,
    0x09, 0xea, 0x00, 0x00, 0xab, 0xea, 0x00, 0x00, 0x4b, 0xeb, 0x00, 0x00, 0xe8, 0xeb, 0x00, 0x00,
    0x83, 0xec, 0x00, 0x00, 0x1c, 0xed, 0x00, 0x00, 0xb2, 0xed, 0x00, 0x00, 0x46, 0xee, 0x00, 0x00,
    0xd8, 0xee, 0x00, 0x00, 0x68, 0xef, 0x00, 0x00, 0xf5, 0xef, 0x00, 0x00, 0x80, 0xf0, 0x00, 0x00,
    0x09, 0xf1, 0x00, 0x00, 0x8f, 0xf1, 0x00, 0x00, 0x13, 0xf2, 0x00, 0x00, 0x94, 0xf2, 0x00, 0x00,
    0x14, 0xf3, 0x00, 0x00, 0x91, 0xf3, 0x00, 0x00, 0x0b, 0xf4, 0x00, 0x00, 0x84, 0xf4, 0x00, 0x00,
    0xfa, 0xf4, 0x00, 0x00, 0x6d, 0xf5, 0x00, 0x00, 0xde, 0xf5, 0x00, 0x00, 0x4d, 0xf6, 0x00, 0x00,
    0xba, 0xf6, 0x00, 0x00, 0x24, 0xf7, 0x00, 0x00, 0x8b, 0xf7, 0x00, 0x00, 0xf1, 0xf7, 0x00, 0x00,
    0x53, 0xf8, 0x00, 0x00, 0xb4, 0xf8, 0x00, 0x00, 0x12, 0xf9, 0x00, 0x00, 0x6e, 0xf9, 0x00, 0x00,
    0xc7, 0xf9, 0x00, 0x00, 0x1e, 0xfa, 0x00, 0x00, 0x72, 0xfa, 0x00, 0x00, 0xc5, 0xfa, 0x00, 0x00,
    0x14, 0xfb, 0x00, 0x00, 0x61, 0xfb, 0x00, 0x00, 0xac, 0xfb, 0x00, 0x00, 0xf5, 0xfb, 0x00, 0x00,
    0x3b, 0xfc, 0x00, 0x00, 0x7e, 0xfc, 0x00, 0x00, 0xbf, 0xfc, 0x00, 0x00, 0xfe, 0xfc, 0x00, 0x00,
    0x3a, 0xfd, 0x00, 0x00, 0x74, 0xfd, 0x00, 0x00, 0xab, 0xfd, 0x00, 0x00, 0xe0, 0xfd, 0x00, 0x00,
    0x13, 0xfe, 0x00, 0x00, 0x43, 0xfe, 0x00, 0x00, 0x70, 0xfe, 0x00, 0x00, 0x9b, 0xfe, 0x00, 0x00,
    0xc4, 0xfe, 0x00, 0x00, 0xea, 0xfe, 0x00, 0x00, 0x0e, 0xff, 0x00, 0x00, 0x2f, 0xff, 0x00, 0x00,
    0x4e, 0xff, 0x00, 0x00, 0x6a, 0xff, 0x00, 0x00, 0x84, 0xff, 0x00, 0x00, 0x9c, 0xff, 0x00, 0x00,
    0xb1, 0xff, 0x00, 0x00, 0xc3, 0xff, 0x00, 0x00, 0xd3, 0xff, 0x00, 0x00, 0xe1, 0xff, 0x00, 0x00,
    0xec, 0xff, 0x00, 0x00, 0xf4, 0xff, 0x00, 0x00, 0xfb, 0xff, 0x00, 0x00, 0xfe, 0xff, 0x00, 0x00,
    0x00, 0x00, 0x01, 0x00
};
extern "C" const unsigned char fatantbl[1040] = {  /* @0x80137868 fast atan */
    0x00, 0x00, 0x00, 0x00, 0x29, 0x00, 0x00, 0x00, 0x51, 0x00, 0x00, 0x00, 0x7a, 0x00, 0x00, 0x00,
    0xa3, 0x00, 0x00, 0x00, 0xcc, 0x00, 0x00, 0x00, 0xf4, 0x00, 0x00, 0x00, 0x1d, 0x01, 0x00, 0x00,
    0x46, 0x01, 0x00, 0x00, 0x6f, 0x01, 0x00, 0x00, 0x97, 0x01, 0x00, 0x00, 0xc0, 0x01, 0x00, 0x00,
    0xe9, 0x01, 0x00, 0x00, 0x11, 0x02, 0x00, 0x00, 0x3a, 0x02, 0x00, 0x00, 0x62, 0x02, 0x00, 0x00,
    0x8b, 0x02, 0x00, 0x00, 0xb4, 0x02, 0x00, 0x00, 0xdc, 0x02, 0x00, 0x00, 0x05, 0x03, 0x00, 0x00,
    0x2d, 0x03, 0x00, 0x00, 0x56, 0x03, 0x00, 0x00, 0x7e, 0x03, 0x00, 0x00, 0xa7, 0x03, 0x00, 0x00,
    0xcf, 0x03, 0x00, 0x00, 0xf7, 0x03, 0x00, 0x00, 0x20, 0x04, 0x00, 0x00, 0x48, 0x04, 0x00, 0x00,
    0x70, 0x04, 0x00, 0x00, 0x99, 0x04, 0x00, 0x00, 0xc1, 0x04, 0x00, 0x00, 0xe9, 0x04, 0x00, 0x00,
    0x11, 0x05, 0x00, 0x00, 0x39, 0x05, 0x00, 0x00, 0x61, 0x05, 0x00, 0x00, 0x89, 0x05, 0x00, 0x00,
    0xb1, 0x05, 0x00, 0x00, 0xd9, 0x05, 0x00, 0x00, 0x01, 0x06, 0x00, 0x00, 0x29, 0x06, 0x00, 0x00,
    0x51, 0x06, 0x00, 0x00, 0x78, 0x06, 0x00, 0x00, 0xa0, 0x06, 0x00, 0x00, 0xc8, 0x06, 0x00, 0x00,
    0xef, 0x06, 0x00, 0x00, 0x17, 0x07, 0x00, 0x00, 0x3e, 0x07, 0x00, 0x00, 0x66, 0x07, 0x00, 0x00,
    0x8d, 0x07, 0x00, 0x00, 0xb5, 0x07, 0x00, 0x00, 0xdc, 0x07, 0x00, 0x00, 0x03, 0x08, 0x00, 0x00,
    0x2a, 0x08, 0x00, 0x00, 0x51, 0x08, 0x00, 0x00, 0x78, 0x08, 0x00, 0x00, 0x9f, 0x08, 0x00, 0x00,
    0xc6, 0x08, 0x00, 0x00, 0xed, 0x08, 0x00, 0x00, 0x14, 0x09, 0x00, 0x00, 0x3b, 0x09, 0x00, 0x00,
    0x61, 0x09, 0x00, 0x00, 0x88, 0x09, 0x00, 0x00, 0xae, 0x09, 0x00, 0x00, 0xd5, 0x09, 0x00, 0x00,
    0xfb, 0x09, 0x00, 0x00, 0x22, 0x0a, 0x00, 0x00, 0x48, 0x0a, 0x00, 0x00, 0x6e, 0x0a, 0x00, 0x00,
    0x94, 0x0a, 0x00, 0x00, 0xba, 0x0a, 0x00, 0x00, 0xe0, 0x0a, 0x00, 0x00, 0x06, 0x0b, 0x00, 0x00,
    0x2c, 0x0b, 0x00, 0x00, 0x51, 0x0b, 0x00, 0x00, 0x77, 0x0b, 0x00, 0x00, 0x9d, 0x0b, 0x00, 0x00,
    0xc2, 0x0b, 0x00, 0x00, 0xe7, 0x0b, 0x00, 0x00, 0x0d, 0x0c, 0x00, 0x00, 0x32, 0x0c, 0x00, 0x00,
    0x57, 0x0c, 0x00, 0x00, 0x7c, 0x0c, 0x00, 0x00, 0xa1, 0x0c, 0x00, 0x00, 0xc6, 0x0c, 0x00, 0x00,
    0xeb, 0x0c, 0x00, 0x00, 0x10, 0x0d, 0x00, 0x00, 0x34, 0x0d, 0x00, 0x00, 0x59, 0x0d, 0x00, 0x00,
    0x7d, 0x0d, 0x00, 0x00, 0xa2, 0x0d, 0x00, 0x00, 0xc6, 0x0d, 0x00, 0x00, 0xea, 0x0d, 0x00, 0x00,
    0x0f, 0x0e, 0x00, 0x00, 0x33, 0x0e, 0x00, 0x00, 0x56, 0x0e, 0x00, 0x00, 0x7a, 0x0e, 0x00, 0x00,
    0x9e, 0x0e, 0x00, 0x00, 0xc2, 0x0e, 0x00, 0x00, 0xe5, 0x0e, 0x00, 0x00, 0x09, 0x0f, 0x00, 0x00,
    0x2c, 0x0f, 0x00, 0x00, 0x50, 0x0f, 0x00, 0x00, 0x73, 0x0f, 0x00, 0x00, 0x96, 0x0f, 0x00, 0x00,
    0xb9, 0x0f, 0x00, 0x00, 0xdc, 0x0f, 0x00, 0x00, 0xff, 0x0f, 0x00, 0x00, 0x21, 0x10, 0x00, 0x00,
    0x44, 0x10, 0x00, 0x00, 0x67, 0x10, 0x00, 0x00, 0x89, 0x10, 0x00, 0x00, 0xab, 0x10, 0x00, 0x00,
    0xce, 0x10, 0x00, 0x00, 0xf0, 0x10, 0x00, 0x00, 0x12, 0x11, 0x00, 0x00, 0x34, 0x11, 0x00, 0x00,
    0x56, 0x11, 0x00, 0x00, 0x77, 0x11, 0x00, 0x00, 0x99, 0x11, 0x00, 0x00, 0xbb, 0x11, 0x00, 0x00,
    0xdc, 0x11, 0x00, 0x00, 0xfd, 0x11, 0x00, 0x00, 0x1f, 0x12, 0x00, 0x00, 0x40, 0x12, 0x00, 0x00,
    0x61, 0x12, 0x00, 0x00, 0x82, 0x12, 0x00, 0x00, 0xa3, 0x12, 0x00, 0x00, 0xc3, 0x12, 0x00, 0x00,
    0xe4, 0x12, 0x00, 0x00, 0x05, 0x13, 0x00, 0x00, 0x25, 0x13, 0x00, 0x00, 0x45, 0x13, 0x00, 0x00,
    0x66, 0x13, 0x00, 0x00, 0x86, 0x13, 0x00, 0x00, 0xa6, 0x13, 0x00, 0x00, 0xc6, 0x13, 0x00, 0x00,
    0xe6, 0x13, 0x00, 0x00, 0x05, 0x14, 0x00, 0x00, 0x25, 0x14, 0x00, 0x00, 0x44, 0x14, 0x00, 0x00,
    0x64, 0x14, 0x00, 0x00, 0x83, 0x14, 0x00, 0x00, 0xa2, 0x14, 0x00, 0x00, 0xc1, 0x14, 0x00, 0x00,
    0xe0, 0x14, 0x00, 0x00, 0xff, 0x14, 0x00, 0x00, 0x1e, 0x15, 0x00, 0x00, 0x3d, 0x15, 0x00, 0x00,
    0x5b, 0x15, 0x00, 0x00, 0x7a, 0x15, 0x00, 0x00, 0x98, 0x15, 0x00, 0x00, 0xb7, 0x15, 0x00, 0x00,
    0xd5, 0x15, 0x00, 0x00, 0xf3, 0x15, 0x00, 0x00, 0x11, 0x16, 0x00, 0x00, 0x2f, 0x16, 0x00, 0x00,
    0x4c, 0x16, 0x00, 0x00, 0x6a, 0x16, 0x00, 0x00, 0x88, 0x16, 0x00, 0x00, 0xa5, 0x16, 0x00, 0x00,
    0xc2, 0x16, 0x00, 0x00, 0xe0, 0x16, 0x00, 0x00, 0xfd, 0x16, 0x00, 0x00, 0x1a, 0x17, 0x00, 0x00,
    0x37, 0x17, 0x00, 0x00, 0x54, 0x17, 0x00, 0x00, 0x70, 0x17, 0x00, 0x00, 0x8d, 0x17, 0x00, 0x00,
    0xaa, 0x17, 0x00, 0x00, 0xc6, 0x17, 0x00, 0x00, 0xe2, 0x17, 0x00, 0x00, 0xfe, 0x17, 0x00, 0x00,
    0x1b, 0x18, 0x00, 0x00, 0x37, 0x18, 0x00, 0x00, 0x53, 0x18, 0x00, 0x00, 0x6e, 0x18, 0x00, 0x00,
    0x8a, 0x18, 0x00, 0x00, 0xa6, 0x18, 0x00, 0x00, 0xc1, 0x18, 0x00, 0x00, 0xdd, 0x18, 0x00, 0x00,
    0xf8, 0x18, 0x00, 0x00, 0x13, 0x19, 0x00, 0x00, 0x2e, 0x19, 0x00, 0x00, 0x49, 0x19, 0x00, 0x00,
    0x64, 0x19, 0x00, 0x00, 0x7f, 0x19, 0x00, 0x00, 0x9a, 0x19, 0x00, 0x00, 0xb4, 0x19, 0x00, 0x00,
    0xcf, 0x19, 0x00, 0x00, 0xe9, 0x19, 0x00, 0x00, 0x04, 0x1a, 0x00, 0x00, 0x1e, 0x1a, 0x00, 0x00,
    0x38, 0x1a, 0x00, 0x00, 0x52, 0x1a, 0x00, 0x00, 0x6c, 0x1a, 0x00, 0x00, 0x86, 0x1a, 0x00, 0x00,
    0x9f, 0x1a, 0x00, 0x00, 0xb9, 0x1a, 0x00, 0x00, 0xd3, 0x1a, 0x00, 0x00, 0xec, 0x1a, 0x00, 0x00,
    0x05, 0x1b, 0x00, 0x00, 0x1f, 0x1b, 0x00, 0x00, 0x38, 0x1b, 0x00, 0x00, 0x51, 0x1b, 0x00, 0x00,
    0x6a, 0x1b, 0x00, 0x00, 0x83, 0x1b, 0x00, 0x00, 0x9c, 0x1b, 0x00, 0x00, 0xb4, 0x1b, 0x00, 0x00,
    0xcd, 0x1b, 0x00, 0x00, 0xe5, 0x1b, 0x00, 0x00, 0xfe, 0x1b, 0x00, 0x00, 0x16, 0x1c, 0x00, 0x00,
    0x2e, 0x1c, 0x00, 0x00, 0x46, 0x1c, 0x00, 0x00, 0x5e, 0x1c, 0x00, 0x00, 0x76, 0x1c, 0x00, 0x00,
    0x8e, 0x1c, 0x00, 0x00, 0xa6, 0x1c, 0x00, 0x00, 0xbe, 0x1c, 0x00, 0x00, 0xd5, 0x1c, 0x00, 0x00,
    0xed, 0x1c, 0x00, 0x00, 0x04, 0x1d, 0x00, 0x00, 0x1b, 0x1d, 0x00, 0x00, 0x33, 0x1d, 0x00, 0x00,
    0x4a, 0x1d, 0x00, 0x00, 0x61, 0x1d, 0x00, 0x00, 0x78, 0x1d, 0x00, 0x00, 0x8e, 0x1d, 0x00, 0x00,
    0xa5, 0x1d, 0x00, 0x00, 0xbc, 0x1d, 0x00, 0x00, 0xd3, 0x1d, 0x00, 0x00, 0xe9, 0x1d, 0x00, 0x00,
    0xff, 0x1d, 0x00, 0x00, 0x16, 0x1e, 0x00, 0x00, 0x2c, 0x1e, 0x00, 0x00, 0x42, 0x1e, 0x00, 0x00,
    0x58, 0x1e, 0x00, 0x00, 0x6e, 0x1e, 0x00, 0x00, 0x84, 0x1e, 0x00, 0x00, 0x9a, 0x1e, 0x00, 0x00,
    0xb0, 0x1e, 0x00, 0x00, 0xc5, 0x1e, 0x00, 0x00, 0xdb, 0x1e, 0x00, 0x00, 0xf0, 0x1e, 0x00, 0x00,
    0x06, 0x1f, 0x00, 0x00, 0x1b, 0x1f, 0x00, 0x00, 0x30, 0x1f, 0x00, 0x00, 0x45, 0x1f, 0x00, 0x00,
    0x5a, 0x1f, 0x00, 0x00, 0x6f, 0x1f, 0x00, 0x00, 0x84, 0x1f, 0x00, 0x00, 0x99, 0x1f, 0x00, 0x00,
    0xae, 0x1f, 0x00, 0x00, 0xc3, 0x1f, 0x00, 0x00, 0xd7, 0x1f, 0x00, 0x00, 0xec, 0x1f, 0x00, 0x00,
    0x00, 0x20, 0x00, 0x00, 0x00, 0x20, 0x00, 0x00, 0x50, 0x73, 0x0c, 0x25, 0x9b, 0x53, 0x43, 0x00
};
extern "C" const unsigned char _rsincos[16624] = {  /* @0x80137d20 GTE recip cos/sin */
    0x00, 0x00, 0x00, 0x10, 0x06, 0x00, 0x00, 0x10, 0x0d, 0x00, 0x00, 0x10, 0x13, 0x00, 0x00, 0x10,
    0x19, 0x00, 0x00, 0x10, 0x1f, 0x00, 0x00, 0x10, 0x26, 0x00, 0x00, 0x10, 0x2c, 0x00, 0x00, 0x10,
    0x32, 0x00, 0x00, 0x10, 0x39, 0x00, 0x00, 0x10, 0x3f, 0x00, 0x00, 0x10, 0x45, 0x00, 0xff, 0x0f,
    0x4b, 0x00, 0xff, 0x0f, 0x52, 0x00, 0xff, 0x0f, 0x58, 0x00, 0xff, 0x0f, 0x5e, 0x00, 0xff, 0x0f,
    0x65, 0x00, 0xff, 0x0f, 0x6b, 0x00, 0xff, 0x0f, 0x71, 0x00, 0xfe, 0x0f, 0x77, 0x00, 0xfe, 0x0f,
    0x7e, 0x00, 0xfe, 0x0f, 0x84, 0x00, 0xfe, 0x0f, 0x8a, 0x00, 0xfe, 0x0f, 0x90, 0x00, 0xfd, 0x0f,
    0x97, 0x00, 0xfd, 0x0f, 0x9d, 0x00, 0xfd, 0x0f, 0xa3, 0x00, 0xfd, 0x0f, 0xaa, 0x00, 0xfc, 0x0f,
    0xb0, 0x00, 0xfc, 0x0f, 0xb6, 0x00, 0xfc, 0x0f, 0xbc, 0x00, 0xfc, 0x0f, 0xc3, 0x00, 0xfb, 0x0f,
    0xc9, 0x00, 0xfb, 0x0f, 0xcf, 0x00, 0xfb, 0x0f, 0xd6, 0x00, 0xfa, 0x0f, 0xdc, 0x00, 0xfa, 0x0f,
    0xe2, 0x00, 0xfa, 0x0f, 0xe8, 0x00, 0xf9, 0x0f, 0xef, 0x00, 0xf9, 0x0f, 0xf5, 0x00, 0xf9, 0x0f,
    0xfb, 0x00, 0xf8, 0x0f, 0x01, 0x01, 0xf8, 0x0f, 0x08, 0x01, 0xf8, 0x0f, 0x0e, 0x01, 0xf7, 0x0f,
    0x14, 0x01, 0xf7, 0x0f, 0x1b, 0x01, 0xf6, 0x0f, 0x21, 0x01, 0xf6, 0x0f, 0x27, 0x01, 0xf5, 0x0f,
    0x2d, 0x01, 0xf5, 0x0f, 0x34, 0x01, 0xf4, 0x0f, 0x3a, 0x01, 0xf4, 0x0f, 0x40, 0x01, 0xf3, 0x0f,
    0x46, 0x01, 0xf3, 0x0f, 0x4d, 0x01, 0xf2, 0x0f, 0x53, 0x01, 0xf2, 0x0f, 0x59, 0x01, 0xf1, 0x0f,
    0x5f, 0x01, 0xf1, 0x0f, 0x66, 0x01, 0xf0, 0x0f, 0x6c, 0x01, 0xf0, 0x0f, 0x72, 0x01, 0xef, 0x0f,
    0x78, 0x01, 0xef, 0x0f, 0x7f, 0x01, 0xee, 0x0f, 0x85, 0x01, 0xed, 0x0f, 0x8b, 0x01, 0xed, 0x0f,
    0x91, 0x01, 0xec, 0x0f, 0x98, 0x01, 0xec, 0x0f, 0x9e, 0x01, 0xeb, 0x0f, 0xa4, 0x01, 0xea, 0x0f,
    0xaa, 0x01, 0xea, 0x0f, 0xb1, 0x01, 0xe9, 0x0f, 0xb7, 0x01, 0xe8, 0x0f, 0xbd, 0x01, 0xe8, 0x0f,
    0xc3, 0x01, 0xe7, 0x0f, 0xca, 0x01, 0xe6, 0x0f, 0xd0, 0x01, 0xe6, 0x0f, 0xd6, 0x01, 0xe5, 0x0f,
    0xdc, 0x01, 0xe4, 0x0f, 0xe3, 0x01, 0xe3, 0x0f, 0xe9, 0x01, 0xe3, 0x0f, 0xef, 0x01, 0xe2, 0x0f,
    0xf5, 0x01, 0xe1, 0x0f, 0xfc, 0x01, 0xe0, 0x0f, 0x02, 0x02, 0xe0, 0x0f, 0x08, 0x02, 0xdf, 0x0f,
    0x0e, 0x02, 0xde, 0x0f, 0x15, 0x02, 0xdd, 0x0f, 0x1b, 0x02, 0xdc, 0x0f, 0x21, 0x02, 0xdc, 0x0f,
    0x27, 0x02, 0xdb, 0x0f, 0x2d, 0x02, 0xda, 0x0f, 0x34, 0x02, 0xd9, 0x0f, 0x3a, 0x02, 0xd8, 0x0f,
    0x40, 0x02, 0xd7, 0x0f, 0x46, 0x02, 0xd6, 0x0f, 0x4d, 0x02, 0xd5, 0x0f, 0x53, 0x02, 0xd5, 0x0f,
    0x59, 0x02, 0xd4, 0x0f, 0x5f, 0x02, 0xd3, 0x0f, 0x65, 0x02, 0xd2, 0x0f, 0x6c, 0x02, 0xd1, 0x0f,
    0x72, 0x02, 0xd0, 0x0f, 0x78, 0x02, 0xcf, 0x0f, 0x7e, 0x02, 0xce, 0x0f, 0x84, 0x02, 0xcd, 0x0f,
    0x8b, 0x02, 0xcc, 0x0f, 0x91, 0x02, 0xcb, 0x0f, 0x97, 0x02, 0xca, 0x0f, 0x9d, 0x02, 0xc9, 0x0f,
    0xa3, 0x02, 0xc8, 0x0f, 0xaa, 0x02, 0xc7, 0x0f, 0xb0, 0x02, 0xc6, 0x0f, 0xb6, 0x02, 0xc5, 0x0f,
    0xbc, 0x02, 0xc4, 0x0f, 0xc2, 0x02, 0xc3, 0x0f, 0xc9, 0x02, 0xc2, 0x0f, 0xcf, 0x02, 0xc0, 0x0f,
    0xd5, 0x02, 0xbf, 0x0f, 0xdb, 0x02, 0xbe, 0x0f, 0xe1, 0x02, 0xbd, 0x0f, 0xe8, 0x02, 0xbc, 0x0f,
    0xee, 0x02, 0xbb, 0x0f, 0xf4, 0x02, 0xba, 0x0f, 0xfa, 0x02, 0xb8, 0x0f, 0x00, 0x03, 0xb7, 0x0f,
    0x06, 0x03, 0xb6, 0x0f, 0x0d, 0x03, 0xb5, 0x0f, 0x13, 0x03, 0xb4, 0x0f, 0x19, 0x03, 0xb3, 0x0f,
    0x1f, 0x03, 0xb1, 0x0f, 0x25, 0x03, 0xb0, 0x0f, 0x2b, 0x03, 0xaf, 0x0f, 0x32, 0x03, 0xae, 0x0f,
    0x38, 0x03, 0xac, 0x0f, 0x3e, 0x03, 0xab, 0x0f, 0x44, 0x03, 0xaa, 0x0f, 0x4a, 0x03, 0xa8, 0x0f,
    0x50, 0x03, 0xa7, 0x0f, 0x56, 0x03, 0xa6, 0x0f, 0x5d, 0x03, 0xa5, 0x0f, 0x63, 0x03, 0xa3, 0x0f,
    0x69, 0x03, 0xa2, 0x0f, 0x6f, 0x03, 0xa1, 0x0f, 0x75, 0x03, 0x9f, 0x0f, 0x7b, 0x03, 0x9e, 0x0f,
    0x81, 0x03, 0x9c, 0x0f, 0x88, 0x03, 0x9b, 0x0f, 0x8e, 0x03, 0x9a, 0x0f, 0x94, 0x03, 0x98, 0x0f,
    0x9a, 0x03, 0x97, 0x0f, 0xa0, 0x03, 0x95, 0x0f, 0xa6, 0x03, 0x94, 0x0f, 0xac, 0x03, 0x93, 0x0f,
    0xb2, 0x03, 0x91, 0x0f, 0xb9, 0x03, 0x90, 0x0f, 0xbf, 0x03, 0x8e, 0x0f, 0xc5, 0x03, 0x8d, 0x0f,
    0xcb, 0x03, 0x8b, 0x0f, 0xd1, 0x03, 0x8a, 0x0f, 0xd7, 0x03, 0x88, 0x0f, 0xdd, 0x03, 0x87, 0x0f,
    0xe3, 0x03, 0x85, 0x0f, 0xe9, 0x03, 0x84, 0x0f, 0xef, 0x03, 0x82, 0x0f, 0xf6, 0x03, 0x81, 0x0f,
    0xfc, 0x03, 0x7f, 0x0f, 0x02, 0x04, 0x7d, 0x0f, 0x08, 0x04, 0x7c, 0x0f, 0x0e, 0x04, 0x7a, 0x0f,
    0x14, 0x04, 0x79, 0x0f, 0x1a, 0x04, 0x77, 0x0f, 0x20, 0x04, 0x76, 0x0f, 0x26, 0x04, 0x74, 0x0f,
    0x2c, 0x04, 0x72, 0x0f, 0x32, 0x04, 0x71, 0x0f, 0x38, 0x04, 0x6f, 0x0f, 0x3e, 0x04, 0x6d, 0x0f,
    0x44, 0x04, 0x6c, 0x0f, 0x4b, 0x04, 0x6a, 0x0f, 0x51, 0x04, 0x68, 0x0f, 0x57, 0x04, 0x67, 0x0f,
    0x5d, 0x04, 0x65, 0x0f, 0x63, 0x04, 0x63, 0x0f, 0x69, 0x04, 0x61, 0x0f, 0x6f, 0x04, 0x60, 0x0f,
    0x75, 0x04, 0x5e, 0x0f, 0x7b, 0x04, 0x5c, 0x0f, 0x81, 0x04, 0x5a, 0x0f, 0x87, 0x04, 0x59, 0x0f,
    0x8d, 0x04, 0x57, 0x0f, 0x93, 0x04, 0x55, 0x0f, 0x99, 0x04, 0x53, 0x0f, 0x9f, 0x04, 0x51, 0x0f,
    0xa5, 0x04, 0x50, 0x0f, 0xab, 0x04, 0x4e, 0x0f, 0xb1, 0x04, 0x4c, 0x0f, 0xb7, 0x04, 0x4a, 0x0f,
    0xbd, 0x04, 0x48, 0x0f, 0xc3, 0x04, 0x46, 0x0f, 0xc9, 0x04, 0x45, 0x0f, 0xcf, 0x04, 0x43, 0x0f,
    0xd5, 0x04, 0x41, 0x0f, 0xdb, 0x04, 0x3f, 0x0f, 0xe1, 0x04, 0x3d, 0x0f, 0xe7, 0x04, 0x3b, 0x0f,
    0xed, 0x04, 0x39, 0x0f, 0xf3, 0x04, 0x37, 0x0f, 0xf9, 0x04, 0x35, 0x0f, 0xff, 0x04, 0x33, 0x0f,
    0x05, 0x05, 0x31, 0x0f, 0x0b, 0x05, 0x2f, 0x0f, 0x11, 0x05, 0x2d, 0x0f, 0x17, 0x05, 0x2b, 0x0f,
    0x1d, 0x05, 0x29, 0x0f, 0x23, 0x05, 0x27, 0x0f, 0x29, 0x05, 0x25, 0x0f, 0x2f, 0x05, 0x23, 0x0f,
    0x34, 0x05, 0x21, 0x0f, 0x3a, 0x05, 0x1f, 0x0f, 0x40, 0x05, 0x1d, 0x0f, 0x46, 0x05, 0x1b, 0x0f,
    0x4c, 0x05, 0x19, 0x0f, 0x52, 0x05, 0x17, 0x0f, 0x58, 0x05, 0x15, 0x0f, 0x5e, 0x05, 0x13, 0x0f,
    0x64, 0x05, 0x11, 0x0f, 0x6a, 0x05, 0x0e, 0x0f, 0x70, 0x05, 0x0c, 0x0f, 0x76, 0x05, 0x0a, 0x0f,
    0x7c, 0x05, 0x08, 0x0f, 0x81, 0x05, 0x06, 0x0f, 0x87, 0x05, 0x04, 0x0f, 0x8d, 0x05, 0x02, 0x0f,
    0x93, 0x05, 0xff, 0x0e, 0x99, 0x05, 0xfd, 0x0e, 0x9f, 0x05, 0xfb, 0x0e, 0xa5, 0x05, 0xf9, 0x0e,
    0xab, 0x05, 0xf7, 0x0e, 0xb1, 0x05, 0xf4, 0x0e, 0xb6, 0x05, 0xf2, 0x0e, 0xbc, 0x05, 0xf0, 0x0e,
    0xc2, 0x05, 0xee, 0x0e, 0xc8, 0x05, 0xeb, 0x0e, 0xce, 0x05, 0xe9, 0x0e, 0xd4, 0x05, 0xe7, 0x0e,
    0xda, 0x05, 0xe4, 0x0e, 0xdf, 0x05, 0xe2, 0x0e, 0xe5, 0x05, 0xe0, 0x0e, 0xeb, 0x05, 0xdd, 0x0e,
    0xf1, 0x05, 0xdb, 0x0e, 0xf7, 0x05, 0xd9, 0x0e, 0xfd, 0x05, 0xd6, 0x0e, 0x02, 0x06, 0xd4, 0x0e,
    0x08, 0x06, 0xd2, 0x0e, 0x0e, 0x06, 0xcf, 0x0e, 0x14, 0x06, 0xcd, 0x0e, 0x1a, 0x06, 0xcb, 0x0e,
    0x1f, 0x06, 0xc8, 0x0e, 0x25, 0x06, 0xc6, 0x0e, 0x2b, 0x06, 0xc3, 0x0e, 0x31, 0x06, 0xc1, 0x0e,
    0x37, 0x06, 0xbf, 0x0e, 0x3c, 0x06, 0xbc, 0x0e, 0x42, 0x06, 0xba, 0x0e, 0x48, 0x06, 0xb7, 0x0e,
    0x4e, 0x06, 0xb5, 0x0e, 0x54, 0x06, 0xb2, 0x0e, 0x59, 0x06, 0xb0, 0x0e, 0x5f, 0x06, 0xad, 0x0e,
    0x65, 0x06, 0xab, 0x0e, 0x6b, 0x06, 0xa8, 0x0e, 0x70, 0x06, 0xa6, 0x0e, 0x76, 0x06, 0xa3, 0x0e,
    0x7c, 0x06, 0xa1, 0x0e, 0x82, 0x06, 0x9e, 0x0e, 0x87, 0x06, 0x9b, 0x0e, 0x8d, 0x06, 0x99, 0x0e,
    0x93, 0x06, 0x96, 0x0e, 0x99, 0x06, 0x94, 0x0e, 0x9e, 0x06, 0x91, 0x0e, 0xa4, 0x06, 0x8f, 0x0e,
    0xaa, 0x06, 0x8c, 0x0e, 0xaf, 0x06, 0x89, 0x0e, 0xb5, 0x06, 0x87, 0x0e, 0xbb, 0x06, 0x84, 0x0e,
    0xc1, 0x06, 0x81, 0x0e, 0xc6, 0x06, 0x7f, 0x0e, 0xcc, 0x06, 0x7c, 0x0e, 0xd2, 0x06, 0x79, 0x0e,
    0xd7, 0x06, 0x77, 0x0e, 0xdd, 0x06, 0x74, 0x0e, 0xe3, 0x06, 0x71, 0x0e, 0xe8, 0x06, 0x6f, 0x0e,
    0xee, 0x06, 0x6c, 0x0e, 0xf4, 0x06, 0x69, 0x0e, 0xf9, 0x06, 0x66, 0x0e, 0xff, 0x06, 0x64, 0x0e,
    0x05, 0x07, 0x61, 0x0e, 0x0a, 0x07, 0x5e, 0x0e, 0x10, 0x07, 0x5b, 0x0e, 0x15, 0x07, 0x59, 0x0e,
    0x1b, 0x07, 0x56, 0x0e, 0x21, 0x07, 0x53, 0x0e, 0x26, 0x07, 0x50, 0x0e, 0x2c, 0x07, 0x4d, 0x0e,
    0x32, 0x07, 0x4b, 0x0e, 0x37, 0x07, 0x48, 0x0e, 0x3d, 0x07, 0x45, 0x0e, 0x42, 0x07, 0x42, 0x0e,
    0x48, 0x07, 0x3f, 0x0e, 0x4e, 0x07, 0x3c, 0x0e, 0x53, 0x07, 0x3a, 0x0e, 0x59, 0x07, 0x37, 0x0e,
    0x5e, 0x07, 0x34, 0x0e, 0x64, 0x07, 0x31, 0x0e, 0x6a, 0x07, 0x2e, 0x0e, 0x6f, 0x07, 0x2b, 0x0e,
    0x75, 0x07, 0x28, 0x0e, 0x7a, 0x07, 0x25, 0x0e, 0x80, 0x07, 0x22, 0x0e, 0x85, 0x07, 0x1f, 0x0e,
    0x8b, 0x07, 0x1c, 0x0e, 0x90, 0x07, 0x19, 0x0e, 0x96, 0x07, 0x16, 0x0e, 0x9b, 0x07, 0x13, 0x0e,
    0xa1, 0x07, 0x10, 0x0e, 0xa6, 0x07, 0x0d, 0x0e, 0xac, 0x07, 0x0a, 0x0e, 0xb2, 0x07, 0x07, 0x0e,
    0xb7, 0x07, 0x04, 0x0e, 0xbd, 0x07, 0x01, 0x0e, 0xc2, 0x07, 0xfe, 0x0d, 0xc8, 0x07, 0xfb, 0x0d,
    0xcd, 0x07, 0xf8, 0x0d, 0xd2, 0x07, 0xf5, 0x0d, 0xd8, 0x07, 0xf2, 0x0d, 0xdd, 0x07, 0xef, 0x0d,
    0xe3, 0x07, 0xec, 0x0d, 0xe8, 0x07, 0xe9, 0x0d, 0xee, 0x07, 0xe6, 0x0d, 0xf3, 0x07, 0xe3, 0x0d,
    0xf9, 0x07, 0xdf, 0x0d, 0xfe, 0x07, 0xdc, 0x0d, 0x04, 0x08, 0xd9, 0x0d, 0x09, 0x08, 0xd6, 0x0d,
    0x0e, 0x08, 0xd3, 0x0d, 0x14, 0x08, 0xd0, 0x0d, 0x19, 0x08, 0xcc, 0x0d, 0x1f, 0x08, 0xc9, 0x0d,
    0x24, 0x08, 0xc6, 0x0d, 0x2a, 0x08, 0xc3, 0x0d, 0x2f, 0x08, 0xc0, 0x0d, 0x34, 0x08, 0xbc, 0x0d,
    0x3a, 0x08, 0xb9, 0x0d, 0x3f, 0x08, 0xb6, 0x0d, 0x45, 0x08, 0xb3, 0x0d, 0x4a, 0x08, 0xb0, 0x0d,
    0x4f, 0x08, 0xac, 0x0d, 0x55, 0x08, 0xa9, 0x0d, 0x5a, 0x08, 0xa6, 0x0d, 0x5f, 0x08, 0xa2, 0x0d,
    0x65, 0x08, 0x9f, 0x0d, 0x6a, 0x08, 0x9c, 0x0d, 0x6f, 0x08, 0x99, 0x0d, 0x75, 0x08, 0x95, 0x0d,
    0x7a, 0x08, 0x92, 0x0d, 0x7f, 0x08, 0x8f, 0x0d, 0x85, 0x08, 0x8b, 0x0d, 0x8a, 0x08, 0x88, 0x0d,
    0x8f, 0x08, 0x85, 0x0d, 0x95, 0x08, 0x81, 0x0d, 0x9a, 0x08, 0x7e, 0x0d, 0x9f, 0x08, 0x7a, 0x0d,
    0xa5, 0x08, 0x77, 0x0d, 0xaa, 0x08, 0x74, 0x0d, 0xaf, 0x08, 0x70, 0x0d, 0xb4, 0x08, 0x6d, 0x0d,
    0xba, 0x08, 0x69, 0x0d, 0xbf, 0x08, 0x66, 0x0d, 0xc4, 0x08, 0x62, 0x0d, 0xc9, 0x08, 0x5f, 0x0d,
    0xcf, 0x08, 0x5c, 0x0d, 0xd4, 0x08, 0x58, 0x0d, 0xd9, 0x08, 0x55, 0x0d, 0xde, 0x08, 0x51, 0x0d,
    0xe4, 0x08, 0x4e, 0x0d, 0xe9, 0x08, 0x4a, 0x0d, 0xee, 0x08, 0x47, 0x0d, 0xf3, 0x08, 0x43, 0x0d,
    0xf8, 0x08, 0x40, 0x0d, 0xfe, 0x08, 0x3c, 0x0d, 0x03, 0x09, 0x39, 0x0d, 0x08, 0x09, 0x35, 0x0d,
    0x0d, 0x09, 0x32, 0x0d, 0x12, 0x09, 0x2e, 0x0d, 0x18, 0x09, 0x2a, 0x0d, 0x1d, 0x09, 0x27, 0x0d,
    0x22, 0x09, 0x23, 0x0d, 0x27, 0x09, 0x20, 0x0d, 0x2c, 0x09, 0x1c, 0x0d, 0x31, 0x09, 0x18, 0x0d,
    0x37, 0x09, 0x15, 0x0d, 0x3c, 0x09, 0x11, 0x0d, 0x41, 0x09, 0x0e, 0x0d, 0x46, 0x09, 0x0a, 0x0d,
    0x4b, 0x09, 0x06, 0x0d, 0x50, 0x09, 0x03, 0x0d, 0x55, 0x09, 0xff, 0x0c, 0x5a, 0x09, 0xfb, 0x0c,
    0x5f, 0x09, 0xf8, 0x0c, 0x65, 0x09, 0xf4, 0x0c, 0x6a, 0x09, 0xf0, 0x0c, 0x6f, 0x09, 0xed, 0x0c,
    0x74, 0x09, 0xe9, 0x0c, 0x79, 0x09, 0xe5, 0x0c, 0x7e, 0x09, 0xe1, 0x0c, 0x83, 0x09, 0xde, 0x0c,
    0x88, 0x09, 0xda, 0x0c, 0x8d, 0x09, 0xd6, 0x0c, 0x92, 0x09, 0xd2, 0x0c, 0x97, 0x09, 0xcf, 0x0c,
    0x9c, 0x09, 0xcb, 0x0c, 0xa1, 0x09, 0xc7, 0x0c, 0xa6, 0x09, 0xc3, 0x0c, 0xab, 0x09, 0xc0, 0x0c,
    0xb0, 0x09, 0xbc, 0x0c, 0xb5, 0x09, 0xb8, 0x0c, 0xba, 0x09, 0xb4, 0x0c, 0xbf, 0x09, 0xb0, 0x0c,
    0xc4, 0x09, 0xac, 0x0c, 0xc9, 0x09, 0xa9, 0x0c, 0xce, 0x09, 0xa5, 0x0c, 0xd3, 0x09, 0xa1, 0x0c,
    0xd8, 0x09, 0x9d, 0x0c, 0xdd, 0x09, 0x99, 0x0c, 0xe2, 0x09, 0x95, 0x0c, 0xe7, 0x09, 0x91, 0x0c,
    0xec, 0x09, 0x8e, 0x0c, 0xf1, 0x09, 0x8a, 0x0c, 0xf6, 0x09, 0x86, 0x0c, 0xfb, 0x09, 0x82, 0x0c,
    0xff, 0x09, 0x7e, 0x0c, 0x04, 0x0a, 0x7a, 0x0c, 0x09, 0x0a, 0x76, 0x0c, 0x0e, 0x0a, 0x72, 0x0c,
    0x13, 0x0a, 0x6e, 0x0c, 0x18, 0x0a, 0x6a, 0x0c, 0x1d, 0x0a, 0x66, 0x0c, 0x22, 0x0a, 0x62, 0x0c,
    0x26, 0x0a, 0x5e, 0x0c, 0x2b, 0x0a, 0x5a, 0x0c, 0x30, 0x0a, 0x56, 0x0c, 0x35, 0x0a, 0x52, 0x0c,
    0x3a, 0x0a, 0x4e, 0x0c, 0x3f, 0x0a, 0x4a, 0x0c, 0x44, 0x0a, 0x46, 0x0c, 0x48, 0x0a, 0x42, 0x0c,
    0x4d, 0x0a, 0x3e, 0x0c, 0x52, 0x0a, 0x3a, 0x0c, 0x57, 0x0a, 0x36, 0x0c, 0x5c, 0x0a, 0x32, 0x0c,
    0x60, 0x0a, 0x2e, 0x0c, 0x65, 0x0a, 0x2a, 0x0c, 0x6a, 0x0a, 0x26, 0x0c, 0x6f, 0x0a, 0x22, 0x0c,
    0x73, 0x0a, 0x1e, 0x0c, 0x78, 0x0a, 0x19, 0x0c, 0x7d, 0x0a, 0x15, 0x0c, 0x82, 0x0a, 0x11, 0x0c,
    0x86, 0x0a, 0x0d, 0x0c, 0x8b, 0x0a, 0x09, 0x0c, 0x90, 0x0a, 0x05, 0x0c, 0x95, 0x0a, 0x01, 0x0c,
    0x99, 0x0a, 0xfc, 0x0b, 0x9e, 0x0a, 0xf8, 0x0b, 0xa3, 0x0a, 0xf4, 0x0b, 0xa7, 0x0a, 0xf0, 0x0b,
    0xac, 0x0a, 0xec, 0x0b, 0xb1, 0x0a, 0xe8, 0x0b, 0xb5, 0x0a, 0xe3, 0x0b, 0xba, 0x0a, 0xdf, 0x0b,
    0xbf, 0x0a, 0xdb, 0x0b, 0xc3, 0x0a, 0xd7, 0x0b, 0xc8, 0x0a, 0xd2, 0x0b, 0xcd, 0x0a, 0xce, 0x0b,
    0xd1, 0x0a, 0xca, 0x0b, 0xd6, 0x0a, 0xc6, 0x0b, 0xdb, 0x0a, 0xc1, 0x0b, 0xdf, 0x0a, 0xbd, 0x0b,
    0xe4, 0x0a, 0xb9, 0x0b, 0xe8, 0x0a, 0xb5, 0x0b, 0xed, 0x0a, 0xb0, 0x0b, 0xf2, 0x0a, 0xac, 0x0b,
    0xf6, 0x0a, 0xa8, 0x0b, 0xfb, 0x0a, 0xa3, 0x0b, 0xff, 0x0a, 0x9f, 0x0b, 0x04, 0x0b, 0x9b, 0x0b,
    0x08, 0x0b, 0x97, 0x0b, 0x0d, 0x0b, 0x92, 0x0b, 0x11, 0x0b, 0x8e, 0x0b, 0x16, 0x0b, 0x89, 0x0b,
    0x1b, 0x0b, 0x85, 0x0b, 0x1f, 0x0b, 0x81, 0x0b, 0x24, 0x0b, 0x7c, 0x0b, 0x28, 0x0b, 0x78, 0x0b,
    0x2d, 0x0b, 0x74, 0x0b, 0x31, 0x0b, 0x6f, 0x0b, 0x36, 0x0b, 0x6b, 0x0b, 0x3a, 0x0b, 0x66, 0x0b,
    0x3e, 0x0b, 0x62, 0x0b, 0x43, 0x0b, 0x5e, 0x0b, 0x47, 0x0b, 0x59, 0x0b, 0x4c, 0x0b, 0x55, 0x0b,
    0x50, 0x0b, 0x50, 0x0b, 0x55, 0x0b, 0x4c, 0x0b, 0x59, 0x0b, 0x47, 0x0b, 0x5e, 0x0b, 0x43, 0x0b,
    0x62, 0x0b, 0x3e, 0x0b, 0x66, 0x0b, 0x3a, 0x0b, 0x6b, 0x0b, 0x36, 0x0b, 0x6f, 0x0b, 0x31, 0x0b,
    0x74, 0x0b, 0x2d, 0x0b, 0x78, 0x0b, 0x28, 0x0b, 0x7c, 0x0b, 0x24, 0x0b, 0x81, 0x0b, 0x1f, 0x0b,
    0x85, 0x0b, 0x1b, 0x0b, 0x89, 0x0b, 0x16, 0x0b, 0x8e, 0x0b, 0x11, 0x0b, 0x92, 0x0b, 0x0d, 0x0b,
    0x97, 0x0b, 0x08, 0x0b, 0x9b, 0x0b, 0x04, 0x0b, 0x9f, 0x0b, 0xff, 0x0a, 0xa3, 0x0b, 0xfb, 0x0a,
    0xa8, 0x0b, 0xf6, 0x0a, 0xac, 0x0b, 0xf2, 0x0a, 0xb0, 0x0b, 0xed, 0x0a, 0xb5, 0x0b, 0xe8, 0x0a,
    0xb9, 0x0b, 0xe4, 0x0a, 0xbd, 0x0b, 0xdf, 0x0a, 0xc1, 0x0b, 0xdb, 0x0a, 0xc6, 0x0b, 0xd6, 0x0a,
    0xca, 0x0b, 0xd1, 0x0a, 0xce, 0x0b, 0xcd, 0x0a, 0xd2, 0x0b, 0xc8, 0x0a, 0xd7, 0x0b, 0xc3, 0x0a,
    0xdb, 0x0b, 0xbf, 0x0a, 0xdf, 0x0b, 0xba, 0x0a, 0xe3, 0x0b, 0xb5, 0x0a, 0xe8, 0x0b, 0xb1, 0x0a,
    0xec, 0x0b, 0xac, 0x0a, 0xf0, 0x0b, 0xa7, 0x0a, 0xf4, 0x0b, 0xa3, 0x0a, 0xf8, 0x0b, 0x9e, 0x0a,
    0xfc, 0x0b, 0x99, 0x0a, 0x01, 0x0c, 0x95, 0x0a, 0x05, 0x0c, 0x90, 0x0a, 0x09, 0x0c, 0x8b, 0x0a,
    0x0d, 0x0c, 0x86, 0x0a, 0x11, 0x0c, 0x82, 0x0a, 0x15, 0x0c, 0x7d, 0x0a, 0x19, 0x0c, 0x78, 0x0a,
    0x1e, 0x0c, 0x73, 0x0a, 0x22, 0x0c, 0x6f, 0x0a, 0x26, 0x0c, 0x6a, 0x0a, 0x2a, 0x0c, 0x65, 0x0a,
    0x2e, 0x0c, 0x60, 0x0a, 0x32, 0x0c, 0x5c, 0x0a, 0x36, 0x0c, 0x57, 0x0a, 0x3a, 0x0c, 0x52, 0x0a,
    0x3e, 0x0c, 0x4d, 0x0a, 0x42, 0x0c, 0x48, 0x0a, 0x46, 0x0c, 0x44, 0x0a, 0x4a, 0x0c, 0x3f, 0x0a,
    0x4e, 0x0c, 0x3a, 0x0a, 0x52, 0x0c, 0x35, 0x0a, 0x56, 0x0c, 0x30, 0x0a, 0x5a, 0x0c, 0x2b, 0x0a,
    0x5e, 0x0c, 0x26, 0x0a, 0x62, 0x0c, 0x22, 0x0a, 0x66, 0x0c, 0x1d, 0x0a, 0x6a, 0x0c, 0x18, 0x0a,
    0x6e, 0x0c, 0x13, 0x0a, 0x72, 0x0c, 0x0e, 0x0a, 0x76, 0x0c, 0x09, 0x0a, 0x7a, 0x0c, 0x04, 0x0a,
    0x7e, 0x0c, 0xff, 0x09, 0x82, 0x0c, 0xfb, 0x09, 0x86, 0x0c, 0xf6, 0x09, 0x8a, 0x0c, 0xf1, 0x09,
    0x8e, 0x0c, 0xec, 0x09, 0x91, 0x0c, 0xe7, 0x09, 0x95, 0x0c, 0xe2, 0x09, 0x99, 0x0c, 0xdd, 0x09,
    0x9d, 0x0c, 0xd8, 0x09, 0xa1, 0x0c, 0xd3, 0x09, 0xa5, 0x0c, 0xce, 0x09, 0xa9, 0x0c, 0xc9, 0x09,
    0xac, 0x0c, 0xc4, 0x09, 0xb0, 0x0c, 0xbf, 0x09, 0xb4, 0x0c, 0xba, 0x09, 0xb8, 0x0c, 0xb5, 0x09,
    0xbc, 0x0c, 0xb0, 0x09, 0xc0, 0x0c, 0xab, 0x09, 0xc3, 0x0c, 0xa6, 0x09, 0xc7, 0x0c, 0xa1, 0x09,
    0xcb, 0x0c, 0x9c, 0x09, 0xcf, 0x0c, 0x97, 0x09, 0xd2, 0x0c, 0x92, 0x09, 0xd6, 0x0c, 0x8d, 0x09,
    0xda, 0x0c, 0x88, 0x09, 0xde, 0x0c, 0x83, 0x09, 0xe1, 0x0c, 0x7e, 0x09, 0xe5, 0x0c, 0x79, 0x09,
    0xe9, 0x0c, 0x74, 0x09, 0xed, 0x0c, 0x6f, 0x09, 0xf0, 0x0c, 0x6a, 0x09, 0xf4, 0x0c, 0x65, 0x09,
    0xf8, 0x0c, 0x5f, 0x09, 0xfb, 0x0c, 0x5a, 0x09, 0xff, 0x0c, 0x55, 0x09, 0x03, 0x0d, 0x50, 0x09,
    0x06, 0x0d, 0x4b, 0x09, 0x0a, 0x0d, 0x46, 0x09, 0x0e, 0x0d, 0x41, 0x09, 0x11, 0x0d, 0x3c, 0x09,
    0x15, 0x0d, 0x37, 0x09, 0x18, 0x0d, 0x31, 0x09, 0x1c, 0x0d, 0x2c, 0x09, 0x20, 0x0d, 0x27, 0x09,
    0x23, 0x0d, 0x22, 0x09, 0x27, 0x0d, 0x1d, 0x09, 0x2a, 0x0d, 0x18, 0x09, 0x2e, 0x0d, 0x12, 0x09,
    0x32, 0x0d, 0x0d, 0x09, 0x35, 0x0d, 0x08, 0x09, 0x39, 0x0d, 0x03, 0x09, 0x3c, 0x0d, 0xfe, 0x08,
    0x40, 0x0d, 0xf8, 0x08, 0x43, 0x0d, 0xf3, 0x08, 0x47, 0x0d, 0xee, 0x08, 0x4a, 0x0d, 0xe9, 0x08,
    0x4e, 0x0d, 0xe4, 0x08, 0x51, 0x0d, 0xde, 0x08, 0x55, 0x0d, 0xd9, 0x08, 0x58, 0x0d, 0xd4, 0x08,
    0x5c, 0x0d, 0xcf, 0x08, 0x5f, 0x0d, 0xc9, 0x08, 0x62, 0x0d, 0xc4, 0x08, 0x66, 0x0d, 0xbf, 0x08,
    0x69, 0x0d, 0xba, 0x08, 0x6d, 0x0d, 0xb4, 0x08, 0x70, 0x0d, 0xaf, 0x08, 0x74, 0x0d, 0xaa, 0x08,
    0x77, 0x0d, 0xa5, 0x08, 0x7a, 0x0d, 0x9f, 0x08, 0x7e, 0x0d, 0x9a, 0x08, 0x81, 0x0d, 0x95, 0x08,
    0x85, 0x0d, 0x8f, 0x08, 0x88, 0x0d, 0x8a, 0x08, 0x8b, 0x0d, 0x85, 0x08, 0x8f, 0x0d, 0x7f, 0x08,
    0x92, 0x0d, 0x7a, 0x08, 0x95, 0x0d, 0x75, 0x08, 0x99, 0x0d, 0x6f, 0x08, 0x9c, 0x0d, 0x6a, 0x08,
    0x9f, 0x0d, 0x65, 0x08, 0xa2, 0x0d, 0x5f, 0x08, 0xa6, 0x0d, 0x5a, 0x08, 0xa9, 0x0d, 0x55, 0x08,
    0xac, 0x0d, 0x4f, 0x08, 0xb0, 0x0d, 0x4a, 0x08, 0xb3, 0x0d, 0x45, 0x08, 0xb6, 0x0d, 0x3f, 0x08,
    0xb9, 0x0d, 0x3a, 0x08, 0xbc, 0x0d, 0x34, 0x08, 0xc0, 0x0d, 0x2f, 0x08, 0xc3, 0x0d, 0x2a, 0x08,
    0xc6, 0x0d, 0x24, 0x08, 0xc9, 0x0d, 0x1f, 0x08, 0xcc, 0x0d, 0x19, 0x08, 0xd0, 0x0d, 0x14, 0x08,
    0xd3, 0x0d, 0x0e, 0x08, 0xd6, 0x0d, 0x09, 0x08, 0xd9, 0x0d, 0x04, 0x08, 0xdc, 0x0d, 0xfe, 0x07,
    0xdf, 0x0d, 0xf9, 0x07, 0xe3, 0x0d, 0xf3, 0x07, 0xe6, 0x0d, 0xee, 0x07, 0xe9, 0x0d, 0xe8, 0x07,
    0xec, 0x0d, 0xe3, 0x07, 0xef, 0x0d, 0xdd, 0x07, 0xf2, 0x0d, 0xd8, 0x07, 0xf5, 0x0d, 0xd2, 0x07,
    0xf8, 0x0d, 0xcd, 0x07, 0xfb, 0x0d, 0xc8, 0x07, 0xfe, 0x0d, 0xc2, 0x07, 0x01, 0x0e, 0xbd, 0x07,
    0x04, 0x0e, 0xb7, 0x07, 0x07, 0x0e, 0xb2, 0x07, 0x0a, 0x0e, 0xac, 0x07, 0x0d, 0x0e, 0xa6, 0x07,
    0x10, 0x0e, 0xa1, 0x07, 0x13, 0x0e, 0x9b, 0x07, 0x16, 0x0e, 0x96, 0x07, 0x19, 0x0e, 0x90, 0x07,
    0x1c, 0x0e, 0x8b, 0x07, 0x1f, 0x0e, 0x85, 0x07, 0x22, 0x0e, 0x80, 0x07, 0x25, 0x0e, 0x7a, 0x07,
    0x28, 0x0e, 0x75, 0x07, 0x2b, 0x0e, 0x6f, 0x07, 0x2e, 0x0e, 0x6a, 0x07, 0x31, 0x0e, 0x64, 0x07,
    0x34, 0x0e, 0x5e, 0x07, 0x37, 0x0e, 0x59, 0x07, 0x3a, 0x0e, 0x53, 0x07, 0x3c, 0x0e, 0x4e, 0x07,
    0x3f, 0x0e, 0x48, 0x07, 0x42, 0x0e, 0x42, 0x07, 0x45, 0x0e, 0x3d, 0x07, 0x48, 0x0e, 0x37, 0x07,
    0x4b, 0x0e, 0x32, 0x07, 0x4d, 0x0e, 0x2c, 0x07, 0x50, 0x0e, 0x26, 0x07, 0x53, 0x0e, 0x21, 0x07,
    0x56, 0x0e, 0x1b, 0x07, 0x59, 0x0e, 0x15, 0x07, 0x5b, 0x0e, 0x10, 0x07, 0x5e, 0x0e, 0x0a, 0x07,
    0x61, 0x0e, 0x05, 0x07, 0x64, 0x0e, 0xff, 0x06, 0x66, 0x0e, 0xf9, 0x06, 0x69, 0x0e, 0xf4, 0x06,
    0x6c, 0x0e, 0xee, 0x06, 0x6f, 0x0e, 0xe8, 0x06, 0x71, 0x0e, 0xe3, 0x06, 0x74, 0x0e, 0xdd, 0x06,
    0x77, 0x0e, 0xd7, 0x06, 0x79, 0x0e, 0xd2, 0x06, 0x7c, 0x0e, 0xcc, 0x06, 0x7f, 0x0e, 0xc6, 0x06,
    0x81, 0x0e, 0xc1, 0x06, 0x84, 0x0e, 0xbb, 0x06, 0x87, 0x0e, 0xb5, 0x06, 0x89, 0x0e, 0xaf, 0x06,
    0x8c, 0x0e, 0xaa, 0x06, 0x8f, 0x0e, 0xa4, 0x06, 0x91, 0x0e, 0x9e, 0x06, 0x94, 0x0e, 0x99, 0x06,
    0x96, 0x0e, 0x93, 0x06, 0x99, 0x0e, 0x8d, 0x06, 0x9b, 0x0e, 0x87, 0x06, 0x9e, 0x0e, 0x82, 0x06,
    0xa1, 0x0e, 0x7c, 0x06, 0xa3, 0x0e, 0x76, 0x06, 0xa6, 0x0e, 0x70, 0x06, 0xa8, 0x0e, 0x6b, 0x06,
    0xab, 0x0e, 0x65, 0x06, 0xad, 0x0e, 0x5f, 0x06, 0xb0, 0x0e, 0x59, 0x06, 0xb2, 0x0e, 0x54, 0x06,
    0xb5, 0x0e, 0x4e, 0x06, 0xb7, 0x0e, 0x48, 0x06, 0xba, 0x0e, 0x42, 0x06, 0xbc, 0x0e, 0x3c, 0x06,
    0xbf, 0x0e, 0x37, 0x06, 0xc1, 0x0e, 0x31, 0x06, 0xc3, 0x0e, 0x2b, 0x06, 0xc6, 0x0e, 0x25, 0x06,
    0xc8, 0x0e, 0x1f, 0x06, 0xcb, 0x0e, 0x1a, 0x06, 0xcd, 0x0e, 0x14, 0x06, 0xcf, 0x0e, 0x0e, 0x06,
    0xd2, 0x0e, 0x08, 0x06, 0xd4, 0x0e, 0x02, 0x06, 0xd6, 0x0e, 0xfd, 0x05, 0xd9, 0x0e, 0xf7, 0x05,
    0xdb, 0x0e, 0xf1, 0x05, 0xdd, 0x0e, 0xeb, 0x05, 0xe0, 0x0e, 0xe5, 0x05, 0xe2, 0x0e, 0xdf, 0x05,
    0xe4, 0x0e, 0xda, 0x05, 0xe7, 0x0e, 0xd4, 0x05, 0xe9, 0x0e, 0xce, 0x05, 0xeb, 0x0e, 0xc8, 0x05,
    0xee, 0x0e, 0xc2, 0x05, 0xf0, 0x0e, 0xbc, 0x05, 0xf2, 0x0e, 0xb6, 0x05, 0xf4, 0x0e, 0xb1, 0x05,
    0xf7, 0x0e, 0xab, 0x05, 0xf9, 0x0e, 0xa5, 0x05, 0xfb, 0x0e, 0x9f, 0x05, 0xfd, 0x0e, 0x99, 0x05,
    0xff, 0x0e, 0x93, 0x05, 0x02, 0x0f, 0x8d, 0x05, 0x04, 0x0f, 0x87, 0x05, 0x06, 0x0f, 0x81, 0x05,
    0x08, 0x0f, 0x7c, 0x05, 0x0a, 0x0f, 0x76, 0x05, 0x0c, 0x0f, 0x70, 0x05, 0x0e, 0x0f, 0x6a, 0x05,
    0x11, 0x0f, 0x64, 0x05, 0x13, 0x0f, 0x5e, 0x05, 0x15, 0x0f, 0x58, 0x05, 0x17, 0x0f, 0x52, 0x05,
    0x19, 0x0f, 0x4c, 0x05, 0x1b, 0x0f, 0x46, 0x05, 0x1d, 0x0f, 0x40, 0x05, 0x1f, 0x0f, 0x3a, 0x05,
    0x21, 0x0f, 0x34, 0x05, 0x23, 0x0f, 0x2f, 0x05, 0x25, 0x0f, 0x29, 0x05, 0x27, 0x0f, 0x23, 0x05,
    0x29, 0x0f, 0x1d, 0x05, 0x2b, 0x0f, 0x17, 0x05, 0x2d, 0x0f, 0x11, 0x05, 0x2f, 0x0f, 0x0b, 0x05,
    0x31, 0x0f, 0x05, 0x05, 0x33, 0x0f, 0xff, 0x04, 0x35, 0x0f, 0xf9, 0x04, 0x37, 0x0f, 0xf3, 0x04,
    0x39, 0x0f, 0xed, 0x04, 0x3b, 0x0f, 0xe7, 0x04, 0x3d, 0x0f, 0xe1, 0x04, 0x3f, 0x0f, 0xdb, 0x04,
    0x41, 0x0f, 0xd5, 0x04, 0x43, 0x0f, 0xcf, 0x04, 0x45, 0x0f, 0xc9, 0x04, 0x46, 0x0f, 0xc3, 0x04,
    0x48, 0x0f, 0xbd, 0x04, 0x4a, 0x0f, 0xb7, 0x04, 0x4c, 0x0f, 0xb1, 0x04, 0x4e, 0x0f, 0xab, 0x04,
    0x50, 0x0f, 0xa5, 0x04, 0x51, 0x0f, 0x9f, 0x04, 0x53, 0x0f, 0x99, 0x04, 0x55, 0x0f, 0x93, 0x04,
    0x57, 0x0f, 0x8d, 0x04, 0x59, 0x0f, 0x87, 0x04, 0x5a, 0x0f, 0x81, 0x04, 0x5c, 0x0f, 0x7b, 0x04,
    0x5e, 0x0f, 0x75, 0x04, 0x60, 0x0f, 0x6f, 0x04, 0x61, 0x0f, 0x69, 0x04, 0x63, 0x0f, 0x63, 0x04,
    0x65, 0x0f, 0x5d, 0x04, 0x67, 0x0f, 0x57, 0x04, 0x68, 0x0f, 0x51, 0x04, 0x6a, 0x0f, 0x4b, 0x04,
    0x6c, 0x0f, 0x44, 0x04, 0x6d, 0x0f, 0x3e, 0x04, 0x6f, 0x0f, 0x38, 0x04, 0x71, 0x0f, 0x32, 0x04,
    0x72, 0x0f, 0x2c, 0x04, 0x74, 0x0f, 0x26, 0x04, 0x76, 0x0f, 0x20, 0x04, 0x77, 0x0f, 0x1a, 0x04,
    0x79, 0x0f, 0x14, 0x04, 0x7a, 0x0f, 0x0e, 0x04, 0x7c, 0x0f, 0x08, 0x04, 0x7d, 0x0f, 0x02, 0x04,
    0x7f, 0x0f, 0xfc, 0x03, 0x81, 0x0f, 0xf6, 0x03, 0x82, 0x0f, 0xef, 0x03, 0x84, 0x0f, 0xe9, 0x03,
    0x85, 0x0f, 0xe3, 0x03, 0x87, 0x0f, 0xdd, 0x03, 0x88, 0x0f, 0xd7, 0x03, 0x8a, 0x0f, 0xd1, 0x03,
    0x8b, 0x0f, 0xcb, 0x03, 0x8d, 0x0f, 0xc5, 0x03, 0x8e, 0x0f, 0xbf, 0x03, 0x90, 0x0f, 0xb9, 0x03,
    0x91, 0x0f, 0xb2, 0x03, 0x93, 0x0f, 0xac, 0x03, 0x94, 0x0f, 0xa6, 0x03, 0x95, 0x0f, 0xa0, 0x03,
    0x97, 0x0f, 0x9a, 0x03, 0x98, 0x0f, 0x94, 0x03, 0x9a, 0x0f, 0x8e, 0x03, 0x9b, 0x0f, 0x88, 0x03,
    0x9c, 0x0f, 0x81, 0x03, 0x9e, 0x0f, 0x7b, 0x03, 0x9f, 0x0f, 0x75, 0x03, 0xa1, 0x0f, 0x6f, 0x03,
    0xa2, 0x0f, 0x69, 0x03, 0xa3, 0x0f, 0x63, 0x03, 0xa5, 0x0f, 0x5d, 0x03, 0xa6, 0x0f, 0x56, 0x03,
    0xa7, 0x0f, 0x50, 0x03, 0xa8, 0x0f, 0x4a, 0x03, 0xaa, 0x0f, 0x44, 0x03, 0xab, 0x0f, 0x3e, 0x03,
    0xac, 0x0f, 0x38, 0x03, 0xae, 0x0f, 0x32, 0x03, 0xaf, 0x0f, 0x2b, 0x03, 0xb0, 0x0f, 0x25, 0x03,
    0xb1, 0x0f, 0x1f, 0x03, 0xb3, 0x0f, 0x19, 0x03, 0xb4, 0x0f, 0x13, 0x03, 0xb5, 0x0f, 0x0d, 0x03,
    0xb6, 0x0f, 0x06, 0x03, 0xb7, 0x0f, 0x00, 0x03, 0xb8, 0x0f, 0xfa, 0x02, 0xba, 0x0f, 0xf4, 0x02,
    0xbb, 0x0f, 0xee, 0x02, 0xbc, 0x0f, 0xe8, 0x02, 0xbd, 0x0f, 0xe1, 0x02, 0xbe, 0x0f, 0xdb, 0x02,
    0xbf, 0x0f, 0xd5, 0x02, 0xc0, 0x0f, 0xcf, 0x02, 0xc2, 0x0f, 0xc9, 0x02, 0xc3, 0x0f, 0xc2, 0x02,
    0xc4, 0x0f, 0xbc, 0x02, 0xc5, 0x0f, 0xb6, 0x02, 0xc6, 0x0f, 0xb0, 0x02, 0xc7, 0x0f, 0xaa, 0x02,
    0xc8, 0x0f, 0xa3, 0x02, 0xc9, 0x0f, 0x9d, 0x02, 0xca, 0x0f, 0x97, 0x02, 0xcb, 0x0f, 0x91, 0x02,
    0xcc, 0x0f, 0x8b, 0x02, 0xcd, 0x0f, 0x84, 0x02, 0xce, 0x0f, 0x7e, 0x02, 0xcf, 0x0f, 0x78, 0x02,
    0xd0, 0x0f, 0x72, 0x02, 0xd1, 0x0f, 0x6c, 0x02, 0xd2, 0x0f, 0x65, 0x02, 0xd3, 0x0f, 0x5f, 0x02,
    0xd4, 0x0f, 0x59, 0x02, 0xd5, 0x0f, 0x53, 0x02, 0xd5, 0x0f, 0x4d, 0x02, 0xd6, 0x0f, 0x46, 0x02,
    0xd7, 0x0f, 0x40, 0x02, 0xd8, 0x0f, 0x3a, 0x02, 0xd9, 0x0f, 0x34, 0x02, 0xda, 0x0f, 0x2d, 0x02,
    0xdb, 0x0f, 0x27, 0x02, 0xdc, 0x0f, 0x21, 0x02, 0xdc, 0x0f, 0x1b, 0x02, 0xdd, 0x0f, 0x15, 0x02,
    0xde, 0x0f, 0x0e, 0x02, 0xdf, 0x0f, 0x08, 0x02, 0xe0, 0x0f, 0x02, 0x02, 0xe0, 0x0f, 0xfc, 0x01,
    0xe1, 0x0f, 0xf5, 0x01, 0xe2, 0x0f, 0xef, 0x01, 0xe3, 0x0f, 0xe9, 0x01, 0xe3, 0x0f, 0xe3, 0x01,
    0xe4, 0x0f, 0xdc, 0x01, 0xe5, 0x0f, 0xd6, 0x01, 0xe6, 0x0f, 0xd0, 0x01, 0xe6, 0x0f, 0xca, 0x01,
    0xe7, 0x0f, 0xc3, 0x01, 0xe8, 0x0f, 0xbd, 0x01, 0xe8, 0x0f, 0xb7, 0x01, 0xe9, 0x0f, 0xb1, 0x01,
    0xea, 0x0f, 0xaa, 0x01, 0xea, 0x0f, 0xa4, 0x01, 0xeb, 0x0f, 0x9e, 0x01, 0xec, 0x0f, 0x98, 0x01,
    0xec, 0x0f, 0x91, 0x01, 0xed, 0x0f, 0x8b, 0x01, 0xed, 0x0f, 0x85, 0x01, 0xee, 0x0f, 0x7f, 0x01,
    0xef, 0x0f, 0x78, 0x01, 0xef, 0x0f, 0x72, 0x01, 0xf0, 0x0f, 0x6c, 0x01, 0xf0, 0x0f, 0x66, 0x01,
    0xf1, 0x0f, 0x5f, 0x01, 0xf1, 0x0f, 0x59, 0x01, 0xf2, 0x0f, 0x53, 0x01, 0xf2, 0x0f, 0x4d, 0x01,
    0xf3, 0x0f, 0x46, 0x01, 0xf3, 0x0f, 0x40, 0x01, 0xf4, 0x0f, 0x3a, 0x01, 0xf4, 0x0f, 0x34, 0x01,
    0xf5, 0x0f, 0x2d, 0x01, 0xf5, 0x0f, 0x27, 0x01, 0xf6, 0x0f, 0x21, 0x01, 0xf6, 0x0f, 0x1b, 0x01,
    0xf7, 0x0f, 0x14, 0x01, 0xf7, 0x0f, 0x0e, 0x01, 0xf8, 0x0f, 0x08, 0x01, 0xf8, 0x0f, 0x01, 0x01,
    0xf8, 0x0f, 0xfb, 0x00, 0xf9, 0x0f, 0xf5, 0x00, 0xf9, 0x0f, 0xef, 0x00, 0xf9, 0x0f, 0xe8, 0x00,
    0xfa, 0x0f, 0xe2, 0x00, 0xfa, 0x0f, 0xdc, 0x00, 0xfa, 0x0f, 0xd6, 0x00, 0xfb, 0x0f, 0xcf, 0x00,
    0xfb, 0x0f, 0xc9, 0x00, 0xfb, 0x0f, 0xc3, 0x00, 0xfc, 0x0f, 0xbc, 0x00, 0xfc, 0x0f, 0xb6, 0x00,
    0xfc, 0x0f, 0xb0, 0x00, 0xfc, 0x0f, 0xaa, 0x00, 0xfd, 0x0f, 0xa3, 0x00, 0xfd, 0x0f, 0x9d, 0x00,
    0xfd, 0x0f, 0x97, 0x00, 0xfd, 0x0f, 0x90, 0x00, 0xfe, 0x0f, 0x8a, 0x00, 0xfe, 0x0f, 0x84, 0x00,
    0xfe, 0x0f, 0x7e, 0x00, 0xfe, 0x0f, 0x77, 0x00, 0xfe, 0x0f, 0x71, 0x00, 0xff, 0x0f, 0x6b, 0x00,
    0xff, 0x0f, 0x65, 0x00, 0xff, 0x0f, 0x5e, 0x00, 0xff, 0x0f, 0x58, 0x00, 0xff, 0x0f, 0x52, 0x00,
    0xff, 0x0f, 0x4b, 0x00, 0xff, 0x0f, 0x45, 0x00, 0x00, 0x10, 0x3f, 0x00, 0x00, 0x10, 0x39, 0x00,
    0x00, 0x10, 0x32, 0x00, 0x00, 0x10, 0x2c, 0x00, 0x00, 0x10, 0x26, 0x00, 0x00, 0x10, 0x1f, 0x00,
    0x00, 0x10, 0x19, 0x00, 0x00, 0x10, 0x13, 0x00, 0x00, 0x10, 0x0d, 0x00, 0x00, 0x10, 0x06, 0x00,
    0x00, 0x10, 0x00, 0x00, 0x00, 0x10, 0xfa, 0xff, 0x00, 0x10, 0xf3, 0xff, 0x00, 0x10, 0xed, 0xff,
    0x00, 0x10, 0xe7, 0xff, 0x00, 0x10, 0xe1, 0xff, 0x00, 0x10, 0xda, 0xff, 0x00, 0x10, 0xd4, 0xff,
    0x00, 0x10, 0xce, 0xff, 0x00, 0x10, 0xc7, 0xff, 0x00, 0x10, 0xc1, 0xff, 0xff, 0x0f, 0xbb, 0xff,
    0xff, 0x0f, 0xb5, 0xff, 0xff, 0x0f, 0xae, 0xff, 0xff, 0x0f, 0xa8, 0xff, 0xff, 0x0f, 0xa2, 0xff,
    0xff, 0x0f, 0x9b, 0xff, 0xff, 0x0f, 0x95, 0xff, 0xfe, 0x0f, 0x8f, 0xff, 0xfe, 0x0f, 0x89, 0xff,
    0xfe, 0x0f, 0x82, 0xff, 0xfe, 0x0f, 0x7c, 0xff, 0xfe, 0x0f, 0x76, 0xff, 0xfd, 0x0f, 0x70, 0xff,
    0xfd, 0x0f, 0x69, 0xff, 0xfd, 0x0f, 0x63, 0xff, 0xfd, 0x0f, 0x5d, 0xff, 0xfc, 0x0f, 0x56, 0xff,
    0xfc, 0x0f, 0x50, 0xff, 0xfc, 0x0f, 0x4a, 0xff, 0xfc, 0x0f, 0x44, 0xff, 0xfb, 0x0f, 0x3d, 0xff,
    0xfb, 0x0f, 0x37, 0xff, 0xfb, 0x0f, 0x31, 0xff, 0xfa, 0x0f, 0x2a, 0xff, 0xfa, 0x0f, 0x24, 0xff,
    0xfa, 0x0f, 0x1e, 0xff, 0xf9, 0x0f, 0x18, 0xff, 0xf9, 0x0f, 0x11, 0xff, 0xf9, 0x0f, 0x0b, 0xff,
    0xf8, 0x0f, 0x05, 0xff, 0xf8, 0x0f, 0xff, 0xfe, 0xf8, 0x0f, 0xf8, 0xfe, 0xf7, 0x0f, 0xf2, 0xfe,
    0xf7, 0x0f, 0xec, 0xfe, 0xf6, 0x0f, 0xe5, 0xfe, 0xf6, 0x0f, 0xdf, 0xfe, 0xf5, 0x0f, 0xd9, 0xfe,
    0xf5, 0x0f, 0xd3, 0xfe, 0xf4, 0x0f, 0xcc, 0xfe, 0xf4, 0x0f, 0xc6, 0xfe, 0xf3, 0x0f, 0xc0, 0xfe,
    0xf3, 0x0f, 0xba, 0xfe, 0xf2, 0x0f, 0xb3, 0xfe, 0xf2, 0x0f, 0xad, 0xfe, 0xf1, 0x0f, 0xa7, 0xfe,
    0xf1, 0x0f, 0xa1, 0xfe, 0xf0, 0x0f, 0x9a, 0xfe, 0xf0, 0x0f, 0x94, 0xfe, 0xef, 0x0f, 0x8e, 0xfe,
    0xef, 0x0f, 0x88, 0xfe, 0xee, 0x0f, 0x81, 0xfe, 0xed, 0x0f, 0x7b, 0xfe, 0xed, 0x0f, 0x75, 0xfe,
    0xec, 0x0f, 0x6f, 0xfe, 0xec, 0x0f, 0x68, 0xfe, 0xeb, 0x0f, 0x62, 0xfe, 0xea, 0x0f, 0x5c, 0xfe,
    0xea, 0x0f, 0x56, 0xfe, 0xe9, 0x0f, 0x4f, 0xfe, 0xe8, 0x0f, 0x49, 0xfe, 0xe8, 0x0f, 0x43, 0xfe,
    0xe7, 0x0f, 0x3d, 0xfe, 0xe6, 0x0f, 0x36, 0xfe, 0xe6, 0x0f, 0x30, 0xfe, 0xe5, 0x0f, 0x2a, 0xfe,
    0xe4, 0x0f, 0x24, 0xfe, 0xe3, 0x0f, 0x1d, 0xfe, 0xe3, 0x0f, 0x17, 0xfe, 0xe2, 0x0f, 0x11, 0xfe,
    0xe1, 0x0f, 0x0b, 0xfe, 0xe0, 0x0f, 0x04, 0xfe, 0xe0, 0x0f, 0xfe, 0xfd, 0xdf, 0x0f, 0xf8, 0xfd,
    0xde, 0x0f, 0xf2, 0xfd, 0xdd, 0x0f, 0xeb, 0xfd, 0xdc, 0x0f, 0xe5, 0xfd, 0xdc, 0x0f, 0xdf, 0xfd,
    0xdb, 0x0f, 0xd9, 0xfd, 0xda, 0x0f, 0xd3, 0xfd, 0xd9, 0x0f, 0xcc, 0xfd, 0xd8, 0x0f, 0xc6, 0xfd,
    0xd7, 0x0f, 0xc0, 0xfd, 0xd6, 0x0f, 0xba, 0xfd, 0xd5, 0x0f, 0xb3, 0xfd, 0xd5, 0x0f, 0xad, 0xfd,
    0xd4, 0x0f, 0xa7, 0xfd, 0xd3, 0x0f, 0xa1, 0xfd, 0xd2, 0x0f, 0x9b, 0xfd, 0xd1, 0x0f, 0x94, 0xfd,
    0xd0, 0x0f, 0x8e, 0xfd, 0xcf, 0x0f, 0x88, 0xfd, 0xce, 0x0f, 0x82, 0xfd, 0xcd, 0x0f, 0x7c, 0xfd,
    0xcc, 0x0f, 0x75, 0xfd, 0xcb, 0x0f, 0x6f, 0xfd, 0xca, 0x0f, 0x69, 0xfd, 0xc9, 0x0f, 0x63, 0xfd,
    0xc8, 0x0f, 0x5d, 0xfd, 0xc7, 0x0f, 0x56, 0xfd, 0xc6, 0x0f, 0x50, 0xfd, 0xc5, 0x0f, 0x4a, 0xfd,
    0xc4, 0x0f, 0x44, 0xfd, 0xc3, 0x0f, 0x3e, 0xfd, 0xc2, 0x0f, 0x37, 0xfd, 0xc0, 0x0f, 0x31, 0xfd,
    0xbf, 0x0f, 0x2b, 0xfd, 0xbe, 0x0f, 0x25, 0xfd, 0xbd, 0x0f, 0x1f, 0xfd, 0xbc, 0x0f, 0x18, 0xfd,
    0xbb, 0x0f, 0x12, 0xfd, 0xba, 0x0f, 0x0c, 0xfd, 0xb8, 0x0f, 0x06, 0xfd, 0xb7, 0x0f, 0x00, 0xfd,
    0xb6, 0x0f, 0xfa, 0xfc, 0xb5, 0x0f, 0xf3, 0xfc, 0xb4, 0x0f, 0xed, 0xfc, 0xb3, 0x0f, 0xe7, 0xfc,
    0xb1, 0x0f, 0xe1, 0xfc, 0xb0, 0x0f, 0xdb, 0xfc, 0xaf, 0x0f, 0xd5, 0xfc, 0xae, 0x0f, 0xce, 0xfc,
    0xac, 0x0f, 0xc8, 0xfc, 0xab, 0x0f, 0xc2, 0xfc, 0xaa, 0x0f, 0xbc, 0xfc, 0xa8, 0x0f, 0xb6, 0xfc,
    0xa7, 0x0f, 0xb0, 0xfc, 0xa6, 0x0f, 0xaa, 0xfc, 0xa5, 0x0f, 0xa3, 0xfc, 0xa3, 0x0f, 0x9d, 0xfc,
    0xa2, 0x0f, 0x97, 0xfc, 0xa1, 0x0f, 0x91, 0xfc, 0x9f, 0x0f, 0x8b, 0xfc, 0x9e, 0x0f, 0x85, 0xfc,
    0x9c, 0x0f, 0x7f, 0xfc, 0x9b, 0x0f, 0x78, 0xfc, 0x9a, 0x0f, 0x72, 0xfc, 0x98, 0x0f, 0x6c, 0xfc,
    0x97, 0x0f, 0x66, 0xfc, 0x95, 0x0f, 0x60, 0xfc, 0x94, 0x0f, 0x5a, 0xfc, 0x93, 0x0f, 0x54, 0xfc,
    0x91, 0x0f, 0x4e, 0xfc, 0x90, 0x0f, 0x47, 0xfc, 0x8e, 0x0f, 0x41, 0xfc, 0x8d, 0x0f, 0x3b, 0xfc,
    0x8b, 0x0f, 0x35, 0xfc, 0x8a, 0x0f, 0x2f, 0xfc, 0x88, 0x0f, 0x29, 0xfc, 0x87, 0x0f, 0x23, 0xfc,
    0x85, 0x0f, 0x1d, 0xfc, 0x84, 0x0f, 0x17, 0xfc, 0x82, 0x0f, 0x11, 0xfc, 0x81, 0x0f, 0x0a, 0xfc,
    0x7f, 0x0f, 0x04, 0xfc, 0x7d, 0x0f, 0xfe, 0xfb, 0x7c, 0x0f, 0xf8, 0xfb, 0x7a, 0x0f, 0xf2, 0xfb,
    0x79, 0x0f, 0xec, 0xfb, 0x77, 0x0f, 0xe6, 0xfb, 0x76, 0x0f, 0xe0, 0xfb, 0x74, 0x0f, 0xda, 0xfb,
    0x72, 0x0f, 0xd4, 0xfb, 0x71, 0x0f, 0xce, 0xfb, 0x6f, 0x0f, 0xc8, 0xfb, 0x6d, 0x0f, 0xc2, 0xfb,
    0x6c, 0x0f, 0xbc, 0xfb, 0x6a, 0x0f, 0xb5, 0xfb, 0x68, 0x0f, 0xaf, 0xfb, 0x67, 0x0f, 0xa9, 0xfb,
    0x65, 0x0f, 0xa3, 0xfb, 0x63, 0x0f, 0x9d, 0xfb, 0x61, 0x0f, 0x97, 0xfb, 0x60, 0x0f, 0x91, 0xfb,
    0x5e, 0x0f, 0x8b, 0xfb, 0x5c, 0x0f, 0x85, 0xfb, 0x5a, 0x0f, 0x7f, 0xfb, 0x59, 0x0f, 0x79, 0xfb,
    0x57, 0x0f, 0x73, 0xfb, 0x55, 0x0f, 0x6d, 0xfb, 0x53, 0x0f, 0x67, 0xfb, 0x51, 0x0f, 0x61, 0xfb,
    0x50, 0x0f, 0x5b, 0xfb, 0x4e, 0x0f, 0x55, 0xfb, 0x4c, 0x0f, 0x4f, 0xfb, 0x4a, 0x0f, 0x49, 0xfb,
    0x48, 0x0f, 0x43, 0xfb, 0x46, 0x0f, 0x3d, 0xfb, 0x45, 0x0f, 0x37, 0xfb, 0x43, 0x0f, 0x31, 0xfb,
    0x41, 0x0f, 0x2b, 0xfb, 0x3f, 0x0f, 0x25, 0xfb, 0x3d, 0x0f, 0x1f, 0xfb, 0x3b, 0x0f, 0x19, 0xfb,
    0x39, 0x0f, 0x13, 0xfb, 0x37, 0x0f, 0x0d, 0xfb, 0x35, 0x0f, 0x07, 0xfb, 0x33, 0x0f, 0x01, 0xfb,
    0x31, 0x0f, 0xfb, 0xfa, 0x2f, 0x0f, 0xf5, 0xfa, 0x2d, 0x0f, 0xef, 0xfa, 0x2b, 0x0f, 0xe9, 0xfa,
    0x29, 0x0f, 0xe3, 0xfa, 0x27, 0x0f, 0xdd, 0xfa, 0x25, 0x0f, 0xd7, 0xfa, 0x23, 0x0f, 0xd1, 0xfa,
    0x21, 0x0f, 0xcc, 0xfa, 0x1f, 0x0f, 0xc6, 0xfa, 0x1d, 0x0f, 0xc0, 0xfa, 0x1b, 0x0f, 0xba, 0xfa,
    0x19, 0x0f, 0xb4, 0xfa, 0x17, 0x0f, 0xae, 0xfa, 0x15, 0x0f, 0xa8, 0xfa, 0x13, 0x0f, 0xa2, 0xfa,
    0x11, 0x0f, 0x9c, 0xfa, 0x0e, 0x0f, 0x96, 0xfa, 0x0c, 0x0f, 0x90, 0xfa, 0x0a, 0x0f, 0x8a, 0xfa,
    0x08, 0x0f, 0x84, 0xfa, 0x06, 0x0f, 0x7f, 0xfa, 0x04, 0x0f, 0x79, 0xfa, 0x02, 0x0f, 0x73, 0xfa,
    0xff, 0x0e, 0x6d, 0xfa, 0xfd, 0x0e, 0x67, 0xfa, 0xfb, 0x0e, 0x61, 0xfa, 0xf9, 0x0e, 0x5b, 0xfa,
    0xf7, 0x0e, 0x55, 0xfa, 0xf4, 0x0e, 0x4f, 0xfa, 0xf2, 0x0e, 0x4a, 0xfa, 0xf0, 0x0e, 0x44, 0xfa,
    0xee, 0x0e, 0x3e, 0xfa, 0xeb, 0x0e, 0x38, 0xfa, 0xe9, 0x0e, 0x32, 0xfa, 0xe7, 0x0e, 0x2c, 0xfa,
    0xe4, 0x0e, 0x26, 0xfa, 0xe2, 0x0e, 0x21, 0xfa, 0xe0, 0x0e, 0x1b, 0xfa, 0xdd, 0x0e, 0x15, 0xfa,
    0xdb, 0x0e, 0x0f, 0xfa, 0xd9, 0x0e, 0x09, 0xfa, 0xd6, 0x0e, 0x03, 0xfa, 0xd4, 0x0e, 0xfe, 0xf9,
    0xd2, 0x0e, 0xf8, 0xf9, 0xcf, 0x0e, 0xf2, 0xf9, 0xcd, 0x0e, 0xec, 0xf9, 0xcb, 0x0e, 0xe6, 0xf9,
    0xc8, 0x0e, 0xe1, 0xf9, 0xc6, 0x0e, 0xdb, 0xf9, 0xc3, 0x0e, 0xd5, 0xf9, 0xc1, 0x0e, 0xcf, 0xf9,
    0xbf, 0x0e, 0xc9, 0xf9, 0xbc, 0x0e, 0xc4, 0xf9, 0xba, 0x0e, 0xbe, 0xf9, 0xb7, 0x0e, 0xb8, 0xf9,
    0xb5, 0x0e, 0xb2, 0xf9, 0xb2, 0x0e, 0xac, 0xf9, 0xb0, 0x0e, 0xa7, 0xf9, 0xad, 0x0e, 0xa1, 0xf9,
    0xab, 0x0e, 0x9b, 0xf9, 0xa8, 0x0e, 0x95, 0xf9, 0xa6, 0x0e, 0x90, 0xf9, 0xa3, 0x0e, 0x8a, 0xf9,
    0xa1, 0x0e, 0x84, 0xf9, 0x9e, 0x0e, 0x7e, 0xf9, 0x9b, 0x0e, 0x79, 0xf9, 0x99, 0x0e, 0x73, 0xf9,
    0x96, 0x0e, 0x6d, 0xf9, 0x94, 0x0e, 0x67, 0xf9, 0x91, 0x0e, 0x62, 0xf9, 0x8f, 0x0e, 0x5c, 0xf9,
    0x8c, 0x0e, 0x56, 0xf9, 0x89, 0x0e, 0x51, 0xf9, 0x87, 0x0e, 0x4b, 0xf9, 0x84, 0x0e, 0x45, 0xf9,
    0x81, 0x0e, 0x3f, 0xf9, 0x7f, 0x0e, 0x3a, 0xf9, 0x7c, 0x0e, 0x34, 0xf9, 0x79, 0x0e, 0x2e, 0xf9,
    0x77, 0x0e, 0x29, 0xf9, 0x74, 0x0e, 0x23, 0xf9, 0x71, 0x0e, 0x1d, 0xf9, 0x6f, 0x0e, 0x18, 0xf9,
    0x6c, 0x0e, 0x12, 0xf9, 0x69, 0x0e, 0x0c, 0xf9, 0x66, 0x0e, 0x07, 0xf9, 0x64, 0x0e, 0x01, 0xf9,
    0x61, 0x0e, 0xfb, 0xf8, 0x5e, 0x0e, 0xf6, 0xf8, 0x5b, 0x0e, 0xf0, 0xf8, 0x59, 0x0e, 0xeb, 0xf8,
    0x56, 0x0e, 0xe5, 0xf8, 0x53, 0x0e, 0xdf, 0xf8, 0x50, 0x0e, 0xda, 0xf8, 0x4d, 0x0e, 0xd4, 0xf8,
    0x4b, 0x0e, 0xce, 0xf8, 0x48, 0x0e, 0xc9, 0xf8, 0x45, 0x0e, 0xc3, 0xf8, 0x42, 0x0e, 0xbe, 0xf8,
    0x3f, 0x0e, 0xb8, 0xf8, 0x3c, 0x0e, 0xb2, 0xf8, 0x3a, 0x0e, 0xad, 0xf8, 0x37, 0x0e, 0xa7, 0xf8,
    0x34, 0x0e, 0xa2, 0xf8, 0x31, 0x0e, 0x9c, 0xf8, 0x2e, 0x0e, 0x96, 0xf8, 0x2b, 0x0e, 0x91, 0xf8,
    0x28, 0x0e, 0x8b, 0xf8, 0x25, 0x0e, 0x86, 0xf8, 0x22, 0x0e, 0x80, 0xf8, 0x1f, 0x0e, 0x7b, 0xf8,
    0x1c, 0x0e, 0x75, 0xf8, 0x19, 0x0e, 0x70, 0xf8, 0x16, 0x0e, 0x6a, 0xf8, 0x13, 0x0e, 0x65, 0xf8,
    0x10, 0x0e, 0x5f, 0xf8, 0x0d, 0x0e, 0x5a, 0xf8, 0x0a, 0x0e, 0x54, 0xf8, 0x07, 0x0e, 0x4e, 0xf8,
    0x04, 0x0e, 0x49, 0xf8, 0x01, 0x0e, 0x43, 0xf8, 0xfe, 0x0d, 0x3e, 0xf8, 0xfb, 0x0d, 0x38, 0xf8,
    0xf8, 0x0d, 0x33, 0xf8, 0xf5, 0x0d, 0x2e, 0xf8, 0xf2, 0x0d, 0x28, 0xf8, 0xef, 0x0d, 0x23, 0xf8,
    0xec, 0x0d, 0x1d, 0xf8, 0xe9, 0x0d, 0x18, 0xf8, 0xe6, 0x0d, 0x12, 0xf8, 0xe3, 0x0d, 0x0d, 0xf8,
    0xdf, 0x0d, 0x07, 0xf8, 0xdc, 0x0d, 0x02, 0xf8, 0xd9, 0x0d, 0xfc, 0xf7, 0xd6, 0x0d, 0xf7, 0xf7,
    0xd3, 0x0d, 0xf2, 0xf7, 0xd0, 0x0d, 0xec, 0xf7, 0xcc, 0x0d, 0xe7, 0xf7, 0xc9, 0x0d, 0xe1, 0xf7,
    0xc6, 0x0d, 0xdc, 0xf7, 0xc3, 0x0d, 0xd6, 0xf7, 0xc0, 0x0d, 0xd1, 0xf7, 0xbc, 0x0d, 0xcc, 0xf7,
    0xb9, 0x0d, 0xc6, 0xf7, 0xb6, 0x0d, 0xc1, 0xf7, 0xb3, 0x0d, 0xbb, 0xf7, 0xb0, 0x0d, 0xb6, 0xf7,
    0xac, 0x0d, 0xb1, 0xf7, 0xa9, 0x0d, 0xab, 0xf7, 0xa6, 0x0d, 0xa6, 0xf7, 0xa2, 0x0d, 0xa1, 0xf7,
    0x9f, 0x0d, 0x9b, 0xf7, 0x9c, 0x0d, 0x96, 0xf7, 0x99, 0x0d, 0x91, 0xf7, 0x95, 0x0d, 0x8b, 0xf7,
    0x92, 0x0d, 0x86, 0xf7, 0x8f, 0x0d, 0x81, 0xf7, 0x8b, 0x0d, 0x7b, 0xf7, 0x88, 0x0d, 0x76, 0xf7,
    0x85, 0x0d, 0x71, 0xf7, 0x81, 0x0d, 0x6b, 0xf7, 0x7e, 0x0d, 0x66, 0xf7, 0x7a, 0x0d, 0x61, 0xf7,
    0x77, 0x0d, 0x5b, 0xf7, 0x74, 0x0d, 0x56, 0xf7, 0x70, 0x0d, 0x51, 0xf7, 0x6d, 0x0d, 0x4c, 0xf7,
    0x69, 0x0d, 0x46, 0xf7, 0x66, 0x0d, 0x41, 0xf7, 0x62, 0x0d, 0x3c, 0xf7, 0x5f, 0x0d, 0x37, 0xf7,
    0x5c, 0x0d, 0x31, 0xf7, 0x58, 0x0d, 0x2c, 0xf7, 0x55, 0x0d, 0x27, 0xf7, 0x51, 0x0d, 0x22, 0xf7,
    0x4e, 0x0d, 0x1c, 0xf7, 0x4a, 0x0d, 0x17, 0xf7, 0x47, 0x0d, 0x12, 0xf7, 0x43, 0x0d, 0x0d, 0xf7,
    0x40, 0x0d, 0x08, 0xf7, 0x3c, 0x0d, 0x02, 0xf7, 0x39, 0x0d, 0xfd, 0xf6, 0x35, 0x0d, 0xf8, 0xf6,
    0x32, 0x0d, 0xf3, 0xf6, 0x2e, 0x0d, 0xee, 0xf6, 0x2a, 0x0d, 0xe8, 0xf6, 0x27, 0x0d, 0xe3, 0xf6,
    0x23, 0x0d, 0xde, 0xf6, 0x20, 0x0d, 0xd9, 0xf6, 0x1c, 0x0d, 0xd4, 0xf6, 0x18, 0x0d, 0xcf, 0xf6,
    0x15, 0x0d, 0xc9, 0xf6, 0x11, 0x0d, 0xc4, 0xf6, 0x0e, 0x0d, 0xbf, 0xf6, 0x0a, 0x0d, 0xba, 0xf6,
    0x06, 0x0d, 0xb5, 0xf6, 0x03, 0x0d, 0xb0, 0xf6, 0xff, 0x0c, 0xab, 0xf6, 0xfb, 0x0c, 0xa6, 0xf6,
    0xf8, 0x0c, 0xa1, 0xf6, 0xf4, 0x0c, 0x9b, 0xf6, 0xf0, 0x0c, 0x96, 0xf6, 0xed, 0x0c, 0x91, 0xf6,
    0xe9, 0x0c, 0x8c, 0xf6, 0xe5, 0x0c, 0x87, 0xf6, 0xe1, 0x0c, 0x82, 0xf6, 0xde, 0x0c, 0x7d, 0xf6,
    0xda, 0x0c, 0x78, 0xf6, 0xd6, 0x0c, 0x73, 0xf6, 0xd2, 0x0c, 0x6e, 0xf6, 0xcf, 0x0c, 0x69, 0xf6,
    0xcb, 0x0c, 0x64, 0xf6, 0xc7, 0x0c, 0x5f, 0xf6, 0xc3, 0x0c, 0x5a, 0xf6, 0xc0, 0x0c, 0x55, 0xf6,
    0xbc, 0x0c, 0x50, 0xf6, 0xb8, 0x0c, 0x4b, 0xf6, 0xb4, 0x0c, 0x46, 0xf6, 0xb0, 0x0c, 0x41, 0xf6,
    0xac, 0x0c, 0x3c, 0xf6, 0xa9, 0x0c, 0x37, 0xf6, 0xa5, 0x0c, 0x32, 0xf6, 0xa1, 0x0c, 0x2d, 0xf6,
    0x9d, 0x0c, 0x28, 0xf6, 0x99, 0x0c, 0x23, 0xf6, 0x95, 0x0c, 0x1e, 0xf6, 0x91, 0x0c, 0x19, 0xf6,
    0x8e, 0x0c, 0x14, 0xf6, 0x8a, 0x0c, 0x0f, 0xf6, 0x86, 0x0c, 0x0a, 0xf6, 0x82, 0x0c, 0x05, 0xf6,
    0x7e, 0x0c, 0x01, 0xf6, 0x7a, 0x0c, 0xfc, 0xf5, 0x76, 0x0c, 0xf7, 0xf5, 0x72, 0x0c, 0xf2, 0xf5,
    0x6e, 0x0c, 0xed, 0xf5, 0x6a, 0x0c, 0xe8, 0xf5, 0x66, 0x0c, 0xe3, 0xf5, 0x62, 0x0c, 0xde, 0xf5,
    0x5e, 0x0c, 0xda, 0xf5, 0x5a, 0x0c, 0xd5, 0xf5, 0x56, 0x0c, 0xd0, 0xf5, 0x52, 0x0c, 0xcb, 0xf5,
    0x4e, 0x0c, 0xc6, 0xf5, 0x4a, 0x0c, 0xc1, 0xf5, 0x46, 0x0c, 0xbc, 0xf5, 0x42, 0x0c, 0xb8, 0xf5,
    0x3e, 0x0c, 0xb3, 0xf5, 0x3a, 0x0c, 0xae, 0xf5, 0x36, 0x0c, 0xa9, 0xf5, 0x32, 0x0c, 0xa4, 0xf5,
    0x2e, 0x0c, 0xa0, 0xf5, 0x2a, 0x0c, 0x9b, 0xf5, 0x26, 0x0c, 0x96, 0xf5, 0x22, 0x0c, 0x91, 0xf5,
    0x1e, 0x0c, 0x8d, 0xf5, 0x19, 0x0c, 0x88, 0xf5, 0x15, 0x0c, 0x83, 0xf5, 0x11, 0x0c, 0x7e, 0xf5,
    0x0d, 0x0c, 0x7a, 0xf5, 0x09, 0x0c, 0x75, 0xf5, 0x05, 0x0c, 0x70, 0xf5, 0x01, 0x0c, 0x6b, 0xf5,
    0xfc, 0x0b, 0x67, 0xf5, 0xf8, 0x0b, 0x62, 0xf5, 0xf4, 0x0b, 0x5d, 0xf5, 0xf0, 0x0b, 0x59, 0xf5,
    0xec, 0x0b, 0x54, 0xf5, 0xe8, 0x0b, 0x4f, 0xf5, 0xe3, 0x0b, 0x4b, 0xf5, 0xdf, 0x0b, 0x46, 0xf5,
    0xdb, 0x0b, 0x41, 0xf5, 0xd7, 0x0b, 0x3d, 0xf5, 0xd2, 0x0b, 0x38, 0xf5, 0xce, 0x0b, 0x33, 0xf5,
    0xca, 0x0b, 0x2f, 0xf5, 0xc6, 0x0b, 0x2a, 0xf5, 0xc1, 0x0b, 0x25, 0xf5, 0xbd, 0x0b, 0x21, 0xf5,
    0xb9, 0x0b, 0x1c, 0xf5, 0xb5, 0x0b, 0x18, 0xf5, 0xb0, 0x0b, 0x13, 0xf5, 0xac, 0x0b, 0x0e, 0xf5,
    0xa8, 0x0b, 0x0a, 0xf5, 0xa3, 0x0b, 0x05, 0xf5, 0x9f, 0x0b, 0x01, 0xf5, 0x9b, 0x0b, 0xfc, 0xf4,
    0x97, 0x0b, 0xf8, 0xf4, 0x92, 0x0b, 0xf3, 0xf4, 0x8e, 0x0b, 0xef, 0xf4, 0x89, 0x0b, 0xea, 0xf4,
    0x85, 0x0b, 0xe5, 0xf4, 0x81, 0x0b, 0xe1, 0xf4, 0x7c, 0x0b, 0xdc, 0xf4, 0x78, 0x0b, 0xd8, 0xf4,
    0x74, 0x0b, 0xd3, 0xf4, 0x6f, 0x0b, 0xcf, 0xf4, 0x6b, 0x0b, 0xca, 0xf4, 0x66, 0x0b, 0xc6, 0xf4,
    0x62, 0x0b, 0xc2, 0xf4, 0x5e, 0x0b, 0xbd, 0xf4, 0x59, 0x0b, 0xb9, 0xf4, 0x55, 0x0b, 0xb4, 0xf4,
    0x50, 0x0b, 0xb0, 0xf4, 0x4c, 0x0b, 0xab, 0xf4, 0x47, 0x0b, 0xa7, 0xf4, 0x43, 0x0b, 0xa2, 0xf4,
    0x3e, 0x0b, 0x9e, 0xf4, 0x3a, 0x0b, 0x9a, 0xf4, 0x36, 0x0b, 0x95, 0xf4, 0x31, 0x0b, 0x91, 0xf4,
    0x2d, 0x0b, 0x8c, 0xf4, 0x28, 0x0b, 0x88, 0xf4, 0x24, 0x0b, 0x84, 0xf4, 0x1f, 0x0b, 0x7f, 0xf4,
    0x1b, 0x0b, 0x7b, 0xf4, 0x16, 0x0b, 0x77, 0xf4, 0x11, 0x0b, 0x72, 0xf4, 0x0d, 0x0b, 0x6e, 0xf4,
    0x08, 0x0b, 0x69, 0xf4, 0x04, 0x0b, 0x65, 0xf4, 0xff, 0x0a, 0x61, 0xf4, 0xfb, 0x0a, 0x5d, 0xf4,
    0xf6, 0x0a, 0x58, 0xf4, 0xf2, 0x0a, 0x54, 0xf4, 0xed, 0x0a, 0x50, 0xf4, 0xe8, 0x0a, 0x4b, 0xf4,
    0xe4, 0x0a, 0x47, 0xf4, 0xdf, 0x0a, 0x43, 0xf4, 0xdb, 0x0a, 0x3f, 0xf4, 0xd6, 0x0a, 0x3a, 0xf4,
    0xd1, 0x0a, 0x36, 0xf4, 0xcd, 0x0a, 0x32, 0xf4, 0xc8, 0x0a, 0x2e, 0xf4, 0xc3, 0x0a, 0x29, 0xf4,
    0xbf, 0x0a, 0x25, 0xf4, 0xba, 0x0a, 0x21, 0xf4, 0xb5, 0x0a, 0x1d, 0xf4, 0xb1, 0x0a, 0x18, 0xf4,
    0xac, 0x0a, 0x14, 0xf4, 0xa7, 0x0a, 0x10, 0xf4, 0xa3, 0x0a, 0x0c, 0xf4, 0x9e, 0x0a, 0x08, 0xf4,
    0x99, 0x0a, 0x04, 0xf4, 0x95, 0x0a, 0xff, 0xf3, 0x90, 0x0a, 0xfb, 0xf3, 0x8b, 0x0a, 0xf7, 0xf3,
    0x86, 0x0a, 0xf3, 0xf3, 0x82, 0x0a, 0xef, 0xf3, 0x7d, 0x0a, 0xeb, 0xf3, 0x78, 0x0a, 0xe7, 0xf3,
    0x73, 0x0a, 0xe2, 0xf3, 0x6f, 0x0a, 0xde, 0xf3, 0x6a, 0x0a, 0xda, 0xf3, 0x65, 0x0a, 0xd6, 0xf3,
    0x60, 0x0a, 0xd2, 0xf3, 0x5c, 0x0a, 0xce, 0xf3, 0x57, 0x0a, 0xca, 0xf3, 0x52, 0x0a, 0xc6, 0xf3,
    0x4d, 0x0a, 0xc2, 0xf3, 0x48, 0x0a, 0xbe, 0xf3, 0x44, 0x0a, 0xba, 0xf3, 0x3f, 0x0a, 0xb6, 0xf3,
    0x3a, 0x0a, 0xb2, 0xf3, 0x35, 0x0a, 0xae, 0xf3, 0x30, 0x0a, 0xaa, 0xf3, 0x2b, 0x0a, 0xa6, 0xf3,
    0x26, 0x0a, 0xa2, 0xf3, 0x22, 0x0a, 0x9e, 0xf3, 0x1d, 0x0a, 0x9a, 0xf3, 0x18, 0x0a, 0x96, 0xf3,
    0x13, 0x0a, 0x92, 0xf3, 0x0e, 0x0a, 0x8e, 0xf3, 0x09, 0x0a, 0x8a, 0xf3, 0x04, 0x0a, 0x86, 0xf3,
    0xff, 0x09, 0x82, 0xf3, 0xfb, 0x09, 0x7e, 0xf3, 0xf6, 0x09, 0x7a, 0xf3, 0xf1, 0x09, 0x76, 0xf3,
    0xec, 0x09, 0x72, 0xf3, 0xe7, 0x09, 0x6f, 0xf3, 0xe2, 0x09, 0x6b, 0xf3, 0xdd, 0x09, 0x67, 0xf3,
    0xd8, 0x09, 0x63, 0xf3, 0xd3, 0x09, 0x5f, 0xf3, 0xce, 0x09, 0x5b, 0xf3, 0xc9, 0x09, 0x57, 0xf3,
    0xc4, 0x09, 0x54, 0xf3, 0xbf, 0x09, 0x50, 0xf3, 0xba, 0x09, 0x4c, 0xf3, 0xb5, 0x09, 0x48, 0xf3,
    0xb0, 0x09, 0x44, 0xf3, 0xab, 0x09, 0x40, 0xf3, 0xa6, 0x09, 0x3d, 0xf3, 0xa1, 0x09, 0x39, 0xf3,
    0x9c, 0x09, 0x35, 0xf3, 0x97, 0x09, 0x31, 0xf3, 0x92, 0x09, 0x2e, 0xf3, 0x8d, 0x09, 0x2a, 0xf3,
    0x88, 0x09, 0x26, 0xf3, 0x83, 0x09, 0x22, 0xf3, 0x7e, 0x09, 0x1f, 0xf3, 0x79, 0x09, 0x1b, 0xf3,
    0x74, 0x09, 0x17, 0xf3, 0x6f, 0x09, 0x13, 0xf3, 0x6a, 0x09, 0x10, 0xf3, 0x65, 0x09, 0x0c, 0xf3,
    0x5f, 0x09, 0x08, 0xf3, 0x5a, 0x09, 0x05, 0xf3, 0x55, 0x09, 0x01, 0xf3, 0x50, 0x09, 0xfd, 0xf2,
    0x4b, 0x09, 0xfa, 0xf2, 0x46, 0x09, 0xf6, 0xf2, 0x41, 0x09, 0xf2, 0xf2, 0x3c, 0x09, 0xef, 0xf2,
    0x37, 0x09, 0xeb, 0xf2, 0x31, 0x09, 0xe8, 0xf2, 0x2c, 0x09, 0xe4, 0xf2, 0x27, 0x09, 0xe0, 0xf2,
    0x22, 0x09, 0xdd, 0xf2, 0x1d, 0x09, 0xd9, 0xf2, 0x18, 0x09, 0xd6, 0xf2, 0x12, 0x09, 0xd2, 0xf2,
    0x0d, 0x09, 0xce, 0xf2, 0x08, 0x09, 0xcb, 0xf2, 0x03, 0x09, 0xc7, 0xf2, 0xfe, 0x08, 0xc4, 0xf2,
    0xf8, 0x08, 0xc0, 0xf2, 0xf3, 0x08, 0xbd, 0xf2, 0xee, 0x08, 0xb9, 0xf2, 0xe9, 0x08, 0xb6, 0xf2,
    0xe4, 0x08, 0xb2, 0xf2, 0xde, 0x08, 0xaf, 0xf2, 0xd9, 0x08, 0xab, 0xf2, 0xd4, 0x08, 0xa8, 0xf2,
    0xcf, 0x08, 0xa4, 0xf2, 0xc9, 0x08, 0xa1, 0xf2, 0xc4, 0x08, 0x9e, 0xf2, 0xbf, 0x08, 0x9a, 0xf2,
    0xba, 0x08, 0x97, 0xf2, 0xb4, 0x08, 0x93, 0xf2, 0xaf, 0x08, 0x90, 0xf2, 0xaa, 0x08, 0x8c, 0xf2,
    0xa5, 0x08, 0x89, 0xf2, 0x9f, 0x08, 0x86, 0xf2, 0x9a, 0x08, 0x82, 0xf2, 0x95, 0x08, 0x7f, 0xf2,
    0x8f, 0x08, 0x7b, 0xf2, 0x8a, 0x08, 0x78, 0xf2, 0x85, 0x08, 0x75, 0xf2, 0x7f, 0x08, 0x71, 0xf2,
    0x7a, 0x08, 0x6e, 0xf2, 0x75, 0x08, 0x6b, 0xf2, 0x6f, 0x08, 0x67, 0xf2, 0x6a, 0x08, 0x64, 0xf2,
    0x65, 0x08, 0x61, 0xf2, 0x5f, 0x08, 0x5e, 0xf2, 0x5a, 0x08, 0x5a, 0xf2, 0x55, 0x08, 0x57, 0xf2,
    0x4f, 0x08, 0x54, 0xf2, 0x4a, 0x08, 0x50, 0xf2, 0x45, 0x08, 0x4d, 0xf2, 0x3f, 0x08, 0x4a, 0xf2,
    0x3a, 0x08, 0x47, 0xf2, 0x34, 0x08, 0x44, 0xf2, 0x2f, 0x08, 0x40, 0xf2, 0x2a, 0x08, 0x3d, 0xf2,
    0x24, 0x08, 0x3a, 0xf2, 0x1f, 0x08, 0x37, 0xf2, 0x19, 0x08, 0x34, 0xf2, 0x14, 0x08, 0x30, 0xf2,
    0x0e, 0x08, 0x2d, 0xf2, 0x09, 0x08, 0x2a, 0xf2, 0x04, 0x08, 0x27, 0xf2, 0xfe, 0x07, 0x24, 0xf2,
    0xf9, 0x07, 0x21, 0xf2, 0xf3, 0x07, 0x1d, 0xf2, 0xee, 0x07, 0x1a, 0xf2, 0xe8, 0x07, 0x17, 0xf2,
    0xe3, 0x07, 0x14, 0xf2, 0xdd, 0x07, 0x11, 0xf2, 0xd8, 0x07, 0x0e, 0xf2, 0xd2, 0x07, 0x0b, 0xf2,
    0xcd, 0x07, 0x08, 0xf2, 0xc8, 0x07, 0x05, 0xf2, 0xc2, 0x07, 0x02, 0xf2, 0xbd, 0x07, 0xff, 0xf1,
    0xb7, 0x07, 0xfc, 0xf1, 0xb2, 0x07, 0xf9, 0xf1, 0xac, 0x07, 0xf6, 0xf1, 0xa6, 0x07, 0xf3, 0xf1,
    0xa1, 0x07, 0xf0, 0xf1, 0x9b, 0x07, 0xed, 0xf1, 0x96, 0x07, 0xea, 0xf1, 0x90, 0x07, 0xe7, 0xf1,
    0x8b, 0x07, 0xe4, 0xf1, 0x85, 0x07, 0xe1, 0xf1, 0x80, 0x07, 0xde, 0xf1, 0x7a, 0x07, 0xdb, 0xf1,
    0x75, 0x07, 0xd8, 0xf1, 0x6f, 0x07, 0xd5, 0xf1, 0x6a, 0x07, 0xd2, 0xf1, 0x64, 0x07, 0xcf, 0xf1,
    0x5e, 0x07, 0xcc, 0xf1, 0x59, 0x07, 0xc9, 0xf1, 0x53, 0x07, 0xc6, 0xf1, 0x4e, 0x07, 0xc4, 0xf1,
    0x48, 0x07, 0xc1, 0xf1, 0x42, 0x07, 0xbe, 0xf1, 0x3d, 0x07, 0xbb, 0xf1, 0x37, 0x07, 0xb8, 0xf1,
    0x32, 0x07, 0xb5, 0xf1, 0x2c, 0x07, 0xb3, 0xf1, 0x26, 0x07, 0xb0, 0xf1, 0x21, 0x07, 0xad, 0xf1,
    0x1b, 0x07, 0xaa, 0xf1, 0x15, 0x07, 0xa7, 0xf1, 0x10, 0x07, 0xa5, 0xf1, 0x0a, 0x07, 0xa2, 0xf1,
    0x05, 0x07, 0x9f, 0xf1, 0xff, 0x06, 0x9c, 0xf1, 0xf9, 0x06, 0x9a, 0xf1, 0xf4, 0x06, 0x97, 0xf1,
    0xee, 0x06, 0x94, 0xf1, 0xe8, 0x06, 0x91, 0xf1, 0xe3, 0x06, 0x8f, 0xf1, 0xdd, 0x06, 0x8c, 0xf1,
    0xd7, 0x06, 0x89, 0xf1, 0xd2, 0x06, 0x87, 0xf1, 0xcc, 0x06, 0x84, 0xf1, 0xc6, 0x06, 0x81, 0xf1,
    0xc1, 0x06, 0x7f, 0xf1, 0xbb, 0x06, 0x7c, 0xf1, 0xb5, 0x06, 0x79, 0xf1, 0xaf, 0x06, 0x77, 0xf1,
    0xaa, 0x06, 0x74, 0xf1, 0xa4, 0x06, 0x71, 0xf1, 0x9e, 0x06, 0x6f, 0xf1, 0x99, 0x06, 0x6c, 0xf1,
    0x93, 0x06, 0x6a, 0xf1, 0x8d, 0x06, 0x67, 0xf1, 0x87, 0x06, 0x65, 0xf1, 0x82, 0x06, 0x62, 0xf1,
    0x7c, 0x06, 0x5f, 0xf1, 0x76, 0x06, 0x5d, 0xf1, 0x70, 0x06, 0x5a, 0xf1, 0x6b, 0x06, 0x58, 0xf1,
    0x65, 0x06, 0x55, 0xf1, 0x5f, 0x06, 0x53, 0xf1, 0x59, 0x06, 0x50, 0xf1, 0x54, 0x06, 0x4e, 0xf1,
    0x4e, 0x06, 0x4b, 0xf1, 0x48, 0x06, 0x49, 0xf1, 0x42, 0x06, 0x46, 0xf1, 0x3c, 0x06, 0x44, 0xf1,
    0x37, 0x06, 0x41, 0xf1, 0x31, 0x06, 0x3f, 0xf1, 0x2b, 0x06, 0x3d, 0xf1, 0x25, 0x06, 0x3a, 0xf1,
    0x1f, 0x06, 0x38, 0xf1, 0x1a, 0x06, 0x35, 0xf1, 0x14, 0x06, 0x33, 0xf1, 0x0e, 0x06, 0x31, 0xf1,
    0x08, 0x06, 0x2e, 0xf1, 0x02, 0x06, 0x2c, 0xf1, 0xfd, 0x05, 0x2a, 0xf1, 0xf7, 0x05, 0x27, 0xf1,
    0xf1, 0x05, 0x25, 0xf1, 0xeb, 0x05, 0x23, 0xf1, 0xe5, 0x05, 0x20, 0xf1, 0xdf, 0x05, 0x1e, 0xf1,
    0xda, 0x05, 0x1c, 0xf1, 0xd4, 0x05, 0x19, 0xf1, 0xce, 0x05, 0x17, 0xf1, 0xc8, 0x05, 0x15, 0xf1,
    0xc2, 0x05, 0x12, 0xf1, 0xbc, 0x05, 0x10, 0xf1, 0xb6, 0x05, 0x0e, 0xf1, 0xb1, 0x05, 0x0c, 0xf1,
    0xab, 0x05, 0x09, 0xf1, 0xa5, 0x05, 0x07, 0xf1, 0x9f, 0x05, 0x05, 0xf1, 0x99, 0x05, 0x03, 0xf1,
    0x93, 0x05, 0x01, 0xf1, 0x8d, 0x05, 0xfe, 0xf0, 0x87, 0x05, 0xfc, 0xf0, 0x81, 0x05, 0xfa, 0xf0,
    0x7c, 0x05, 0xf8, 0xf0, 0x76, 0x05, 0xf6, 0xf0, 0x70, 0x05, 0xf4, 0xf0, 0x6a, 0x05, 0xf2, 0xf0,
    0x64, 0x05, 0xef, 0xf0, 0x5e, 0x05, 0xed, 0xf0, 0x58, 0x05, 0xeb, 0xf0, 0x52, 0x05, 0xe9, 0xf0,
    0x4c, 0x05, 0xe7, 0xf0, 0x46, 0x05, 0xe5, 0xf0, 0x40, 0x05, 0xe3, 0xf0, 0x3a, 0x05, 0xe1, 0xf0,
    0x34, 0x05, 0xdf, 0xf0, 0x2f, 0x05, 0xdd, 0xf0, 0x29, 0x05, 0xdb, 0xf0, 0x23, 0x05, 0xd9, 0xf0,
    0x1d, 0x05, 0xd7, 0xf0, 0x17, 0x05, 0xd5, 0xf0, 0x11, 0x05, 0xd3, 0xf0, 0x0b, 0x05, 0xd1, 0xf0,
    0x05, 0x05, 0xcf, 0xf0, 0xff, 0x04, 0xcd, 0xf0, 0xf9, 0x04, 0xcb, 0xf0, 0xf3, 0x04, 0xc9, 0xf0,
    0xed, 0x04, 0xc7, 0xf0, 0xe7, 0x04, 0xc5, 0xf0, 0xe1, 0x04, 0xc3, 0xf0, 0xdb, 0x04, 0xc1, 0xf0,
    0xd5, 0x04, 0xbf, 0xf0, 0xcf, 0x04, 0xbd, 0xf0, 0xc9, 0x04, 0xbb, 0xf0, 0xc3, 0x04, 0xba, 0xf0,
    0xbd, 0x04, 0xb8, 0xf0, 0xb7, 0x04, 0xb6, 0xf0, 0xb1, 0x04, 0xb4, 0xf0, 0xab, 0x04, 0xb2, 0xf0,
    0xa5, 0x04, 0xb0, 0xf0, 0x9f, 0x04, 0xaf, 0xf0, 0x99, 0x04, 0xad, 0xf0, 0x93, 0x04, 0xab, 0xf0,
    0x8d, 0x04, 0xa9, 0xf0, 0x87, 0x04, 0xa7, 0xf0, 0x81, 0x04, 0xa6, 0xf0, 0x7b, 0x04, 0xa4, 0xf0,
    0x75, 0x04, 0xa2, 0xf0, 0x6f, 0x04, 0xa0, 0xf0, 0x69, 0x04, 0x9f, 0xf0, 0x63, 0x04, 0x9d, 0xf0,
    0x5d, 0x04, 0x9b, 0xf0, 0x57, 0x04, 0x99, 0xf0, 0x51, 0x04, 0x98, 0xf0, 0x4b, 0x04, 0x96, 0xf0,
    0x44, 0x04, 0x94, 0xf0, 0x3e, 0x04, 0x93, 0xf0, 0x38, 0x04, 0x91, 0xf0, 0x32, 0x04, 0x8f, 0xf0,
    0x2c, 0x04, 0x8e, 0xf0, 0x26, 0x04, 0x8c, 0xf0, 0x20, 0x04, 0x8a, 0xf0, 0x1a, 0x04, 0x89, 0xf0,
    0x14, 0x04, 0x87, 0xf0, 0x0e, 0x04, 0x86, 0xf0, 0x08, 0x04, 0x84, 0xf0, 0x02, 0x04, 0x83, 0xf0,
    0xfc, 0x03, 0x81, 0xf0, 0xf6, 0x03, 0x7f, 0xf0, 0xef, 0x03, 0x7e, 0xf0, 0xe9, 0x03, 0x7c, 0xf0,
    0xe3, 0x03, 0x7b, 0xf0, 0xdd, 0x03, 0x79, 0xf0, 0xd7, 0x03, 0x78, 0xf0, 0xd1, 0x03, 0x76, 0xf0,
    0xcb, 0x03, 0x75, 0xf0, 0xc5, 0x03, 0x73, 0xf0, 0xbf, 0x03, 0x72, 0xf0, 0xb9, 0x03, 0x70, 0xf0,
    0xb2, 0x03, 0x6f, 0xf0, 0xac, 0x03, 0x6d, 0xf0, 0xa6, 0x03, 0x6c, 0xf0, 0xa0, 0x03, 0x6b, 0xf0,
    0x9a, 0x03, 0x69, 0xf0, 0x94, 0x03, 0x68, 0xf0, 0x8e, 0x03, 0x66, 0xf0, 0x88, 0x03, 0x65, 0xf0,
    0x81, 0x03, 0x64, 0xf0, 0x7b, 0x03, 0x62, 0xf0, 0x75, 0x03, 0x61, 0xf0, 0x6f, 0x03, 0x5f, 0xf0,
    0x69, 0x03, 0x5e, 0xf0, 0x63, 0x03, 0x5d, 0xf0, 0x5d, 0x03, 0x5b, 0xf0, 0x56, 0x03, 0x5a, 0xf0,
    0x50, 0x03, 0x59, 0xf0, 0x4a, 0x03, 0x58, 0xf0, 0x44, 0x03, 0x56, 0xf0, 0x3e, 0x03, 0x55, 0xf0,
    0x38, 0x03, 0x54, 0xf0, 0x32, 0x03, 0x52, 0xf0, 0x2b, 0x03, 0x51, 0xf0, 0x25, 0x03, 0x50, 0xf0,
    0x1f, 0x03, 0x4f, 0xf0, 0x19, 0x03, 0x4d, 0xf0, 0x13, 0x03, 0x4c, 0xf0, 0x0d, 0x03, 0x4b, 0xf0,
    0x06, 0x03, 0x4a, 0xf0, 0x00, 0x03, 0x49, 0xf0, 0xfa, 0x02, 0x48, 0xf0, 0xf4, 0x02, 0x46, 0xf0,
    0xee, 0x02, 0x45, 0xf0, 0xe8, 0x02, 0x44, 0xf0, 0xe1, 0x02, 0x43, 0xf0, 0xdb, 0x02, 0x42, 0xf0,
    0xd5, 0x02, 0x41, 0xf0, 0xcf, 0x02, 0x40, 0xf0, 0xc9, 0x02, 0x3e, 0xf0, 0xc2, 0x02, 0x3d, 0xf0,
    0xbc, 0x02, 0x3c, 0xf0, 0xb6, 0x02, 0x3b, 0xf0, 0xb0, 0x02, 0x3a, 0xf0, 0xaa, 0x02, 0x39, 0xf0,
    0xa3, 0x02, 0x38, 0xf0, 0x9d, 0x02, 0x37, 0xf0, 0x97, 0x02, 0x36, 0xf0, 0x91, 0x02, 0x35, 0xf0,
    0x8b, 0x02, 0x34, 0xf0, 0x84, 0x02, 0x33, 0xf0, 0x7e, 0x02, 0x32, 0xf0, 0x78, 0x02, 0x31, 0xf0,
    0x72, 0x02, 0x30, 0xf0, 0x6c, 0x02, 0x2f, 0xf0, 0x65, 0x02, 0x2e, 0xf0, 0x5f, 0x02, 0x2d, 0xf0,
    0x59, 0x02, 0x2c, 0xf0, 0x53, 0x02, 0x2b, 0xf0, 0x4d, 0x02, 0x2b, 0xf0, 0x46, 0x02, 0x2a, 0xf0,
    0x40, 0x02, 0x29, 0xf0, 0x3a, 0x02, 0x28, 0xf0, 0x34, 0x02, 0x27, 0xf0, 0x2d, 0x02, 0x26, 0xf0,
    0x27, 0x02, 0x25, 0xf0, 0x21, 0x02, 0x24, 0xf0, 0x1b, 0x02, 0x24, 0xf0, 0x15, 0x02, 0x23, 0xf0,
    0x0e, 0x02, 0x22, 0xf0, 0x08, 0x02, 0x21, 0xf0, 0x02, 0x02, 0x20, 0xf0, 0xfc, 0x01, 0x20, 0xf0,
    0xf5, 0x01, 0x1f, 0xf0, 0xef, 0x01, 0x1e, 0xf0, 0xe9, 0x01, 0x1d, 0xf0, 0xe3, 0x01, 0x1d, 0xf0,
    0xdc, 0x01, 0x1c, 0xf0, 0xd6, 0x01, 0x1b, 0xf0, 0xd0, 0x01, 0x1a, 0xf0, 0xca, 0x01, 0x1a, 0xf0,
    0xc3, 0x01, 0x19, 0xf0, 0xbd, 0x01, 0x18, 0xf0, 0xb7, 0x01, 0x18, 0xf0, 0xb1, 0x01, 0x17, 0xf0,
    0xaa, 0x01, 0x16, 0xf0, 0xa4, 0x01, 0x16, 0xf0, 0x9e, 0x01, 0x15, 0xf0, 0x98, 0x01, 0x14, 0xf0,
    0x91, 0x01, 0x14, 0xf0, 0x8b, 0x01, 0x13, 0xf0, 0x85, 0x01, 0x13, 0xf0, 0x7f, 0x01, 0x12, 0xf0,
    0x78, 0x01, 0x11, 0xf0, 0x72, 0x01, 0x11, 0xf0, 0x6c, 0x01, 0x10, 0xf0, 0x66, 0x01, 0x10, 0xf0,
    0x5f, 0x01, 0x0f, 0xf0, 0x59, 0x01, 0x0f, 0xf0, 0x53, 0x01, 0x0e, 0xf0, 0x4d, 0x01, 0x0e, 0xf0,
    0x46, 0x01, 0x0d, 0xf0, 0x40, 0x01, 0x0d, 0xf0, 0x3a, 0x01, 0x0c, 0xf0, 0x34, 0x01, 0x0c, 0xf0,
    0x2d, 0x01, 0x0b, 0xf0, 0x27, 0x01, 0x0b, 0xf0, 0x21, 0x01, 0x0a, 0xf0, 0x1b, 0x01, 0x0a, 0xf0,
    0x14, 0x01, 0x09, 0xf0, 0x0e, 0x01, 0x09, 0xf0, 0x08, 0x01, 0x08, 0xf0, 0x01, 0x01, 0x08, 0xf0,
    0xfb, 0x00, 0x08, 0xf0, 0xf5, 0x00, 0x07, 0xf0, 0xef, 0x00, 0x07, 0xf0, 0xe8, 0x00, 0x07, 0xf0,
    0xe2, 0x00, 0x06, 0xf0, 0xdc, 0x00, 0x06, 0xf0, 0xd6, 0x00, 0x06, 0xf0, 0xcf, 0x00, 0x05, 0xf0,
    0xc9, 0x00, 0x05, 0xf0, 0xc3, 0x00, 0x05, 0xf0, 0xbc, 0x00, 0x04, 0xf0, 0xb6, 0x00, 0x04, 0xf0,
    0xb0, 0x00, 0x04, 0xf0, 0xaa, 0x00, 0x04, 0xf0, 0xa3, 0x00, 0x03, 0xf0, 0x9d, 0x00, 0x03, 0xf0,
    0x97, 0x00, 0x03, 0xf0, 0x90, 0x00, 0x03, 0xf0, 0x8a, 0x00, 0x02, 0xf0, 0x84, 0x00, 0x02, 0xf0,
    0x7e, 0x00, 0x02, 0xf0, 0x77, 0x00, 0x02, 0xf0, 0x71, 0x00, 0x02, 0xf0, 0x6b, 0x00, 0x01, 0xf0,
    0x65, 0x00, 0x01, 0xf0, 0x5e, 0x00, 0x01, 0xf0, 0x58, 0x00, 0x01, 0xf0, 0x52, 0x00, 0x01, 0xf0,
    0x4b, 0x00, 0x01, 0xf0, 0x45, 0x00, 0x01, 0xf0, 0x3f, 0x00, 0x00, 0xf0, 0x39, 0x00, 0x00, 0xf0,
    0x32, 0x00, 0x00, 0xf0, 0x2c, 0x00, 0x00, 0xf0, 0x26, 0x00, 0x00, 0xf0, 0x1f, 0x00, 0x00, 0xf0,
    0x19, 0x00, 0x00, 0xf0, 0x13, 0x00, 0x00, 0xf0, 0x0d, 0x00, 0x00, 0xf0, 0x06, 0x00, 0x00, 0xf0,
    0x00, 0x00, 0x00, 0xf0, 0xfa, 0xff, 0x00, 0xf0, 0xf3, 0xff, 0x00, 0xf0, 0xed, 0xff, 0x00, 0xf0,
    0xe7, 0xff, 0x00, 0xf0, 0xe1, 0xff, 0x00, 0xf0, 0xda, 0xff, 0x00, 0xf0, 0xd4, 0xff, 0x00, 0xf0,
    0xce, 0xff, 0x00, 0xf0, 0xc7, 0xff, 0x00, 0xf0, 0xc1, 0xff, 0x00, 0xf0, 0xbb, 0xff, 0x01, 0xf0,
    0xb5, 0xff, 0x01, 0xf0, 0xae, 0xff, 0x01, 0xf0, 0xa8, 0xff, 0x01, 0xf0, 0xa2, 0xff, 0x01, 0xf0,
    0x9b, 0xff, 0x01, 0xf0, 0x95, 0xff, 0x01, 0xf0, 0x8f, 0xff, 0x02, 0xf0, 0x89, 0xff, 0x02, 0xf0,
    0x82, 0xff, 0x02, 0xf0, 0x7c, 0xff, 0x02, 0xf0, 0x76, 0xff, 0x02, 0xf0, 0x70, 0xff, 0x03, 0xf0,
    0x69, 0xff, 0x03, 0xf0, 0x63, 0xff, 0x03, 0xf0, 0x5d, 0xff, 0x03, 0xf0, 0x56, 0xff, 0x04, 0xf0,
    0x50, 0xff, 0x04, 0xf0, 0x4a, 0xff, 0x04, 0xf0, 0x44, 0xff, 0x04, 0xf0, 0x3d, 0xff, 0x05, 0xf0,
    0x37, 0xff, 0x05, 0xf0, 0x31, 0xff, 0x05, 0xf0, 0x2a, 0xff, 0x06, 0xf0, 0x24, 0xff, 0x06, 0xf0,
    0x1e, 0xff, 0x06, 0xf0, 0x18, 0xff, 0x07, 0xf0, 0x11, 0xff, 0x07, 0xf0, 0x0b, 0xff, 0x07, 0xf0,
    0x05, 0xff, 0x08, 0xf0, 0xff, 0xfe, 0x08, 0xf0, 0xf8, 0xfe, 0x08, 0xf0, 0xf2, 0xfe, 0x09, 0xf0,
    0xec, 0xfe, 0x09, 0xf0, 0xe5, 0xfe, 0x0a, 0xf0, 0xdf, 0xfe, 0x0a, 0xf0, 0xd9, 0xfe, 0x0b, 0xf0,
    0xd3, 0xfe, 0x0b, 0xf0, 0xcc, 0xfe, 0x0c, 0xf0, 0xc6, 0xfe, 0x0c, 0xf0, 0xc0, 0xfe, 0x0d, 0xf0,
    0xba, 0xfe, 0x0d, 0xf0, 0xb3, 0xfe, 0x0e, 0xf0, 0xad, 0xfe, 0x0e, 0xf0, 0xa7, 0xfe, 0x0f, 0xf0,
    0xa1, 0xfe, 0x0f, 0xf0, 0x9a, 0xfe, 0x10, 0xf0, 0x94, 0xfe, 0x10, 0xf0, 0x8e, 0xfe, 0x11, 0xf0,
    0x88, 0xfe, 0x11, 0xf0, 0x81, 0xfe, 0x12, 0xf0, 0x7b, 0xfe, 0x13, 0xf0, 0x75, 0xfe, 0x13, 0xf0,
    0x6f, 0xfe, 0x14, 0xf0, 0x68, 0xfe, 0x14, 0xf0, 0x62, 0xfe, 0x15, 0xf0, 0x5c, 0xfe, 0x16, 0xf0,
    0x56, 0xfe, 0x16, 0xf0, 0x4f, 0xfe, 0x17, 0xf0, 0x49, 0xfe, 0x18, 0xf0, 0x43, 0xfe, 0x18, 0xf0,
    0x3d, 0xfe, 0x19, 0xf0, 0x36, 0xfe, 0x1a, 0xf0, 0x30, 0xfe, 0x1a, 0xf0, 0x2a, 0xfe, 0x1b, 0xf0,
    0x24, 0xfe, 0x1c, 0xf0, 0x1d, 0xfe, 0x1d, 0xf0, 0x17, 0xfe, 0x1d, 0xf0, 0x11, 0xfe, 0x1e, 0xf0,
    0x0b, 0xfe, 0x1f, 0xf0, 0x04, 0xfe, 0x20, 0xf0, 0xfe, 0xfd, 0x20, 0xf0, 0xf8, 0xfd, 0x21, 0xf0,
    0xf2, 0xfd, 0x22, 0xf0, 0xeb, 0xfd, 0x23, 0xf0, 0xe5, 0xfd, 0x24, 0xf0, 0xdf, 0xfd, 0x24, 0xf0,
    0xd9, 0xfd, 0x25, 0xf0, 0xd3, 0xfd, 0x26, 0xf0, 0xcc, 0xfd, 0x27, 0xf0, 0xc6, 0xfd, 0x28, 0xf0,
    0xc0, 0xfd, 0x29, 0xf0, 0xba, 0xfd, 0x2a, 0xf0, 0xb3, 0xfd, 0x2b, 0xf0, 0xad, 0xfd, 0x2b, 0xf0,
    0xa7, 0xfd, 0x2c, 0xf0, 0xa1, 0xfd, 0x2d, 0xf0, 0x9b, 0xfd, 0x2e, 0xf0, 0x94, 0xfd, 0x2f, 0xf0,
    0x8e, 0xfd, 0x30, 0xf0, 0x88, 0xfd, 0x31, 0xf0, 0x82, 0xfd, 0x32, 0xf0, 0x7c, 0xfd, 0x33, 0xf0,
    0x75, 0xfd, 0x34, 0xf0, 0x6f, 0xfd, 0x35, 0xf0, 0x69, 0xfd, 0x36, 0xf0, 0x63, 0xfd, 0x37, 0xf0,
    0x5d, 0xfd, 0x38, 0xf0, 0x56, 0xfd, 0x39, 0xf0, 0x50, 0xfd, 0x3a, 0xf0, 0x4a, 0xfd, 0x3b, 0xf0,
    0x44, 0xfd, 0x3c, 0xf0, 0x3e, 0xfd, 0x3d, 0xf0, 0x37, 0xfd, 0x3e, 0xf0, 0x31, 0xfd, 0x40, 0xf0,
    0x2b, 0xfd, 0x41, 0xf0, 0x25, 0xfd, 0x42, 0xf0, 0x1f, 0xfd, 0x43, 0xf0, 0x18, 0xfd, 0x44, 0xf0,
    0x12, 0xfd, 0x45, 0xf0, 0x0c, 0xfd, 0x46, 0xf0, 0x06, 0xfd, 0x48, 0xf0, 0x00, 0xfd, 0x49, 0xf0,
    0xfa, 0xfc, 0x4a, 0xf0, 0xf3, 0xfc, 0x4b, 0xf0, 0xed, 0xfc, 0x4c, 0xf0, 0xe7, 0xfc, 0x4d, 0xf0,
    0xe1, 0xfc, 0x4f, 0xf0, 0xdb, 0xfc, 0x50, 0xf0, 0xd5, 0xfc, 0x51, 0xf0, 0xce, 0xfc, 0x52, 0xf0,
    0xc8, 0xfc, 0x54, 0xf0, 0xc2, 0xfc, 0x55, 0xf0, 0xbc, 0xfc, 0x56, 0xf0, 0xb6, 0xfc, 0x58, 0xf0,
    0xb0, 0xfc, 0x59, 0xf0, 0xaa, 0xfc, 0x5a, 0xf0, 0xa3, 0xfc, 0x5b, 0xf0, 0x9d, 0xfc, 0x5d, 0xf0,
    0x97, 0xfc, 0x5e, 0xf0, 0x91, 0xfc, 0x5f, 0xf0, 0x8b, 0xfc, 0x61, 0xf0, 0x85, 0xfc, 0x62, 0xf0,
    0x7f, 0xfc, 0x64, 0xf0, 0x78, 0xfc, 0x65, 0xf0, 0x72, 0xfc, 0x66, 0xf0, 0x6c, 0xfc, 0x68, 0xf0,
    0x66, 0xfc, 0x69, 0xf0, 0x60, 0xfc, 0x6b, 0xf0, 0x5a, 0xfc, 0x6c, 0xf0, 0x54, 0xfc, 0x6d, 0xf0,
    0x4e, 0xfc, 0x6f, 0xf0, 0x47, 0xfc, 0x70, 0xf0, 0x41, 0xfc, 0x72, 0xf0, 0x3b, 0xfc, 0x73, 0xf0,
    0x35, 0xfc, 0x75, 0xf0, 0x2f, 0xfc, 0x76, 0xf0, 0x29, 0xfc, 0x78, 0xf0, 0x23, 0xfc, 0x79, 0xf0,
    0x1d, 0xfc, 0x7b, 0xf0, 0x17, 0xfc, 0x7c, 0xf0, 0x11, 0xfc, 0x7e, 0xf0, 0x0a, 0xfc, 0x7f, 0xf0,
    0x04, 0xfc, 0x81, 0xf0, 0xfe, 0xfb, 0x83, 0xf0, 0xf8, 0xfb, 0x84, 0xf0, 0xf2, 0xfb, 0x86, 0xf0,
    0xec, 0xfb, 0x87, 0xf0, 0xe6, 0xfb, 0x89, 0xf0, 0xe0, 0xfb, 0x8a, 0xf0, 0xda, 0xfb, 0x8c, 0xf0,
    0xd4, 0xfb, 0x8e, 0xf0, 0xce, 0xfb, 0x8f, 0xf0, 0xc8, 0xfb, 0x91, 0xf0, 0xc2, 0xfb, 0x93, 0xf0,
    0xbc, 0xfb, 0x94, 0xf0, 0xb5, 0xfb, 0x96, 0xf0, 0xaf, 0xfb, 0x98, 0xf0, 0xa9, 0xfb, 0x99, 0xf0,
    0xa3, 0xfb, 0x9b, 0xf0, 0x9d, 0xfb, 0x9d, 0xf0, 0x97, 0xfb, 0x9f, 0xf0, 0x91, 0xfb, 0xa0, 0xf0,
    0x8b, 0xfb, 0xa2, 0xf0, 0x85, 0xfb, 0xa4, 0xf0, 0x7f, 0xfb, 0xa6, 0xf0, 0x79, 0xfb, 0xa7, 0xf0,
    0x73, 0xfb, 0xa9, 0xf0, 0x6d, 0xfb, 0xab, 0xf0, 0x67, 0xfb, 0xad, 0xf0, 0x61, 0xfb, 0xaf, 0xf0,
    0x5b, 0xfb, 0xb0, 0xf0, 0x55, 0xfb, 0xb2, 0xf0, 0x4f, 0xfb, 0xb4, 0xf0, 0x49, 0xfb, 0xb6, 0xf0,
    0x43, 0xfb, 0xb8, 0xf0, 0x3d, 0xfb, 0xba, 0xf0, 0x37, 0xfb, 0xbb, 0xf0, 0x31, 0xfb, 0xbd, 0xf0,
    0x2b, 0xfb, 0xbf, 0xf0, 0x25, 0xfb, 0xc1, 0xf0, 0x1f, 0xfb, 0xc3, 0xf0, 0x19, 0xfb, 0xc5, 0xf0,
    0x13, 0xfb, 0xc7, 0xf0, 0x0d, 0xfb, 0xc9, 0xf0, 0x07, 0xfb, 0xcb, 0xf0, 0x01, 0xfb, 0xcd, 0xf0,
    0xfb, 0xfa, 0xcf, 0xf0, 0xf5, 0xfa, 0xd1, 0xf0, 0xef, 0xfa, 0xd3, 0xf0, 0xe9, 0xfa, 0xd5, 0xf0,
    0xe3, 0xfa, 0xd7, 0xf0, 0xdd, 0xfa, 0xd9, 0xf0, 0xd7, 0xfa, 0xdb, 0xf0, 0xd1, 0xfa, 0xdd, 0xf0,
    0xcc, 0xfa, 0xdf, 0xf0, 0xc6, 0xfa, 0xe1, 0xf0, 0xc0, 0xfa, 0xe3, 0xf0, 0xba, 0xfa, 0xe5, 0xf0,
    0xb4, 0xfa, 0xe7, 0xf0, 0xae, 0xfa, 0xe9, 0xf0, 0xa8, 0xfa, 0xeb, 0xf0, 0xa2, 0xfa, 0xed, 0xf0,
    0x9c, 0xfa, 0xef, 0xf0, 0x96, 0xfa, 0xf2, 0xf0, 0x90, 0xfa, 0xf4, 0xf0, 0x8a, 0xfa, 0xf6, 0xf0,
    0x84, 0xfa, 0xf8, 0xf0, 0x7f, 0xfa, 0xfa, 0xf0, 0x79, 0xfa, 0xfc, 0xf0, 0x73, 0xfa, 0xfe, 0xf0,
    0x6d, 0xfa, 0x01, 0xf1, 0x67, 0xfa, 0x03, 0xf1, 0x61, 0xfa, 0x05, 0xf1, 0x5b, 0xfa, 0x07, 0xf1,
    0x55, 0xfa, 0x09, 0xf1, 0x4f, 0xfa, 0x0c, 0xf1, 0x4a, 0xfa, 0x0e, 0xf1, 0x44, 0xfa, 0x10, 0xf1,
    0x3e, 0xfa, 0x12, 0xf1, 0x38, 0xfa, 0x15, 0xf1, 0x32, 0xfa, 0x17, 0xf1, 0x2c, 0xfa, 0x19, 0xf1,
    0x26, 0xfa, 0x1c, 0xf1, 0x21, 0xfa, 0x1e, 0xf1, 0x1b, 0xfa, 0x20, 0xf1, 0x15, 0xfa, 0x23, 0xf1,
    0x0f, 0xfa, 0x25, 0xf1, 0x09, 0xfa, 0x27, 0xf1, 0x03, 0xfa, 0x2a, 0xf1, 0xfe, 0xf9, 0x2c, 0xf1,
    0xf8, 0xf9, 0x2e, 0xf1, 0xf2, 0xf9, 0x31, 0xf1, 0xec, 0xf9, 0x33, 0xf1, 0xe6, 0xf9, 0x35, 0xf1,
    0xe1, 0xf9, 0x38, 0xf1, 0xdb, 0xf9, 0x3a, 0xf1, 0xd5, 0xf9, 0x3d, 0xf1, 0xcf, 0xf9, 0x3f, 0xf1,
    0xc9, 0xf9, 0x41, 0xf1, 0xc4, 0xf9, 0x44, 0xf1, 0xbe, 0xf9, 0x46, 0xf1, 0xb8, 0xf9, 0x49, 0xf1,
    0xb2, 0xf9, 0x4b, 0xf1, 0xac, 0xf9, 0x4e, 0xf1, 0xa7, 0xf9, 0x50, 0xf1, 0xa1, 0xf9, 0x53, 0xf1,
    0x9b, 0xf9, 0x55, 0xf1, 0x95, 0xf9, 0x58, 0xf1, 0x90, 0xf9, 0x5a, 0xf1, 0x8a, 0xf9, 0x5d, 0xf1,
    0x84, 0xf9, 0x5f, 0xf1, 0x7e, 0xf9, 0x62, 0xf1, 0x79, 0xf9, 0x65, 0xf1, 0x73, 0xf9, 0x67, 0xf1,
    0x6d, 0xf9, 0x6a, 0xf1, 0x67, 0xf9, 0x6c, 0xf1, 0x62, 0xf9, 0x6f, 0xf1, 0x5c, 0xf9, 0x71, 0xf1,
    0x56, 0xf9, 0x74, 0xf1, 0x51, 0xf9, 0x77, 0xf1, 0x4b, 0xf9, 0x79, 0xf1, 0x45, 0xf9, 0x7c, 0xf1,
    0x3f, 0xf9, 0x7f, 0xf1, 0x3a, 0xf9, 0x81, 0xf1, 0x34, 0xf9, 0x84, 0xf1, 0x2e, 0xf9, 0x87, 0xf1,
    0x29, 0xf9, 0x89, 0xf1, 0x23, 0xf9, 0x8c, 0xf1, 0x1d, 0xf9, 0x8f, 0xf1, 0x18, 0xf9, 0x91, 0xf1,
    0x12, 0xf9, 0x94, 0xf1, 0x0c, 0xf9, 0x97, 0xf1, 0x07, 0xf9, 0x9a, 0xf1, 0x01, 0xf9, 0x9c, 0xf1,
    0xfb, 0xf8, 0x9f, 0xf1, 0xf6, 0xf8, 0xa2, 0xf1, 0xf0, 0xf8, 0xa5, 0xf1, 0xeb, 0xf8, 0xa7, 0xf1,
    0xe5, 0xf8, 0xaa, 0xf1, 0xdf, 0xf8, 0xad, 0xf1, 0xda, 0xf8, 0xb0, 0xf1, 0xd4, 0xf8, 0xb3, 0xf1,
    0xce, 0xf8, 0xb5, 0xf1, 0xc9, 0xf8, 0xb8, 0xf1, 0xc3, 0xf8, 0xbb, 0xf1, 0xbe, 0xf8, 0xbe, 0xf1,
    0xb8, 0xf8, 0xc1, 0xf1, 0xb2, 0xf8, 0xc4, 0xf1, 0xad, 0xf8, 0xc6, 0xf1, 0xa7, 0xf8, 0xc9, 0xf1,
    0xa2, 0xf8, 0xcc, 0xf1, 0x9c, 0xf8, 0xcf, 0xf1, 0x96, 0xf8, 0xd2, 0xf1, 0x91, 0xf8, 0xd5, 0xf1,
    0x8b, 0xf8, 0xd8, 0xf1, 0x86, 0xf8, 0xdb, 0xf1, 0x80, 0xf8, 0xde, 0xf1, 0x7b, 0xf8, 0xe1, 0xf1,
    0x75, 0xf8, 0xe4, 0xf1, 0x70, 0xf8, 0xe7, 0xf1, 0x6a, 0xf8, 0xea, 0xf1, 0x65, 0xf8, 0xed, 0xf1,
    0x5f, 0xf8, 0xf0, 0xf1, 0x5a, 0xf8, 0xf3, 0xf1, 0x54, 0xf8, 0xf6, 0xf1, 0x4e, 0xf8, 0xf9, 0xf1,
    0x49, 0xf8, 0xfc, 0xf1, 0x43, 0xf8, 0xff, 0xf1, 0x3e, 0xf8, 0x02, 0xf2, 0x38, 0xf8, 0x05, 0xf2,
    0x33, 0xf8, 0x08, 0xf2, 0x2e, 0xf8, 0x0b, 0xf2, 0x28, 0xf8, 0x0e, 0xf2, 0x23, 0xf8, 0x11, 0xf2,
    0x1d, 0xf8, 0x14, 0xf2, 0x18, 0xf8, 0x17, 0xf2, 0x12, 0xf8, 0x1a, 0xf2, 0x0d, 0xf8, 0x1d, 0xf2,
    0x07, 0xf8, 0x21, 0xf2, 0x02, 0xf8, 0x24, 0xf2, 0xfc, 0xf7, 0x27, 0xf2, 0xf7, 0xf7, 0x2a, 0xf2,
    0xf2, 0xf7, 0x2d, 0xf2, 0xec, 0xf7, 0x30, 0xf2, 0xe7, 0xf7, 0x34, 0xf2, 0xe1, 0xf7, 0x37, 0xf2,
    0xdc, 0xf7, 0x3a, 0xf2, 0xd6, 0xf7, 0x3d, 0xf2, 0xd1, 0xf7, 0x40, 0xf2, 0xcc, 0xf7, 0x44, 0xf2,
    0xc6, 0xf7, 0x47, 0xf2, 0xc1, 0xf7, 0x4a, 0xf2, 0xbb, 0xf7, 0x4d, 0xf2, 0xb6, 0xf7, 0x50, 0xf2,
    0xb1, 0xf7, 0x54, 0xf2, 0xab, 0xf7, 0x57, 0xf2, 0xa6, 0xf7, 0x5a, 0xf2, 0xa1, 0xf7, 0x5e, 0xf2,
    0x9b, 0xf7, 0x61, 0xf2, 0x96, 0xf7, 0x64, 0xf2, 0x91, 0xf7, 0x67, 0xf2, 0x8b, 0xf7, 0x6b, 0xf2,
    0x86, 0xf7, 0x6e, 0xf2, 0x81, 0xf7, 0x71, 0xf2, 0x7b, 0xf7, 0x75, 0xf2, 0x76, 0xf7, 0x78, 0xf2,
    0x71, 0xf7, 0x7b, 0xf2, 0x6b, 0xf7, 0x7f, 0xf2, 0x66, 0xf7, 0x82, 0xf2, 0x61, 0xf7, 0x86, 0xf2,
    0x5b, 0xf7, 0x89, 0xf2, 0x56, 0xf7, 0x8c, 0xf2, 0x51, 0xf7, 0x90, 0xf2, 0x4c, 0xf7, 0x93, 0xf2,
    0x46, 0xf7, 0x97, 0xf2, 0x41, 0xf7, 0x9a, 0xf2, 0x3c, 0xf7, 0x9e, 0xf2, 0x37, 0xf7, 0xa1, 0xf2,
    0x31, 0xf7, 0xa4, 0xf2, 0x2c, 0xf7, 0xa8, 0xf2, 0x27, 0xf7, 0xab, 0xf2, 0x22, 0xf7, 0xaf, 0xf2,
    0x1c, 0xf7, 0xb2, 0xf2, 0x17, 0xf7, 0xb6, 0xf2, 0x12, 0xf7, 0xb9, 0xf2, 0x0d, 0xf7, 0xbd, 0xf2,
    0x08, 0xf7, 0xc0, 0xf2, 0x02, 0xf7, 0xc4, 0xf2, 0xfd, 0xf6, 0xc7, 0xf2, 0xf8, 0xf6, 0xcb, 0xf2,
    0xf3, 0xf6, 0xce, 0xf2, 0xee, 0xf6, 0xd2, 0xf2, 0xe8, 0xf6, 0xd6, 0xf2, 0xe3, 0xf6, 0xd9, 0xf2,
    0xde, 0xf6, 0xdd, 0xf2, 0xd9, 0xf6, 0xe0, 0xf2, 0xd4, 0xf6, 0xe4, 0xf2, 0xcf, 0xf6, 0xe8, 0xf2,
    0xc9, 0xf6, 0xeb, 0xf2, 0xc4, 0xf6, 0xef, 0xf2, 0xbf, 0xf6, 0xf2, 0xf2, 0xba, 0xf6, 0xf6, 0xf2,
    0xb5, 0xf6, 0xfa, 0xf2, 0xb0, 0xf6, 0xfd, 0xf2, 0xab, 0xf6, 0x01, 0xf3, 0xa6, 0xf6, 0x05, 0xf3,
    0xa1, 0xf6, 0x08, 0xf3, 0x9b, 0xf6, 0x0c, 0xf3, 0x96, 0xf6, 0x10, 0xf3, 0x91, 0xf6, 0x13, 0xf3,
    0x8c, 0xf6, 0x17, 0xf3, 0x87, 0xf6, 0x1b, 0xf3, 0x82, 0xf6, 0x1f, 0xf3, 0x7d, 0xf6, 0x22, 0xf3,
    0x78, 0xf6, 0x26, 0xf3, 0x73, 0xf6, 0x2a, 0xf3, 0x6e, 0xf6, 0x2e, 0xf3, 0x69, 0xf6, 0x31, 0xf3,
    0x64, 0xf6, 0x35, 0xf3, 0x5f, 0xf6, 0x39, 0xf3, 0x5a, 0xf6, 0x3d, 0xf3, 0x55, 0xf6, 0x40, 0xf3,
    0x50, 0xf6, 0x44, 0xf3, 0x4b, 0xf6, 0x48, 0xf3, 0x46, 0xf6, 0x4c, 0xf3, 0x41, 0xf6, 0x50, 0xf3,
    0x3c, 0xf6, 0x54, 0xf3, 0x37, 0xf6, 0x57, 0xf3, 0x32, 0xf6, 0x5b, 0xf3, 0x2d, 0xf6, 0x5f, 0xf3,
    0x28, 0xf6, 0x63, 0xf3, 0x23, 0xf6, 0x67, 0xf3, 0x1e, 0xf6, 0x6b, 0xf3, 0x19, 0xf6, 0x6f, 0xf3,
    0x14, 0xf6, 0x72, 0xf3, 0x0f, 0xf6, 0x76, 0xf3, 0x0a, 0xf6, 0x7a, 0xf3, 0x05, 0xf6, 0x7e, 0xf3,
    0x01, 0xf6, 0x82, 0xf3, 0xfc, 0xf5, 0x86, 0xf3, 0xf7, 0xf5, 0x8a, 0xf3, 0xf2, 0xf5, 0x8e, 0xf3,
    0xed, 0xf5, 0x92, 0xf3, 0xe8, 0xf5, 0x96, 0xf3, 0xe3, 0xf5, 0x9a, 0xf3, 0xde, 0xf5, 0x9e, 0xf3,
    0xda, 0xf5, 0xa2, 0xf3, 0xd5, 0xf5, 0xa6, 0xf3, 0xd0, 0xf5, 0xaa, 0xf3, 0xcb, 0xf5, 0xae, 0xf3,
    0xc6, 0xf5, 0xb2, 0xf3, 0xc1, 0xf5, 0xb6, 0xf3, 0xbc, 0xf5, 0xba, 0xf3, 0xb8, 0xf5, 0xbe, 0xf3,
    0xb3, 0xf5, 0xc2, 0xf3, 0xae, 0xf5, 0xc6, 0xf3, 0xa9, 0xf5, 0xca, 0xf3, 0xa4, 0xf5, 0xce, 0xf3,
    0xa0, 0xf5, 0xd2, 0xf3, 0x9b, 0xf5, 0xd6, 0xf3, 0x96, 0xf5, 0xda, 0xf3, 0x91, 0xf5, 0xde, 0xf3,
    0x8d, 0xf5, 0xe2, 0xf3, 0x88, 0xf5, 0xe7, 0xf3, 0x83, 0xf5, 0xeb, 0xf3, 0x7e, 0xf5, 0xef, 0xf3,
    0x7a, 0xf5, 0xf3, 0xf3, 0x75, 0xf5, 0xf7, 0xf3, 0x70, 0xf5, 0xfb, 0xf3, 0x6b, 0xf5, 0xff, 0xf3,
    0x67, 0xf5, 0x04, 0xf4, 0x62, 0xf5, 0x08, 0xf4, 0x5d, 0xf5, 0x0c, 0xf4, 0x59, 0xf5, 0x10, 0xf4,
    0x54, 0xf5, 0x14, 0xf4, 0x4f, 0xf5, 0x18, 0xf4, 0x4b, 0xf5, 0x1d, 0xf4, 0x46, 0xf5, 0x21, 0xf4,
    0x41, 0xf5, 0x25, 0xf4, 0x3d, 0xf5, 0x29, 0xf4, 0x38, 0xf5, 0x2e, 0xf4, 0x33, 0xf5, 0x32, 0xf4,
    0x2f, 0xf5, 0x36, 0xf4, 0x2a, 0xf5, 0x3a, 0xf4, 0x25, 0xf5, 0x3f, 0xf4, 0x21, 0xf5, 0x43, 0xf4,
    0x1c, 0xf5, 0x47, 0xf4, 0x18, 0xf5, 0x4b, 0xf4, 0x13, 0xf5, 0x50, 0xf4, 0x0e, 0xf5, 0x54, 0xf4,
    0x0a, 0xf5, 0x58, 0xf4, 0x05, 0xf5, 0x5d, 0xf4, 0x01, 0xf5, 0x61, 0xf4, 0xfc, 0xf4, 0x65, 0xf4,
    0xf8, 0xf4, 0x69, 0xf4, 0xf3, 0xf4, 0x6e, 0xf4, 0xef, 0xf4, 0x72, 0xf4, 0xea, 0xf4, 0x77, 0xf4,
    0xe5, 0xf4, 0x7b, 0xf4, 0xe1, 0xf4, 0x7f, 0xf4, 0xdc, 0xf4, 0x84, 0xf4, 0xd8, 0xf4, 0x88, 0xf4,
    0xd3, 0xf4, 0x8c, 0xf4, 0xcf, 0xf4, 0x91, 0xf4, 0xca, 0xf4, 0x95, 0xf4, 0xc6, 0xf4, 0x9a, 0xf4,
    0xc2, 0xf4, 0x9e, 0xf4, 0xbd, 0xf4, 0xa2, 0xf4, 0xb9, 0xf4, 0xa7, 0xf4, 0xb4, 0xf4, 0xab, 0xf4,
    0xb0, 0xf4, 0xb0, 0xf4, 0xab, 0xf4, 0xb4, 0xf4, 0xa7, 0xf4, 0xb9, 0xf4, 0xa2, 0xf4, 0xbd, 0xf4,
    0x9e, 0xf4, 0xc2, 0xf4, 0x9a, 0xf4, 0xc6, 0xf4, 0x95, 0xf4, 0xca, 0xf4, 0x91, 0xf4, 0xcf, 0xf4,
    0x8c, 0xf4, 0xd3, 0xf4, 0x88, 0xf4, 0xd8, 0xf4, 0x84, 0xf4, 0xdc, 0xf4, 0x7f, 0xf4, 0xe1, 0xf4,
    0x7b, 0xf4, 0xe5, 0xf4, 0x77, 0xf4, 0xea, 0xf4, 0x72, 0xf4, 0xef, 0xf4, 0x6e, 0xf4, 0xf3, 0xf4,
    0x69, 0xf4, 0xf8, 0xf4, 0x65, 0xf4, 0xfc, 0xf4, 0x61, 0xf4, 0x01, 0xf5, 0x5d, 0xf4, 0x05, 0xf5,
    0x58, 0xf4, 0x0a, 0xf5, 0x54, 0xf4, 0x0e, 0xf5, 0x50, 0xf4, 0x13, 0xf5, 0x4b, 0xf4, 0x18, 0xf5,
    0x47, 0xf4, 0x1c, 0xf5, 0x43, 0xf4, 0x21, 0xf5, 0x3f, 0xf4, 0x25, 0xf5, 0x3a, 0xf4, 0x2a, 0xf5,
    0x36, 0xf4, 0x2f, 0xf5, 0x32, 0xf4, 0x33, 0xf5, 0x2e, 0xf4, 0x38, 0xf5, 0x29, 0xf4, 0x3d, 0xf5,
    0x25, 0xf4, 0x41, 0xf5, 0x21, 0xf4, 0x46, 0xf5, 0x1d, 0xf4, 0x4b, 0xf5, 0x18, 0xf4, 0x4f, 0xf5,
    0x14, 0xf4, 0x54, 0xf5, 0x10, 0xf4, 0x59, 0xf5, 0x0c, 0xf4, 0x5d, 0xf5, 0x08, 0xf4, 0x62, 0xf5,
    0x04, 0xf4, 0x67, 0xf5, 0xff, 0xf3, 0x6b, 0xf5, 0xfb, 0xf3, 0x70, 0xf5, 0xf7, 0xf3, 0x75, 0xf5,
    0xf3, 0xf3, 0x7a, 0xf5, 0xef, 0xf3, 0x7e, 0xf5, 0xeb, 0xf3, 0x83, 0xf5, 0xe7, 0xf3, 0x88, 0xf5,
    0xe2, 0xf3, 0x8d, 0xf5, 0xde, 0xf3, 0x91, 0xf5, 0xda, 0xf3, 0x96, 0xf5, 0xd6, 0xf3, 0x9b, 0xf5,
    0xd2, 0xf3, 0xa0, 0xf5, 0xce, 0xf3, 0xa4, 0xf5, 0xca, 0xf3, 0xa9, 0xf5, 0xc6, 0xf3, 0xae, 0xf5,
    0xc2, 0xf3, 0xb3, 0xf5, 0xbe, 0xf3, 0xb8, 0xf5, 0xba, 0xf3, 0xbc, 0xf5, 0xb6, 0xf3, 0xc1, 0xf5,
    0xb2, 0xf3, 0xc6, 0xf5, 0xae, 0xf3, 0xcb, 0xf5, 0xaa, 0xf3, 0xd0, 0xf5, 0xa6, 0xf3, 0xd5, 0xf5,
    0xa2, 0xf3, 0xda, 0xf5, 0x9e, 0xf3, 0xde, 0xf5, 0x9a, 0xf3, 0xe3, 0xf5, 0x96, 0xf3, 0xe8, 0xf5,
    0x92, 0xf3, 0xed, 0xf5, 0x8e, 0xf3, 0xf2, 0xf5, 0x8a, 0xf3, 0xf7, 0xf5, 0x86, 0xf3, 0xfc, 0xf5,
    0x82, 0xf3, 0x01, 0xf6, 0x7e, 0xf3, 0x05, 0xf6, 0x7a, 0xf3, 0x0a, 0xf6, 0x76, 0xf3, 0x0f, 0xf6,
    0x72, 0xf3, 0x14, 0xf6, 0x6f, 0xf3, 0x19, 0xf6, 0x6b, 0xf3, 0x1e, 0xf6, 0x67, 0xf3, 0x23, 0xf6,
    0x63, 0xf3, 0x28, 0xf6, 0x5f, 0xf3, 0x2d, 0xf6, 0x5b, 0xf3, 0x32, 0xf6, 0x57, 0xf3, 0x37, 0xf6,
    0x54, 0xf3, 0x3c, 0xf6, 0x50, 0xf3, 0x41, 0xf6, 0x4c, 0xf3, 0x46, 0xf6, 0x48, 0xf3, 0x4b, 0xf6,
    0x44, 0xf3, 0x50, 0xf6, 0x40, 0xf3, 0x55, 0xf6, 0x3d, 0xf3, 0x5a, 0xf6, 0x39, 0xf3, 0x5f, 0xf6,
    0x35, 0xf3, 0x64, 0xf6, 0x31, 0xf3, 0x69, 0xf6, 0x2e, 0xf3, 0x6e, 0xf6, 0x2a, 0xf3, 0x73, 0xf6,
    0x26, 0xf3, 0x78, 0xf6, 0x22, 0xf3, 0x7d, 0xf6, 0x1f, 0xf3, 0x82, 0xf6, 0x1b, 0xf3, 0x87, 0xf6,
    0x17, 0xf3, 0x8c, 0xf6, 0x13, 0xf3, 0x91, 0xf6, 0x10, 0xf3, 0x96, 0xf6, 0x0c, 0xf3, 0x9b, 0xf6,
    0x08, 0xf3, 0xa1, 0xf6, 0x05, 0xf3, 0xa6, 0xf6, 0x01, 0xf3, 0xab, 0xf6, 0xfd, 0xf2, 0xb0, 0xf6,
    0xfa, 0xf2, 0xb5, 0xf6, 0xf6, 0xf2, 0xba, 0xf6, 0xf2, 0xf2, 0xbf, 0xf6, 0xef, 0xf2, 0xc4, 0xf6,
    0xeb, 0xf2, 0xc9, 0xf6, 0xe8, 0xf2, 0xcf, 0xf6, 0xe4, 0xf2, 0xd4, 0xf6, 0xe0, 0xf2, 0xd9, 0xf6,
    0xdd, 0xf2, 0xde, 0xf6, 0xd9, 0xf2, 0xe3, 0xf6, 0xd6, 0xf2, 0xe8, 0xf6, 0xd2, 0xf2, 0xee, 0xf6,
    0xce, 0xf2, 0xf3, 0xf6, 0xcb, 0xf2, 0xf8, 0xf6, 0xc7, 0xf2, 0xfd, 0xf6, 0xc4, 0xf2, 0x02, 0xf7,
    0xc0, 0xf2, 0x08, 0xf7, 0xbd, 0xf2, 0x0d, 0xf7, 0xb9, 0xf2, 0x12, 0xf7, 0xb6, 0xf2, 0x17, 0xf7,
    0xb2, 0xf2, 0x1c, 0xf7, 0xaf, 0xf2, 0x22, 0xf7, 0xab, 0xf2, 0x27, 0xf7, 0xa8, 0xf2, 0x2c, 0xf7,
    0xa4, 0xf2, 0x31, 0xf7, 0xa1, 0xf2, 0x37, 0xf7, 0x9e, 0xf2, 0x3c, 0xf7, 0x9a, 0xf2, 0x41, 0xf7,
    0x97, 0xf2, 0x46, 0xf7, 0x93, 0xf2, 0x4c, 0xf7, 0x90, 0xf2, 0x51, 0xf7, 0x8c, 0xf2, 0x56, 0xf7,
    0x89, 0xf2, 0x5b, 0xf7, 0x86, 0xf2, 0x61, 0xf7, 0x82, 0xf2, 0x66, 0xf7, 0x7f, 0xf2, 0x6b, 0xf7,
    0x7b, 0xf2, 0x71, 0xf7, 0x78, 0xf2, 0x76, 0xf7, 0x75, 0xf2, 0x7b, 0xf7, 0x71, 0xf2, 0x81, 0xf7,
    0x6e, 0xf2, 0x86, 0xf7, 0x6b, 0xf2, 0x8b, 0xf7, 0x67, 0xf2, 0x91, 0xf7, 0x64, 0xf2, 0x96, 0xf7,
    0x61, 0xf2, 0x9b, 0xf7, 0x5e, 0xf2, 0xa1, 0xf7, 0x5a, 0xf2, 0xa6, 0xf7, 0x57, 0xf2, 0xab, 0xf7,
    0x54, 0xf2, 0xb1, 0xf7, 0x50, 0xf2, 0xb6, 0xf7, 0x4d, 0xf2, 0xbb, 0xf7, 0x4a, 0xf2, 0xc1, 0xf7,
    0x47, 0xf2, 0xc6, 0xf7, 0x44, 0xf2, 0xcc, 0xf7, 0x40, 0xf2, 0xd1, 0xf7, 0x3d, 0xf2, 0xd6, 0xf7,
    0x3a, 0xf2, 0xdc, 0xf7, 0x37, 0xf2, 0xe1, 0xf7, 0x34, 0xf2, 0xe7, 0xf7, 0x30, 0xf2, 0xec, 0xf7,
    0x2d, 0xf2, 0xf2, 0xf7, 0x2a, 0xf2, 0xf7, 0xf7, 0x27, 0xf2, 0xfc, 0xf7, 0x24, 0xf2, 0x02, 0xf8,
    0x21, 0xf2, 0x07, 0xf8, 0x1d, 0xf2, 0x0d, 0xf8, 0x1a, 0xf2, 0x12, 0xf8, 0x17, 0xf2, 0x18, 0xf8,
    0x14, 0xf2, 0x1d, 0xf8, 0x11, 0xf2, 0x23, 0xf8, 0x0e, 0xf2, 0x28, 0xf8, 0x0b, 0xf2, 0x2e, 0xf8,
    0x08, 0xf2, 0x33, 0xf8, 0x05, 0xf2, 0x38, 0xf8, 0x02, 0xf2, 0x3e, 0xf8, 0xff, 0xf1, 0x43, 0xf8,
    0xfc, 0xf1, 0x49, 0xf8, 0xf9, 0xf1, 0x4e, 0xf8, 0xf6, 0xf1, 0x54, 0xf8, 0xf3, 0xf1, 0x5a, 0xf8,
    0xf0, 0xf1, 0x5f, 0xf8, 0xed, 0xf1, 0x65, 0xf8, 0xea, 0xf1, 0x6a, 0xf8, 0xe7, 0xf1, 0x70, 0xf8,
    0xe4, 0xf1, 0x75, 0xf8, 0xe1, 0xf1, 0x7b, 0xf8, 0xde, 0xf1, 0x80, 0xf8, 0xdb, 0xf1, 0x86, 0xf8,
    0xd8, 0xf1, 0x8b, 0xf8, 0xd5, 0xf1, 0x91, 0xf8, 0xd2, 0xf1, 0x96, 0xf8, 0xcf, 0xf1, 0x9c, 0xf8,
    0xcc, 0xf1, 0xa2, 0xf8, 0xc9, 0xf1, 0xa7, 0xf8, 0xc6, 0xf1, 0xad, 0xf8, 0xc4, 0xf1, 0xb2, 0xf8,
    0xc1, 0xf1, 0xb8, 0xf8, 0xbe, 0xf1, 0xbe, 0xf8, 0xbb, 0xf1, 0xc3, 0xf8, 0xb8, 0xf1, 0xc9, 0xf8,
    0xb5, 0xf1, 0xce, 0xf8, 0xb3, 0xf1, 0xd4, 0xf8, 0xb0, 0xf1, 0xda, 0xf8, 0xad, 0xf1, 0xdf, 0xf8,
    0xaa, 0xf1, 0xe5, 0xf8, 0xa7, 0xf1, 0xeb, 0xf8, 0xa5, 0xf1, 0xf0, 0xf8, 0xa2, 0xf1, 0xf6, 0xf8,
    0x9f, 0xf1, 0xfb, 0xf8, 0x9c, 0xf1, 0x01, 0xf9, 0x9a, 0xf1, 0x07, 0xf9, 0x97, 0xf1, 0x0c, 0xf9,
    0x94, 0xf1, 0x12, 0xf9, 0x91, 0xf1, 0x18, 0xf9, 0x8f, 0xf1, 0x1d, 0xf9, 0x8c, 0xf1, 0x23, 0xf9,
    0x89, 0xf1, 0x29, 0xf9, 0x87, 0xf1, 0x2e, 0xf9, 0x84, 0xf1, 0x34, 0xf9, 0x81, 0xf1, 0x3a, 0xf9,
    0x7f, 0xf1, 0x3f, 0xf9, 0x7c, 0xf1, 0x45, 0xf9, 0x79, 0xf1, 0x4b, 0xf9, 0x77, 0xf1, 0x51, 0xf9,
    0x74, 0xf1, 0x56, 0xf9, 0x71, 0xf1, 0x5c, 0xf9, 0x6f, 0xf1, 0x62, 0xf9, 0x6c, 0xf1, 0x67, 0xf9,
    0x6a, 0xf1, 0x6d, 0xf9, 0x67, 0xf1, 0x73, 0xf9, 0x65, 0xf1, 0x79, 0xf9, 0x62, 0xf1, 0x7e, 0xf9,
    0x5f, 0xf1, 0x84, 0xf9, 0x5d, 0xf1, 0x8a, 0xf9, 0x5a, 0xf1, 0x90, 0xf9, 0x58, 0xf1, 0x95, 0xf9,
    0x55, 0xf1, 0x9b, 0xf9, 0x53, 0xf1, 0xa1, 0xf9, 0x50, 0xf1, 0xa7, 0xf9, 0x4e, 0xf1, 0xac, 0xf9,
    0x4b, 0xf1, 0xb2, 0xf9, 0x49, 0xf1, 0xb8, 0xf9, 0x46, 0xf1, 0xbe, 0xf9, 0x44, 0xf1, 0xc4, 0xf9,
    0x41, 0xf1, 0xc9, 0xf9, 0x3f, 0xf1, 0xcf, 0xf9, 0x3d, 0xf1, 0xd5, 0xf9, 0x3a, 0xf1, 0xdb, 0xf9,
    0x38, 0xf1, 0xe1, 0xf9, 0x35, 0xf1, 0xe6, 0xf9, 0x33, 0xf1, 0xec, 0xf9, 0x31, 0xf1, 0xf2, 0xf9,
    0x2e, 0xf1, 0xf8, 0xf9, 0x2c, 0xf1, 0xfe, 0xf9, 0x2a, 0xf1, 0x03, 0xfa, 0x27, 0xf1, 0x09, 0xfa,
    0x25, 0xf1, 0x0f, 0xfa, 0x23, 0xf1, 0x15, 0xfa, 0x20, 0xf1, 0x1b, 0xfa, 0x1e, 0xf1, 0x21, 0xfa,
    0x1c, 0xf1, 0x26, 0xfa, 0x19, 0xf1, 0x2c, 0xfa, 0x17, 0xf1, 0x32, 0xfa, 0x15, 0xf1, 0x38, 0xfa,
    0x12, 0xf1, 0x3e, 0xfa, 0x10, 0xf1, 0x44, 0xfa, 0x0e, 0xf1, 0x4a, 0xfa, 0x0c, 0xf1, 0x4f, 0xfa,
    0x09, 0xf1, 0x55, 0xfa, 0x07, 0xf1, 0x5b, 0xfa, 0x05, 0xf1, 0x61, 0xfa, 0x03, 0xf1, 0x67, 0xfa,
    0x01, 0xf1, 0x6d, 0xfa, 0xfe, 0xf0, 0x73, 0xfa, 0xfc, 0xf0, 0x79, 0xfa, 0xfa, 0xf0, 0x7f, 0xfa,
    0xf8, 0xf0, 0x84, 0xfa, 0xf6, 0xf0, 0x8a, 0xfa, 0xf4, 0xf0, 0x90, 0xfa, 0xf2, 0xf0, 0x96, 0xfa,
    0xef, 0xf0, 0x9c, 0xfa, 0xed, 0xf0, 0xa2, 0xfa, 0xeb, 0xf0, 0xa8, 0xfa, 0xe9, 0xf0, 0xae, 0xfa,
    0xe7, 0xf0, 0xb4, 0xfa, 0xe5, 0xf0, 0xba, 0xfa, 0xe3, 0xf0, 0xc0, 0xfa, 0xe1, 0xf0, 0xc6, 0xfa,
    0xdf, 0xf0, 0xcc, 0xfa, 0xdd, 0xf0, 0xd1, 0xfa, 0xdb, 0xf0, 0xd7, 0xfa, 0xd9, 0xf0, 0xdd, 0xfa,
    0xd7, 0xf0, 0xe3, 0xfa, 0xd5, 0xf0, 0xe9, 0xfa, 0xd3, 0xf0, 0xef, 0xfa, 0xd1, 0xf0, 0xf5, 0xfa,
    0xcf, 0xf0, 0xfb, 0xfa, 0xcd, 0xf0, 0x01, 0xfb, 0xcb, 0xf0, 0x07, 0xfb, 0xc9, 0xf0, 0x0d, 0xfb,
    0xc7, 0xf0, 0x13, 0xfb, 0xc5, 0xf0, 0x19, 0xfb, 0xc3, 0xf0, 0x1f, 0xfb, 0xc1, 0xf0, 0x25, 0xfb,
    0xbf, 0xf0, 0x2b, 0xfb, 0xbd, 0xf0, 0x31, 0xfb, 0xbb, 0xf0, 0x37, 0xfb, 0xba, 0xf0, 0x3d, 0xfb,
    0xb8, 0xf0, 0x43, 0xfb, 0xb6, 0xf0, 0x49, 0xfb, 0xb4, 0xf0, 0x4f, 0xfb, 0xb2, 0xf0, 0x55, 0xfb,
    0xb0, 0xf0, 0x5b, 0xfb, 0xaf, 0xf0, 0x61, 0xfb, 0xad, 0xf0, 0x67, 0xfb, 0xab, 0xf0, 0x6d, 0xfb,
    0xa9, 0xf0, 0x73, 0xfb, 0xa7, 0xf0, 0x79, 0xfb, 0xa6, 0xf0, 0x7f, 0xfb, 0xa4, 0xf0, 0x85, 0xfb,
    0xa2, 0xf0, 0x8b, 0xfb, 0xa0, 0xf0, 0x91, 0xfb, 0x9f, 0xf0, 0x97, 0xfb, 0x9d, 0xf0, 0x9d, 0xfb,
    0x9b, 0xf0, 0xa3, 0xfb, 0x99, 0xf0, 0xa9, 0xfb, 0x98, 0xf0, 0xaf, 0xfb, 0x96, 0xf0, 0xb5, 0xfb,
    0x94, 0xf0, 0xbc, 0xfb, 0x93, 0xf0, 0xc2, 0xfb, 0x91, 0xf0, 0xc8, 0xfb, 0x8f, 0xf0, 0xce, 0xfb,
    0x8e, 0xf0, 0xd4, 0xfb, 0x8c, 0xf0, 0xda, 0xfb, 0x8a, 0xf0, 0xe0, 0xfb, 0x89, 0xf0, 0xe6, 0xfb,
    0x87, 0xf0, 0xec, 0xfb, 0x86, 0xf0, 0xf2, 0xfb, 0x84, 0xf0, 0xf8, 0xfb, 0x83, 0xf0, 0xfe, 0xfb,
    0x81, 0xf0, 0x04, 0xfc, 0x7f, 0xf0, 0x0a, 0xfc, 0x7e, 0xf0, 0x11, 0xfc, 0x7c, 0xf0, 0x17, 0xfc,
    0x7b, 0xf0, 0x1d, 0xfc, 0x79, 0xf0, 0x23, 0xfc, 0x78, 0xf0, 0x29, 0xfc, 0x76, 0xf0, 0x2f, 0xfc,
    0x75, 0xf0, 0x35, 0xfc, 0x73, 0xf0, 0x3b, 0xfc, 0x72, 0xf0, 0x41, 0xfc, 0x70, 0xf0, 0x47, 0xfc,
    0x6f, 0xf0, 0x4e, 0xfc, 0x6d, 0xf0, 0x54, 0xfc, 0x6c, 0xf0, 0x5a, 0xfc, 0x6b, 0xf0, 0x60, 0xfc,
    0x69, 0xf0, 0x66, 0xfc, 0x68, 0xf0, 0x6c, 0xfc, 0x66, 0xf0, 0x72, 0xfc, 0x65, 0xf0, 0x78, 0xfc,
    0x64, 0xf0, 0x7f, 0xfc, 0x62, 0xf0, 0x85, 0xfc, 0x61, 0xf0, 0x8b, 0xfc, 0x5f, 0xf0, 0x91, 0xfc,
    0x5e, 0xf0, 0x97, 0xfc, 0x5d, 0xf0, 0x9d, 0xfc, 0x5b, 0xf0, 0xa3, 0xfc, 0x5a, 0xf0, 0xaa, 0xfc,
    0x59, 0xf0, 0xb0, 0xfc, 0x58, 0xf0, 0xb6, 0xfc, 0x56, 0xf0, 0xbc, 0xfc, 0x55, 0xf0, 0xc2, 0xfc,
    0x54, 0xf0, 0xc8, 0xfc, 0x52, 0xf0, 0xce, 0xfc, 0x51, 0xf0, 0xd5, 0xfc, 0x50, 0xf0, 0xdb, 0xfc,
    0x4f, 0xf0, 0xe1, 0xfc, 0x4d, 0xf0, 0xe7, 0xfc, 0x4c, 0xf0, 0xed, 0xfc, 0x4b, 0xf0, 0xf3, 0xfc,
    0x4a, 0xf0, 0xfa, 0xfc, 0x49, 0xf0, 0x00, 0xfd, 0x48, 0xf0, 0x06, 0xfd, 0x46, 0xf0, 0x0c, 0xfd,
    0x45, 0xf0, 0x12, 0xfd, 0x44, 0xf0, 0x18, 0xfd, 0x43, 0xf0, 0x1f, 0xfd, 0x42, 0xf0, 0x25, 0xfd,
    0x41, 0xf0, 0x2b, 0xfd, 0x40, 0xf0, 0x31, 0xfd, 0x3e, 0xf0, 0x37, 0xfd, 0x3d, 0xf0, 0x3e, 0xfd,
    0x3c, 0xf0, 0x44, 0xfd, 0x3b, 0xf0, 0x4a, 0xfd, 0x3a, 0xf0, 0x50, 0xfd, 0x39, 0xf0, 0x56, 0xfd,
    0x38, 0xf0, 0x5d, 0xfd, 0x37, 0xf0, 0x63, 0xfd, 0x36, 0xf0, 0x69, 0xfd, 0x35, 0xf0, 0x6f, 0xfd,
    0x34, 0xf0, 0x75, 0xfd, 0x33, 0xf0, 0x7c, 0xfd, 0x32, 0xf0, 0x82, 0xfd, 0x31, 0xf0, 0x88, 0xfd,
    0x30, 0xf0, 0x8e, 0xfd, 0x2f, 0xf0, 0x94, 0xfd, 0x2e, 0xf0, 0x9b, 0xfd, 0x2d, 0xf0, 0xa1, 0xfd,
    0x2c, 0xf0, 0xa7, 0xfd, 0x2b, 0xf0, 0xad, 0xfd, 0x2b, 0xf0, 0xb3, 0xfd, 0x2a, 0xf0, 0xba, 0xfd,
    0x29, 0xf0, 0xc0, 0xfd, 0x28, 0xf0, 0xc6, 0xfd, 0x27, 0xf0, 0xcc, 0xfd, 0x26, 0xf0, 0xd3, 0xfd,
    0x25, 0xf0, 0xd9, 0xfd, 0x24, 0xf0, 0xdf, 0xfd, 0x24, 0xf0, 0xe5, 0xfd, 0x23, 0xf0, 0xeb, 0xfd,
    0x22, 0xf0, 0xf2, 0xfd, 0x21, 0xf0, 0xf8, 0xfd, 0x20, 0xf0, 0xfe, 0xfd, 0x20, 0xf0, 0x04, 0xfe,
    0x1f, 0xf0, 0x0b, 0xfe, 0x1e, 0xf0, 0x11, 0xfe, 0x1d, 0xf0, 0x17, 0xfe, 0x1d, 0xf0, 0x1d, 0xfe,
    0x1c, 0xf0, 0x24, 0xfe, 0x1b, 0xf0, 0x2a, 0xfe, 0x1a, 0xf0, 0x30, 0xfe, 0x1a, 0xf0, 0x36, 0xfe,
    0x19, 0xf0, 0x3d, 0xfe, 0x18, 0xf0, 0x43, 0xfe, 0x18, 0xf0, 0x49, 0xfe, 0x17, 0xf0, 0x4f, 0xfe,
    0x16, 0xf0, 0x56, 0xfe, 0x16, 0xf0, 0x5c, 0xfe, 0x15, 0xf0, 0x62, 0xfe, 0x14, 0xf0, 0x68, 0xfe,
    0x14, 0xf0, 0x6f, 0xfe, 0x13, 0xf0, 0x75, 0xfe, 0x13, 0xf0, 0x7b, 0xfe, 0x12, 0xf0, 0x81, 0xfe,
    0x11, 0xf0, 0x88, 0xfe, 0x11, 0xf0, 0x8e, 0xfe, 0x10, 0xf0, 0x94, 0xfe, 0x10, 0xf0, 0x9a, 0xfe,
    0x0f, 0xf0, 0xa1, 0xfe, 0x0f, 0xf0, 0xa7, 0xfe, 0x0e, 0xf0, 0xad, 0xfe, 0x0e, 0xf0, 0xb3, 0xfe,
    0x0d, 0xf0, 0xba, 0xfe, 0x0d, 0xf0, 0xc0, 0xfe, 0x0c, 0xf0, 0xc6, 0xfe, 0x0c, 0xf0, 0xcc, 0xfe,
    0x0b, 0xf0, 0xd3, 0xfe, 0x0b, 0xf0, 0xd9, 0xfe, 0x0a, 0xf0, 0xdf, 0xfe, 0x0a, 0xf0, 0xe5, 0xfe,
    0x09, 0xf0, 0xec, 0xfe, 0x09, 0xf0, 0xf2, 0xfe, 0x08, 0xf0, 0xf8, 0xfe, 0x08, 0xf0, 0xff, 0xfe,
    0x08, 0xf0, 0x05, 0xff, 0x07, 0xf0, 0x0b, 0xff, 0x07, 0xf0, 0x11, 0xff, 0x07, 0xf0, 0x18, 0xff,
    0x06, 0xf0, 0x1e, 0xff, 0x06, 0xf0, 0x24, 0xff, 0x06, 0xf0, 0x2a, 0xff, 0x05, 0xf0, 0x31, 0xff,
    0x05, 0xf0, 0x37, 0xff, 0x05, 0xf0, 0x3d, 0xff, 0x04, 0xf0, 0x44, 0xff, 0x04, 0xf0, 0x4a, 0xff,
    0x04, 0xf0, 0x50, 0xff, 0x04, 0xf0, 0x56, 0xff, 0x03, 0xf0, 0x5d, 0xff, 0x03, 0xf0, 0x63, 0xff,
    0x03, 0xf0, 0x69, 0xff, 0x03, 0xf0, 0x70, 0xff, 0x02, 0xf0, 0x76, 0xff, 0x02, 0xf0, 0x7c, 0xff,
    0x02, 0xf0, 0x82, 0xff, 0x02, 0xf0, 0x89, 0xff, 0x02, 0xf0, 0x8f, 0xff, 0x01, 0xf0, 0x95, 0xff,
    0x01, 0xf0, 0x9b, 0xff, 0x01, 0xf0, 0xa2, 0xff, 0x01, 0xf0, 0xa8, 0xff, 0x01, 0xf0, 0xae, 0xff,
    0x01, 0xf0, 0xb5, 0xff, 0x01, 0xf0, 0xbb, 0xff, 0x00, 0xf0, 0xc1, 0xff, 0x00, 0xf0, 0xc7, 0xff,
    0x00, 0xf0, 0xce, 0xff, 0x00, 0xf0, 0xd4, 0xff, 0x00, 0xf0, 0xda, 0xff, 0x00, 0xf0, 0xe1, 0xff,
    0x00, 0xf0, 0xe7, 0xff, 0x00, 0xf0, 0xed, 0xff, 0x00, 0xf0, 0xf3, 0xff, 0x00, 0xf0, 0xfa, 0xff,
    0x00, 0xf0, 0x00, 0x00, 0x00, 0xf0, 0x06, 0x00, 0x00, 0xf0, 0x0d, 0x00, 0x00, 0xf0, 0x13, 0x00,
    0x00, 0xf0, 0x19, 0x00, 0x00, 0xf0, 0x1f, 0x00, 0x00, 0xf0, 0x26, 0x00, 0x00, 0xf0, 0x2c, 0x00,
    0x00, 0xf0, 0x32, 0x00, 0x00, 0xf0, 0x39, 0x00, 0x00, 0xf0, 0x3f, 0x00, 0x01, 0xf0, 0x45, 0x00,
    0x01, 0xf0, 0x4b, 0x00, 0x01, 0xf0, 0x52, 0x00, 0x01, 0xf0, 0x58, 0x00, 0x01, 0xf0, 0x5e, 0x00,
    0x01, 0xf0, 0x65, 0x00, 0x01, 0xf0, 0x6b, 0x00, 0x02, 0xf0, 0x71, 0x00, 0x02, 0xf0, 0x77, 0x00,
    0x02, 0xf0, 0x7e, 0x00, 0x02, 0xf0, 0x84, 0x00, 0x02, 0xf0, 0x8a, 0x00, 0x03, 0xf0, 0x90, 0x00,
    0x03, 0xf0, 0x97, 0x00, 0x03, 0xf0, 0x9d, 0x00, 0x03, 0xf0, 0xa3, 0x00, 0x04, 0xf0, 0xaa, 0x00,
    0x04, 0xf0, 0xb0, 0x00, 0x04, 0xf0, 0xb6, 0x00, 0x04, 0xf0, 0xbc, 0x00, 0x05, 0xf0, 0xc3, 0x00,
    0x05, 0xf0, 0xc9, 0x00, 0x05, 0xf0, 0xcf, 0x00, 0x06, 0xf0, 0xd6, 0x00, 0x06, 0xf0, 0xdc, 0x00,
    0x06, 0xf0, 0xe2, 0x00, 0x07, 0xf0, 0xe8, 0x00, 0x07, 0xf0, 0xef, 0x00, 0x07, 0xf0, 0xf5, 0x00,
    0x08, 0xf0, 0xfb, 0x00, 0x08, 0xf0, 0x01, 0x01, 0x08, 0xf0, 0x08, 0x01, 0x09, 0xf0, 0x0e, 0x01,
    0x09, 0xf0, 0x14, 0x01, 0x0a, 0xf0, 0x1b, 0x01, 0x0a, 0xf0, 0x21, 0x01, 0x0b, 0xf0, 0x27, 0x01,
    0x0b, 0xf0, 0x2d, 0x01, 0x0c, 0xf0, 0x34, 0x01, 0x0c, 0xf0, 0x3a, 0x01, 0x0d, 0xf0, 0x40, 0x01,
    0x0d, 0xf0, 0x46, 0x01, 0x0e, 0xf0, 0x4d, 0x01, 0x0e, 0xf0, 0x53, 0x01, 0x0f, 0xf0, 0x59, 0x01,
    0x0f, 0xf0, 0x5f, 0x01, 0x10, 0xf0, 0x66, 0x01, 0x10, 0xf0, 0x6c, 0x01, 0x11, 0xf0, 0x72, 0x01,
    0x11, 0xf0, 0x78, 0x01, 0x12, 0xf0, 0x7f, 0x01, 0x13, 0xf0, 0x85, 0x01, 0x13, 0xf0, 0x8b, 0x01,
    0x14, 0xf0, 0x91, 0x01, 0x14, 0xf0, 0x98, 0x01, 0x15, 0xf0, 0x9e, 0x01, 0x16, 0xf0, 0xa4, 0x01,
    0x16, 0xf0, 0xaa, 0x01, 0x17, 0xf0, 0xb1, 0x01, 0x18, 0xf0, 0xb7, 0x01, 0x18, 0xf0, 0xbd, 0x01,
    0x19, 0xf0, 0xc3, 0x01, 0x1a, 0xf0, 0xca, 0x01, 0x1a, 0xf0, 0xd0, 0x01, 0x1b, 0xf0, 0xd6, 0x01,
    0x1c, 0xf0, 0xdc, 0x01, 0x1d, 0xf0, 0xe3, 0x01, 0x1d, 0xf0, 0xe9, 0x01, 0x1e, 0xf0, 0xef, 0x01,
    0x1f, 0xf0, 0xf5, 0x01, 0x20, 0xf0, 0xfc, 0x01, 0x20, 0xf0, 0x02, 0x02, 0x21, 0xf0, 0x08, 0x02,
    0x22, 0xf0, 0x0e, 0x02, 0x23, 0xf0, 0x15, 0x02, 0x24, 0xf0, 0x1b, 0x02, 0x24, 0xf0, 0x21, 0x02,
    0x25, 0xf0, 0x27, 0x02, 0x26, 0xf0, 0x2d, 0x02, 0x27, 0xf0, 0x34, 0x02, 0x28, 0xf0, 0x3a, 0x02,
    0x29, 0xf0, 0x40, 0x02, 0x2a, 0xf0, 0x46, 0x02, 0x2b, 0xf0, 0x4d, 0x02, 0x2b, 0xf0, 0x53, 0x02,
    0x2c, 0xf0, 0x59, 0x02, 0x2d, 0xf0, 0x5f, 0x02, 0x2e, 0xf0, 0x65, 0x02, 0x2f, 0xf0, 0x6c, 0x02,
    0x30, 0xf0, 0x72, 0x02, 0x31, 0xf0, 0x78, 0x02, 0x32, 0xf0, 0x7e, 0x02, 0x33, 0xf0, 0x84, 0x02,
    0x34, 0xf0, 0x8b, 0x02, 0x35, 0xf0, 0x91, 0x02, 0x36, 0xf0, 0x97, 0x02, 0x37, 0xf0, 0x9d, 0x02,
    0x38, 0xf0, 0xa3, 0x02, 0x39, 0xf0, 0xaa, 0x02, 0x3a, 0xf0, 0xb0, 0x02, 0x3b, 0xf0, 0xb6, 0x02,
    0x3c, 0xf0, 0xbc, 0x02, 0x3d, 0xf0, 0xc2, 0x02, 0x3e, 0xf0, 0xc9, 0x02, 0x40, 0xf0, 0xcf, 0x02,
    0x41, 0xf0, 0xd5, 0x02, 0x42, 0xf0, 0xdb, 0x02, 0x43, 0xf0, 0xe1, 0x02, 0x44, 0xf0, 0xe8, 0x02,
    0x45, 0xf0, 0xee, 0x02, 0x46, 0xf0, 0xf4, 0x02, 0x48, 0xf0, 0xfa, 0x02, 0x49, 0xf0, 0x00, 0x03,
    0x4a, 0xf0, 0x06, 0x03, 0x4b, 0xf0, 0x0d, 0x03, 0x4c, 0xf0, 0x13, 0x03, 0x4d, 0xf0, 0x19, 0x03,
    0x4f, 0xf0, 0x1f, 0x03, 0x50, 0xf0, 0x25, 0x03, 0x51, 0xf0, 0x2b, 0x03, 0x52, 0xf0, 0x32, 0x03,
    0x54, 0xf0, 0x38, 0x03, 0x55, 0xf0, 0x3e, 0x03, 0x56, 0xf0, 0x44, 0x03, 0x58, 0xf0, 0x4a, 0x03,
    0x59, 0xf0, 0x50, 0x03, 0x5a, 0xf0, 0x56, 0x03, 0x5b, 0xf0, 0x5d, 0x03, 0x5d, 0xf0, 0x63, 0x03,
    0x5e, 0xf0, 0x69, 0x03, 0x5f, 0xf0, 0x6f, 0x03, 0x61, 0xf0, 0x75, 0x03, 0x62, 0xf0, 0x7b, 0x03,
    0x64, 0xf0, 0x81, 0x03, 0x65, 0xf0, 0x88, 0x03, 0x66, 0xf0, 0x8e, 0x03, 0x68, 0xf0, 0x94, 0x03,
    0x69, 0xf0, 0x9a, 0x03, 0x6b, 0xf0, 0xa0, 0x03, 0x6c, 0xf0, 0xa6, 0x03, 0x6d, 0xf0, 0xac, 0x03,
    0x6f, 0xf0, 0xb2, 0x03, 0x70, 0xf0, 0xb9, 0x03, 0x72, 0xf0, 0xbf, 0x03, 0x73, 0xf0, 0xc5, 0x03,
    0x75, 0xf0, 0xcb, 0x03, 0x76, 0xf0, 0xd1, 0x03, 0x78, 0xf0, 0xd7, 0x03, 0x79, 0xf0, 0xdd, 0x03,
    0x7b, 0xf0, 0xe3, 0x03, 0x7c, 0xf0, 0xe9, 0x03, 0x7e, 0xf0, 0xef, 0x03, 0x7f, 0xf0, 0xf6, 0x03,
    0x81, 0xf0, 0xfc, 0x03, 0x83, 0xf0, 0x02, 0x04, 0x84, 0xf0, 0x08, 0x04, 0x86, 0xf0, 0x0e, 0x04,
    0x87, 0xf0, 0x14, 0x04, 0x89, 0xf0, 0x1a, 0x04, 0x8a, 0xf0, 0x20, 0x04, 0x8c, 0xf0, 0x26, 0x04,
    0x8e, 0xf0, 0x2c, 0x04, 0x8f, 0xf0, 0x32, 0x04, 0x91, 0xf0, 0x38, 0x04, 0x93, 0xf0, 0x3e, 0x04,
    0x94, 0xf0, 0x44, 0x04, 0x96, 0xf0, 0x4b, 0x04, 0x98, 0xf0, 0x51, 0x04, 0x99, 0xf0, 0x57, 0x04,
    0x9b, 0xf0, 0x5d, 0x04, 0x9d, 0xf0, 0x63, 0x04, 0x9f, 0xf0, 0x69, 0x04, 0xa0, 0xf0, 0x6f, 0x04,
    0xa2, 0xf0, 0x75, 0x04, 0xa4, 0xf0, 0x7b, 0x04, 0xa6, 0xf0, 0x81, 0x04, 0xa7, 0xf0, 0x87, 0x04,
    0xa9, 0xf0, 0x8d, 0x04, 0xab, 0xf0, 0x93, 0x04, 0xad, 0xf0, 0x99, 0x04, 0xaf, 0xf0, 0x9f, 0x04,
    0xb0, 0xf0, 0xa5, 0x04, 0xb2, 0xf0, 0xab, 0x04, 0xb4, 0xf0, 0xb1, 0x04, 0xb6, 0xf0, 0xb7, 0x04,
    0xb8, 0xf0, 0xbd, 0x04, 0xba, 0xf0, 0xc3, 0x04, 0xbb, 0xf0, 0xc9, 0x04, 0xbd, 0xf0, 0xcf, 0x04,
    0xbf, 0xf0, 0xd5, 0x04, 0xc1, 0xf0, 0xdb, 0x04, 0xc3, 0xf0, 0xe1, 0x04, 0xc5, 0xf0, 0xe7, 0x04,
    0xc7, 0xf0, 0xed, 0x04, 0xc9, 0xf0, 0xf3, 0x04, 0xcb, 0xf0, 0xf9, 0x04, 0xcd, 0xf0, 0xff, 0x04,
    0xcf, 0xf0, 0x05, 0x05, 0xd1, 0xf0, 0x0b, 0x05, 0xd3, 0xf0, 0x11, 0x05, 0xd5, 0xf0, 0x17, 0x05,
    0xd7, 0xf0, 0x1d, 0x05, 0xd9, 0xf0, 0x23, 0x05, 0xdb, 0xf0, 0x29, 0x05, 0xdd, 0xf0, 0x2f, 0x05,
    0xdf, 0xf0, 0x34, 0x05, 0xe1, 0xf0, 0x3a, 0x05, 0xe3, 0xf0, 0x40, 0x05, 0xe5, 0xf0, 0x46, 0x05,
    0xe7, 0xf0, 0x4c, 0x05, 0xe9, 0xf0, 0x52, 0x05, 0xeb, 0xf0, 0x58, 0x05, 0xed, 0xf0, 0x5e, 0x05,
    0xef, 0xf0, 0x64, 0x05, 0xf2, 0xf0, 0x6a, 0x05, 0xf4, 0xf0, 0x70, 0x05, 0xf6, 0xf0, 0x76, 0x05,
    0xf8, 0xf0, 0x7c, 0x05, 0xfa, 0xf0, 0x81, 0x05, 0xfc, 0xf0, 0x87, 0x05, 0xfe, 0xf0, 0x8d, 0x05,
    0x01, 0xf1, 0x93, 0x05, 0x03, 0xf1, 0x99, 0x05, 0x05, 0xf1, 0x9f, 0x05, 0x07, 0xf1, 0xa5, 0x05,
    0x09, 0xf1, 0xab, 0x05, 0x0c, 0xf1, 0xb1, 0x05, 0x0e, 0xf1, 0xb6, 0x05, 0x10, 0xf1, 0xbc, 0x05,
    0x12, 0xf1, 0xc2, 0x05, 0x15, 0xf1, 0xc8, 0x05, 0x17, 0xf1, 0xce, 0x05, 0x19, 0xf1, 0xd4, 0x05,
    0x1c, 0xf1, 0xda, 0x05, 0x1e, 0xf1, 0xdf, 0x05, 0x20, 0xf1, 0xe5, 0x05, 0x23, 0xf1, 0xeb, 0x05,
    0x25, 0xf1, 0xf1, 0x05, 0x27, 0xf1, 0xf7, 0x05, 0x2a, 0xf1, 0xfd, 0x05, 0x2c, 0xf1, 0x02, 0x06,
    0x2e, 0xf1, 0x08, 0x06, 0x31, 0xf1, 0x0e, 0x06, 0x33, 0xf1, 0x14, 0x06, 0x35, 0xf1, 0x1a, 0x06,
    0x38, 0xf1, 0x1f, 0x06, 0x3a, 0xf1, 0x25, 0x06, 0x3d, 0xf1, 0x2b, 0x06, 0x3f, 0xf1, 0x31, 0x06,
    0x41, 0xf1, 0x37, 0x06, 0x44, 0xf1, 0x3c, 0x06, 0x46, 0xf1, 0x42, 0x06, 0x49, 0xf1, 0x48, 0x06,
    0x4b, 0xf1, 0x4e, 0x06, 0x4e, 0xf1, 0x54, 0x06, 0x50, 0xf1, 0x59, 0x06, 0x53, 0xf1, 0x5f, 0x06,
    0x55, 0xf1, 0x65, 0x06, 0x58, 0xf1, 0x6b, 0x06, 0x5a, 0xf1, 0x70, 0x06, 0x5d, 0xf1, 0x76, 0x06,
    0x5f, 0xf1, 0x7c, 0x06, 0x62, 0xf1, 0x82, 0x06, 0x65, 0xf1, 0x87, 0x06, 0x67, 0xf1, 0x8d, 0x06,
    0x6a, 0xf1, 0x93, 0x06, 0x6c, 0xf1, 0x99, 0x06, 0x6f, 0xf1, 0x9e, 0x06, 0x71, 0xf1, 0xa4, 0x06,
    0x74, 0xf1, 0xaa, 0x06, 0x77, 0xf1, 0xaf, 0x06, 0x79, 0xf1, 0xb5, 0x06, 0x7c, 0xf1, 0xbb, 0x06,
    0x7f, 0xf1, 0xc1, 0x06, 0x81, 0xf1, 0xc6, 0x06, 0x84, 0xf1, 0xcc, 0x06, 0x87, 0xf1, 0xd2, 0x06,
    0x89, 0xf1, 0xd7, 0x06, 0x8c, 0xf1, 0xdd, 0x06, 0x8f, 0xf1, 0xe3, 0x06, 0x91, 0xf1, 0xe8, 0x06,
    0x94, 0xf1, 0xee, 0x06, 0x97, 0xf1, 0xf4, 0x06, 0x9a, 0xf1, 0xf9, 0x06, 0x9c, 0xf1, 0xff, 0x06,
    0x9f, 0xf1, 0x05, 0x07, 0xa2, 0xf1, 0x0a, 0x07, 0xa5, 0xf1, 0x10, 0x07, 0xa7, 0xf1, 0x15, 0x07,
    0xaa, 0xf1, 0x1b, 0x07, 0xad, 0xf1, 0x21, 0x07, 0xb0, 0xf1, 0x26, 0x07, 0xb3, 0xf1, 0x2c, 0x07,
    0xb5, 0xf1, 0x32, 0x07, 0xb8, 0xf1, 0x37, 0x07, 0xbb, 0xf1, 0x3d, 0x07, 0xbe, 0xf1, 0x42, 0x07,
    0xc1, 0xf1, 0x48, 0x07, 0xc4, 0xf1, 0x4e, 0x07, 0xc6, 0xf1, 0x53, 0x07, 0xc9, 0xf1, 0x59, 0x07,
    0xcc, 0xf1, 0x5e, 0x07, 0xcf, 0xf1, 0x64, 0x07, 0xd2, 0xf1, 0x6a, 0x07, 0xd5, 0xf1, 0x6f, 0x07,
    0xd8, 0xf1, 0x75, 0x07, 0xdb, 0xf1, 0x7a, 0x07, 0xde, 0xf1, 0x80, 0x07, 0xe1, 0xf1, 0x85, 0x07,
    0xe4, 0xf1, 0x8b, 0x07, 0xe7, 0xf1, 0x90, 0x07, 0xea, 0xf1, 0x96, 0x07, 0xed, 0xf1, 0x9b, 0x07,
    0xf0, 0xf1, 0xa1, 0x07, 0xf3, 0xf1, 0xa6, 0x07, 0xf6, 0xf1, 0xac, 0x07, 0xf9, 0xf1, 0xb2, 0x07,
    0xfc, 0xf1, 0xb7, 0x07, 0xff, 0xf1, 0xbd, 0x07, 0x02, 0xf2, 0xc2, 0x07, 0x05, 0xf2, 0xc8, 0x07,
    0x08, 0xf2, 0xcd, 0x07, 0x0b, 0xf2, 0xd2, 0x07, 0x0e, 0xf2, 0xd8, 0x07, 0x11, 0xf2, 0xdd, 0x07,
    0x14, 0xf2, 0xe3, 0x07, 0x17, 0xf2, 0xe8, 0x07, 0x1a, 0xf2, 0xee, 0x07, 0x1d, 0xf2, 0xf3, 0x07,
    0x21, 0xf2, 0xf9, 0x07, 0x24, 0xf2, 0xfe, 0x07, 0x27, 0xf2, 0x04, 0x08, 0x2a, 0xf2, 0x09, 0x08,
    0x2d, 0xf2, 0x0e, 0x08, 0x30, 0xf2, 0x14, 0x08, 0x34, 0xf2, 0x19, 0x08, 0x37, 0xf2, 0x1f, 0x08,
    0x3a, 0xf2, 0x24, 0x08, 0x3d, 0xf2, 0x2a, 0x08, 0x40, 0xf2, 0x2f, 0x08, 0x44, 0xf2, 0x34, 0x08,
    0x47, 0xf2, 0x3a, 0x08, 0x4a, 0xf2, 0x3f, 0x08, 0x4d, 0xf2, 0x45, 0x08, 0x50, 0xf2, 0x4a, 0x08,
    0x54, 0xf2, 0x4f, 0x08, 0x57, 0xf2, 0x55, 0x08, 0x5a, 0xf2, 0x5a, 0x08, 0x5e, 0xf2, 0x5f, 0x08,
    0x61, 0xf2, 0x65, 0x08, 0x64, 0xf2, 0x6a, 0x08, 0x67, 0xf2, 0x6f, 0x08, 0x6b, 0xf2, 0x75, 0x08,
    0x6e, 0xf2, 0x7a, 0x08, 0x71, 0xf2, 0x7f, 0x08, 0x75, 0xf2, 0x85, 0x08, 0x78, 0xf2, 0x8a, 0x08,
    0x7b, 0xf2, 0x8f, 0x08, 0x7f, 0xf2, 0x95, 0x08, 0x82, 0xf2, 0x9a, 0x08, 0x86, 0xf2, 0x9f, 0x08,
    0x89, 0xf2, 0xa5, 0x08, 0x8c, 0xf2, 0xaa, 0x08, 0x90, 0xf2, 0xaf, 0x08, 0x93, 0xf2, 0xb4, 0x08,
    0x97, 0xf2, 0xba, 0x08, 0x9a, 0xf2, 0xbf, 0x08, 0x9e, 0xf2, 0xc4, 0x08, 0xa1, 0xf2, 0xc9, 0x08,
    0xa4, 0xf2, 0xcf, 0x08, 0xa8, 0xf2, 0xd4, 0x08, 0xab, 0xf2, 0xd9, 0x08, 0xaf, 0xf2, 0xde, 0x08,
    0xb2, 0xf2, 0xe4, 0x08, 0xb6, 0xf2, 0xe9, 0x08, 0xb9, 0xf2, 0xee, 0x08, 0xbd, 0xf2, 0xf3, 0x08,
    0xc0, 0xf2, 0xf8, 0x08, 0xc4, 0xf2, 0xfe, 0x08, 0xc7, 0xf2, 0x03, 0x09, 0xcb, 0xf2, 0x08, 0x09,
    0xce, 0xf2, 0x0d, 0x09, 0xd2, 0xf2, 0x12, 0x09, 0xd6, 0xf2, 0x18, 0x09, 0xd9, 0xf2, 0x1d, 0x09,
    0xdd, 0xf2, 0x22, 0x09, 0xe0, 0xf2, 0x27, 0x09, 0xe4, 0xf2, 0x2c, 0x09, 0xe8, 0xf2, 0x31, 0x09,
    0xeb, 0xf2, 0x37, 0x09, 0xef, 0xf2, 0x3c, 0x09, 0xf2, 0xf2, 0x41, 0x09, 0xf6, 0xf2, 0x46, 0x09,
    0xfa, 0xf2, 0x4b, 0x09, 0xfd, 0xf2, 0x50, 0x09, 0x01, 0xf3, 0x55, 0x09, 0x05, 0xf3, 0x5a, 0x09,
    0x08, 0xf3, 0x5f, 0x09, 0x0c, 0xf3, 0x65, 0x09, 0x10, 0xf3, 0x6a, 0x09, 0x13, 0xf3, 0x6f, 0x09,
    0x17, 0xf3, 0x74, 0x09, 0x1b, 0xf3, 0x79, 0x09, 0x1f, 0xf3, 0x7e, 0x09, 0x22, 0xf3, 0x83, 0x09,
    0x26, 0xf3, 0x88, 0x09, 0x2a, 0xf3, 0x8d, 0x09, 0x2e, 0xf3, 0x92, 0x09, 0x31, 0xf3, 0x97, 0x09,
    0x35, 0xf3, 0x9c, 0x09, 0x39, 0xf3, 0xa1, 0x09, 0x3d, 0xf3, 0xa6, 0x09, 0x40, 0xf3, 0xab, 0x09,
    0x44, 0xf3, 0xb0, 0x09, 0x48, 0xf3, 0xb5, 0x09, 0x4c, 0xf3, 0xba, 0x09, 0x50, 0xf3, 0xbf, 0x09,
    0x54, 0xf3, 0xc4, 0x09, 0x57, 0xf3, 0xc9, 0x09, 0x5b, 0xf3, 0xce, 0x09, 0x5f, 0xf3, 0xd3, 0x09,
    0x63, 0xf3, 0xd8, 0x09, 0x67, 0xf3, 0xdd, 0x09, 0x6b, 0xf3, 0xe2, 0x09, 0x6f, 0xf3, 0xe7, 0x09,
    0x72, 0xf3, 0xec, 0x09, 0x76, 0xf3, 0xf1, 0x09, 0x7a, 0xf3, 0xf6, 0x09, 0x7e, 0xf3, 0xfb, 0x09,
    0x82, 0xf3, 0xff, 0x09, 0x86, 0xf3, 0x04, 0x0a, 0x8a, 0xf3, 0x09, 0x0a, 0x8e, 0xf3, 0x0e, 0x0a,
    0x92, 0xf3, 0x13, 0x0a, 0x96, 0xf3, 0x18, 0x0a, 0x9a, 0xf3, 0x1d, 0x0a, 0x9e, 0xf3, 0x22, 0x0a,
    0xa2, 0xf3, 0x26, 0x0a, 0xa6, 0xf3, 0x2b, 0x0a, 0xaa, 0xf3, 0x30, 0x0a, 0xae, 0xf3, 0x35, 0x0a,
    0xb2, 0xf3, 0x3a, 0x0a, 0xb6, 0xf3, 0x3f, 0x0a, 0xba, 0xf3, 0x44, 0x0a, 0xbe, 0xf3, 0x48, 0x0a,
    0xc2, 0xf3, 0x4d, 0x0a, 0xc6, 0xf3, 0x52, 0x0a, 0xca, 0xf3, 0x57, 0x0a, 0xce, 0xf3, 0x5c, 0x0a,
    0xd2, 0xf3, 0x60, 0x0a, 0xd6, 0xf3, 0x65, 0x0a, 0xda, 0xf3, 0x6a, 0x0a, 0xde, 0xf3, 0x6f, 0x0a,
    0xe2, 0xf3, 0x73, 0x0a, 0xe7, 0xf3, 0x78, 0x0a, 0xeb, 0xf3, 0x7d, 0x0a, 0xef, 0xf3, 0x82, 0x0a,
    0xf3, 0xf3, 0x86, 0x0a, 0xf7, 0xf3, 0x8b, 0x0a, 0xfb, 0xf3, 0x90, 0x0a, 0xff, 0xf3, 0x95, 0x0a,
    0x04, 0xf4, 0x99, 0x0a, 0x08, 0xf4, 0x9e, 0x0a, 0x0c, 0xf4, 0xa3, 0x0a, 0x10, 0xf4, 0xa7, 0x0a,
    0x14, 0xf4, 0xac, 0x0a, 0x18, 0xf4, 0xb1, 0x0a, 0x1d, 0xf4, 0xb5, 0x0a, 0x21, 0xf4, 0xba, 0x0a,
    0x25, 0xf4, 0xbf, 0x0a, 0x29, 0xf4, 0xc3, 0x0a, 0x2e, 0xf4, 0xc8, 0x0a, 0x32, 0xf4, 0xcd, 0x0a,
    0x36, 0xf4, 0xd1, 0x0a, 0x3a, 0xf4, 0xd6, 0x0a, 0x3f, 0xf4, 0xdb, 0x0a, 0x43, 0xf4, 0xdf, 0x0a,
    0x47, 0xf4, 0xe4, 0x0a, 0x4b, 0xf4, 0xe8, 0x0a, 0x50, 0xf4, 0xed, 0x0a, 0x54, 0xf4, 0xf2, 0x0a,
    0x58, 0xf4, 0xf6, 0x0a, 0x5d, 0xf4, 0xfb, 0x0a, 0x61, 0xf4, 0xff, 0x0a, 0x65, 0xf4, 0x04, 0x0b,
    0x69, 0xf4, 0x08, 0x0b, 0x6e, 0xf4, 0x0d, 0x0b, 0x72, 0xf4, 0x11, 0x0b, 0x77, 0xf4, 0x16, 0x0b,
    0x7b, 0xf4, 0x1b, 0x0b, 0x7f, 0xf4, 0x1f, 0x0b, 0x84, 0xf4, 0x24, 0x0b, 0x88, 0xf4, 0x28, 0x0b,
    0x8c, 0xf4, 0x2d, 0x0b, 0x91, 0xf4, 0x31, 0x0b, 0x95, 0xf4, 0x36, 0x0b, 0x9a, 0xf4, 0x3a, 0x0b,
    0x9e, 0xf4, 0x3e, 0x0b, 0xa2, 0xf4, 0x43, 0x0b, 0xa7, 0xf4, 0x47, 0x0b, 0xab, 0xf4, 0x4c, 0x0b,
    0xb0, 0xf4, 0x50, 0x0b, 0xb4, 0xf4, 0x55, 0x0b, 0xb9, 0xf4, 0x59, 0x0b, 0xbd, 0xf4, 0x5e, 0x0b,
    0xc2, 0xf4, 0x62, 0x0b, 0xc6, 0xf4, 0x66, 0x0b, 0xca, 0xf4, 0x6b, 0x0b, 0xcf, 0xf4, 0x6f, 0x0b,
    0xd3, 0xf4, 0x74, 0x0b, 0xd8, 0xf4, 0x78, 0x0b, 0xdc, 0xf4, 0x7c, 0x0b, 0xe1, 0xf4, 0x81, 0x0b,
    0xe5, 0xf4, 0x85, 0x0b, 0xea, 0xf4, 0x89, 0x0b, 0xef, 0xf4, 0x8e, 0x0b, 0xf3, 0xf4, 0x92, 0x0b,
    0xf8, 0xf4, 0x97, 0x0b, 0xfc, 0xf4, 0x9b, 0x0b, 0x01, 0xf5, 0x9f, 0x0b, 0x05, 0xf5, 0xa3, 0x0b,
    0x0a, 0xf5, 0xa8, 0x0b, 0x0e, 0xf5, 0xac, 0x0b, 0x13, 0xf5, 0xb0, 0x0b, 0x18, 0xf5, 0xb5, 0x0b,
    0x1c, 0xf5, 0xb9, 0x0b, 0x21, 0xf5, 0xbd, 0x0b, 0x25, 0xf5, 0xc1, 0x0b, 0x2a, 0xf5, 0xc6, 0x0b,
    0x2f, 0xf5, 0xca, 0x0b, 0x33, 0xf5, 0xce, 0x0b, 0x38, 0xf5, 0xd2, 0x0b, 0x3d, 0xf5, 0xd7, 0x0b,
    0x41, 0xf5, 0xdb, 0x0b, 0x46, 0xf5, 0xdf, 0x0b, 0x4b, 0xf5, 0xe3, 0x0b, 0x4f, 0xf5, 0xe8, 0x0b,
    0x54, 0xf5, 0xec, 0x0b, 0x59, 0xf5, 0xf0, 0x0b, 0x5d, 0xf5, 0xf4, 0x0b, 0x62, 0xf5, 0xf8, 0x0b,
    0x67, 0xf5, 0xfc, 0x0b, 0x6b, 0xf5, 0x01, 0x0c, 0x70, 0xf5, 0x05, 0x0c, 0x75, 0xf5, 0x09, 0x0c,
    0x7a, 0xf5, 0x0d, 0x0c, 0x7e, 0xf5, 0x11, 0x0c, 0x83, 0xf5, 0x15, 0x0c, 0x88, 0xf5, 0x19, 0x0c,
    0x8d, 0xf5, 0x1e, 0x0c, 0x91, 0xf5, 0x22, 0x0c, 0x96, 0xf5, 0x26, 0x0c, 0x9b, 0xf5, 0x2a, 0x0c,
    0xa0, 0xf5, 0x2e, 0x0c, 0xa4, 0xf5, 0x32, 0x0c, 0xa9, 0xf5, 0x36, 0x0c, 0xae, 0xf5, 0x3a, 0x0c,
    0xb3, 0xf5, 0x3e, 0x0c, 0xb8, 0xf5, 0x42, 0x0c, 0xbc, 0xf5, 0x46, 0x0c, 0xc1, 0xf5, 0x4a, 0x0c,
    0xc6, 0xf5, 0x4e, 0x0c, 0xcb, 0xf5, 0x52, 0x0c, 0xd0, 0xf5, 0x56, 0x0c, 0xd5, 0xf5, 0x5a, 0x0c,
    0xda, 0xf5, 0x5e, 0x0c, 0xde, 0xf5, 0x62, 0x0c, 0xe3, 0xf5, 0x66, 0x0c, 0xe8, 0xf5, 0x6a, 0x0c,
    0xed, 0xf5, 0x6e, 0x0c, 0xf2, 0xf5, 0x72, 0x0c, 0xf7, 0xf5, 0x76, 0x0c, 0xfc, 0xf5, 0x7a, 0x0c,
    0x01, 0xf6, 0x7e, 0x0c, 0x05, 0xf6, 0x82, 0x0c, 0x0a, 0xf6, 0x86, 0x0c, 0x0f, 0xf6, 0x8a, 0x0c,
    0x14, 0xf6, 0x8e, 0x0c, 0x19, 0xf6, 0x91, 0x0c, 0x1e, 0xf6, 0x95, 0x0c, 0x23, 0xf6, 0x99, 0x0c,
    0x28, 0xf6, 0x9d, 0x0c, 0x2d, 0xf6, 0xa1, 0x0c, 0x32, 0xf6, 0xa5, 0x0c, 0x37, 0xf6, 0xa9, 0x0c,
    0x3c, 0xf6, 0xac, 0x0c, 0x41, 0xf6, 0xb0, 0x0c, 0x46, 0xf6, 0xb4, 0x0c, 0x4b, 0xf6, 0xb8, 0x0c,
    0x50, 0xf6, 0xbc, 0x0c, 0x55, 0xf6, 0xc0, 0x0c, 0x5a, 0xf6, 0xc3, 0x0c, 0x5f, 0xf6, 0xc7, 0x0c,
    0x64, 0xf6, 0xcb, 0x0c, 0x69, 0xf6, 0xcf, 0x0c, 0x6e, 0xf6, 0xd2, 0x0c, 0x73, 0xf6, 0xd6, 0x0c,
    0x78, 0xf6, 0xda, 0x0c, 0x7d, 0xf6, 0xde, 0x0c, 0x82, 0xf6, 0xe1, 0x0c, 0x87, 0xf6, 0xe5, 0x0c,
    0x8c, 0xf6, 0xe9, 0x0c, 0x91, 0xf6, 0xed, 0x0c, 0x96, 0xf6, 0xf0, 0x0c, 0x9b, 0xf6, 0xf4, 0x0c,
    0xa1, 0xf6, 0xf8, 0x0c, 0xa6, 0xf6, 0xfb, 0x0c, 0xab, 0xf6, 0xff, 0x0c, 0xb0, 0xf6, 0x03, 0x0d,
    0xb5, 0xf6, 0x06, 0x0d, 0xba, 0xf6, 0x0a, 0x0d, 0xbf, 0xf6, 0x0e, 0x0d, 0xc4, 0xf6, 0x11, 0x0d,
    0xc9, 0xf6, 0x15, 0x0d, 0xcf, 0xf6, 0x18, 0x0d, 0xd4, 0xf6, 0x1c, 0x0d, 0xd9, 0xf6, 0x20, 0x0d,
    0xde, 0xf6, 0x23, 0x0d, 0xe3, 0xf6, 0x27, 0x0d, 0xe8, 0xf6, 0x2a, 0x0d, 0xee, 0xf6, 0x2e, 0x0d,
    0xf3, 0xf6, 0x32, 0x0d, 0xf8, 0xf6, 0x35, 0x0d, 0xfd, 0xf6, 0x39, 0x0d, 0x02, 0xf7, 0x3c, 0x0d,
    0x08, 0xf7, 0x40, 0x0d, 0x0d, 0xf7, 0x43, 0x0d, 0x12, 0xf7, 0x47, 0x0d, 0x17, 0xf7, 0x4a, 0x0d,
    0x1c, 0xf7, 0x4e, 0x0d, 0x22, 0xf7, 0x51, 0x0d, 0x27, 0xf7, 0x55, 0x0d, 0x2c, 0xf7, 0x58, 0x0d,
    0x31, 0xf7, 0x5c, 0x0d, 0x37, 0xf7, 0x5f, 0x0d, 0x3c, 0xf7, 0x62, 0x0d, 0x41, 0xf7, 0x66, 0x0d,
    0x46, 0xf7, 0x69, 0x0d, 0x4c, 0xf7, 0x6d, 0x0d, 0x51, 0xf7, 0x70, 0x0d, 0x56, 0xf7, 0x74, 0x0d,
    0x5b, 0xf7, 0x77, 0x0d, 0x61, 0xf7, 0x7a, 0x0d, 0x66, 0xf7, 0x7e, 0x0d, 0x6b, 0xf7, 0x81, 0x0d,
    0x71, 0xf7, 0x85, 0x0d, 0x76, 0xf7, 0x88, 0x0d, 0x7b, 0xf7, 0x8b, 0x0d, 0x81, 0xf7, 0x8f, 0x0d,
    0x86, 0xf7, 0x92, 0x0d, 0x8b, 0xf7, 0x95, 0x0d, 0x91, 0xf7, 0x99, 0x0d, 0x96, 0xf7, 0x9c, 0x0d,
    0x9b, 0xf7, 0x9f, 0x0d, 0xa1, 0xf7, 0xa2, 0x0d, 0xa6, 0xf7, 0xa6, 0x0d, 0xab, 0xf7, 0xa9, 0x0d,
    0xb1, 0xf7, 0xac, 0x0d, 0xb6, 0xf7, 0xb0, 0x0d, 0xbb, 0xf7, 0xb3, 0x0d, 0xc1, 0xf7, 0xb6, 0x0d,
    0xc6, 0xf7, 0xb9, 0x0d, 0xcc, 0xf7, 0xbc, 0x0d, 0xd1, 0xf7, 0xc0, 0x0d, 0xd6, 0xf7, 0xc3, 0x0d,
    0xdc, 0xf7, 0xc6, 0x0d, 0xe1, 0xf7, 0xc9, 0x0d, 0xe7, 0xf7, 0xcc, 0x0d, 0xec, 0xf7, 0xd0, 0x0d,
    0xf2, 0xf7, 0xd3, 0x0d, 0xf7, 0xf7, 0xd6, 0x0d, 0xfc, 0xf7, 0xd9, 0x0d, 0x02, 0xf8, 0xdc, 0x0d,
    0x07, 0xf8, 0xdf, 0x0d, 0x0d, 0xf8, 0xe3, 0x0d, 0x12, 0xf8, 0xe6, 0x0d, 0x18, 0xf8, 0xe9, 0x0d,
    0x1d, 0xf8, 0xec, 0x0d, 0x23, 0xf8, 0xef, 0x0d, 0x28, 0xf8, 0xf2, 0x0d, 0x2e, 0xf8, 0xf5, 0x0d,
    0x33, 0xf8, 0xf8, 0x0d, 0x38, 0xf8, 0xfb, 0x0d, 0x3e, 0xf8, 0xfe, 0x0d, 0x43, 0xf8, 0x01, 0x0e,
    0x49, 0xf8, 0x04, 0x0e, 0x4e, 0xf8, 0x07, 0x0e, 0x54, 0xf8, 0x0a, 0x0e, 0x5a, 0xf8, 0x0d, 0x0e,
    0x5f, 0xf8, 0x10, 0x0e, 0x65, 0xf8, 0x13, 0x0e, 0x6a, 0xf8, 0x16, 0x0e, 0x70, 0xf8, 0x19, 0x0e,
    0x75, 0xf8, 0x1c, 0x0e, 0x7b, 0xf8, 0x1f, 0x0e, 0x80, 0xf8, 0x22, 0x0e, 0x86, 0xf8, 0x25, 0x0e,
    0x8b, 0xf8, 0x28, 0x0e, 0x91, 0xf8, 0x2b, 0x0e, 0x96, 0xf8, 0x2e, 0x0e, 0x9c, 0xf8, 0x31, 0x0e,
    0xa2, 0xf8, 0x34, 0x0e, 0xa7, 0xf8, 0x37, 0x0e, 0xad, 0xf8, 0x3a, 0x0e, 0xb2, 0xf8, 0x3c, 0x0e,
    0xb8, 0xf8, 0x3f, 0x0e, 0xbe, 0xf8, 0x42, 0x0e, 0xc3, 0xf8, 0x45, 0x0e, 0xc9, 0xf8, 0x48, 0x0e,
    0xce, 0xf8, 0x4b, 0x0e, 0xd4, 0xf8, 0x4d, 0x0e, 0xda, 0xf8, 0x50, 0x0e, 0xdf, 0xf8, 0x53, 0x0e,
    0xe5, 0xf8, 0x56, 0x0e, 0xeb, 0xf8, 0x59, 0x0e, 0xf0, 0xf8, 0x5b, 0x0e, 0xf6, 0xf8, 0x5e, 0x0e,
    0xfb, 0xf8, 0x61, 0x0e, 0x01, 0xf9, 0x64, 0x0e, 0x07, 0xf9, 0x66, 0x0e, 0x0c, 0xf9, 0x69, 0x0e,
    0x12, 0xf9, 0x6c, 0x0e, 0x18, 0xf9, 0x6f, 0x0e, 0x1d, 0xf9, 0x71, 0x0e, 0x23, 0xf9, 0x74, 0x0e,
    0x29, 0xf9, 0x77, 0x0e, 0x2e, 0xf9, 0x79, 0x0e, 0x34, 0xf9, 0x7c, 0x0e, 0x3a, 0xf9, 0x7f, 0x0e,
    0x3f, 0xf9, 0x81, 0x0e, 0x45, 0xf9, 0x84, 0x0e, 0x4b, 0xf9, 0x87, 0x0e, 0x51, 0xf9, 0x89, 0x0e,
    0x56, 0xf9, 0x8c, 0x0e, 0x5c, 0xf9, 0x8f, 0x0e, 0x62, 0xf9, 0x91, 0x0e, 0x67, 0xf9, 0x94, 0x0e,
    0x6d, 0xf9, 0x96, 0x0e, 0x73, 0xf9, 0x99, 0x0e, 0x79, 0xf9, 0x9b, 0x0e, 0x7e, 0xf9, 0x9e, 0x0e,
    0x84, 0xf9, 0xa1, 0x0e, 0x8a, 0xf9, 0xa3, 0x0e, 0x90, 0xf9, 0xa6, 0x0e, 0x95, 0xf9, 0xa8, 0x0e,
    0x9b, 0xf9, 0xab, 0x0e, 0xa1, 0xf9, 0xad, 0x0e, 0xa7, 0xf9, 0xb0, 0x0e, 0xac, 0xf9, 0xb2, 0x0e,
    0xb2, 0xf9, 0xb5, 0x0e, 0xb8, 0xf9, 0xb7, 0x0e, 0xbe, 0xf9, 0xba, 0x0e, 0xc4, 0xf9, 0xbc, 0x0e,
    0xc9, 0xf9, 0xbf, 0x0e, 0xcf, 0xf9, 0xc1, 0x0e, 0xd5, 0xf9, 0xc3, 0x0e, 0xdb, 0xf9, 0xc6, 0x0e,
    0xe1, 0xf9, 0xc8, 0x0e, 0xe6, 0xf9, 0xcb, 0x0e, 0xec, 0xf9, 0xcd, 0x0e, 0xf2, 0xf9, 0xcf, 0x0e,
    0xf8, 0xf9, 0xd2, 0x0e, 0xfe, 0xf9, 0xd4, 0x0e, 0x03, 0xfa, 0xd6, 0x0e, 0x09, 0xfa, 0xd9, 0x0e,
    0x0f, 0xfa, 0xdb, 0x0e, 0x15, 0xfa, 0xdd, 0x0e, 0x1b, 0xfa, 0xe0, 0x0e, 0x21, 0xfa, 0xe2, 0x0e,
    0x26, 0xfa, 0xe4, 0x0e, 0x2c, 0xfa, 0xe7, 0x0e, 0x32, 0xfa, 0xe9, 0x0e, 0x38, 0xfa, 0xeb, 0x0e,
    0x3e, 0xfa, 0xee, 0x0e, 0x44, 0xfa, 0xf0, 0x0e, 0x4a, 0xfa, 0xf2, 0x0e, 0x4f, 0xfa, 0xf4, 0x0e,
    0x55, 0xfa, 0xf7, 0x0e, 0x5b, 0xfa, 0xf9, 0x0e, 0x61, 0xfa, 0xfb, 0x0e, 0x67, 0xfa, 0xfd, 0x0e,
    0x6d, 0xfa, 0xff, 0x0e, 0x73, 0xfa, 0x02, 0x0f, 0x79, 0xfa, 0x04, 0x0f, 0x7f, 0xfa, 0x06, 0x0f,
    0x84, 0xfa, 0x08, 0x0f, 0x8a, 0xfa, 0x0a, 0x0f, 0x90, 0xfa, 0x0c, 0x0f, 0x96, 0xfa, 0x0e, 0x0f,
    0x9c, 0xfa, 0x11, 0x0f, 0xa2, 0xfa, 0x13, 0x0f, 0xa8, 0xfa, 0x15, 0x0f, 0xae, 0xfa, 0x17, 0x0f,
    0xb4, 0xfa, 0x19, 0x0f, 0xba, 0xfa, 0x1b, 0x0f, 0xc0, 0xfa, 0x1d, 0x0f, 0xc6, 0xfa, 0x1f, 0x0f,
    0xcc, 0xfa, 0x21, 0x0f, 0xd1, 0xfa, 0x23, 0x0f, 0xd7, 0xfa, 0x25, 0x0f, 0xdd, 0xfa, 0x27, 0x0f,
    0xe3, 0xfa, 0x29, 0x0f, 0xe9, 0xfa, 0x2b, 0x0f, 0xef, 0xfa, 0x2d, 0x0f, 0xf5, 0xfa, 0x2f, 0x0f,
    0xfb, 0xfa, 0x31, 0x0f, 0x01, 0xfb, 0x33, 0x0f, 0x07, 0xfb, 0x35, 0x0f, 0x0d, 0xfb, 0x37, 0x0f,
    0x13, 0xfb, 0x39, 0x0f, 0x19, 0xfb, 0x3b, 0x0f, 0x1f, 0xfb, 0x3d, 0x0f, 0x25, 0xfb, 0x3f, 0x0f,
    0x2b, 0xfb, 0x41, 0x0f, 0x31, 0xfb, 0x43, 0x0f, 0x37, 0xfb, 0x45, 0x0f, 0x3d, 0xfb, 0x46, 0x0f,
    0x43, 0xfb, 0x48, 0x0f, 0x49, 0xfb, 0x4a, 0x0f, 0x4f, 0xfb, 0x4c, 0x0f, 0x55, 0xfb, 0x4e, 0x0f,
    0x5b, 0xfb, 0x50, 0x0f, 0x61, 0xfb, 0x51, 0x0f, 0x67, 0xfb, 0x53, 0x0f, 0x6d, 0xfb, 0x55, 0x0f,
    0x73, 0xfb, 0x57, 0x0f, 0x79, 0xfb, 0x59, 0x0f, 0x7f, 0xfb, 0x5a, 0x0f, 0x85, 0xfb, 0x5c, 0x0f,
    0x8b, 0xfb, 0x5e, 0x0f, 0x91, 0xfb, 0x60, 0x0f, 0x97, 0xfb, 0x61, 0x0f, 0x9d, 0xfb, 0x63, 0x0f,
    0xa3, 0xfb, 0x65, 0x0f, 0xa9, 0xfb, 0x67, 0x0f, 0xaf, 0xfb, 0x68, 0x0f, 0xb5, 0xfb, 0x6a, 0x0f,
    0xbc, 0xfb, 0x6c, 0x0f, 0xc2, 0xfb, 0x6d, 0x0f, 0xc8, 0xfb, 0x6f, 0x0f, 0xce, 0xfb, 0x71, 0x0f,
    0xd4, 0xfb, 0x72, 0x0f, 0xda, 0xfb, 0x74, 0x0f, 0xe0, 0xfb, 0x76, 0x0f, 0xe6, 0xfb, 0x77, 0x0f,
    0xec, 0xfb, 0x79, 0x0f, 0xf2, 0xfb, 0x7a, 0x0f, 0xf8, 0xfb, 0x7c, 0x0f, 0xfe, 0xfb, 0x7d, 0x0f,
    0x04, 0xfc, 0x7f, 0x0f, 0x0a, 0xfc, 0x81, 0x0f, 0x11, 0xfc, 0x82, 0x0f, 0x17, 0xfc, 0x84, 0x0f,
    0x1d, 0xfc, 0x85, 0x0f, 0x23, 0xfc, 0x87, 0x0f, 0x29, 0xfc, 0x88, 0x0f, 0x2f, 0xfc, 0x8a, 0x0f,
    0x35, 0xfc, 0x8b, 0x0f, 0x3b, 0xfc, 0x8d, 0x0f, 0x41, 0xfc, 0x8e, 0x0f, 0x47, 0xfc, 0x90, 0x0f,
    0x4e, 0xfc, 0x91, 0x0f, 0x54, 0xfc, 0x93, 0x0f, 0x5a, 0xfc, 0x94, 0x0f, 0x60, 0xfc, 0x95, 0x0f,
    0x66, 0xfc, 0x97, 0x0f, 0x6c, 0xfc, 0x98, 0x0f, 0x72, 0xfc, 0x9a, 0x0f, 0x78, 0xfc, 0x9b, 0x0f,
    0x7f, 0xfc, 0x9c, 0x0f, 0x85, 0xfc, 0x9e, 0x0f, 0x8b, 0xfc, 0x9f, 0x0f, 0x91, 0xfc, 0xa1, 0x0f,
    0x97, 0xfc, 0xa2, 0x0f, 0x9d, 0xfc, 0xa3, 0x0f, 0xa3, 0xfc, 0xa5, 0x0f, 0xaa, 0xfc, 0xa6, 0x0f,
    0xb0, 0xfc, 0xa7, 0x0f, 0xb6, 0xfc, 0xa8, 0x0f, 0xbc, 0xfc, 0xaa, 0x0f, 0xc2, 0xfc, 0xab, 0x0f,
    0xc8, 0xfc, 0xac, 0x0f, 0xce, 0xfc, 0xae, 0x0f, 0xd5, 0xfc, 0xaf, 0x0f, 0xdb, 0xfc, 0xb0, 0x0f,
    0xe1, 0xfc, 0xb1, 0x0f, 0xe7, 0xfc, 0xb3, 0x0f, 0xed, 0xfc, 0xb4, 0x0f, 0xf3, 0xfc, 0xb5, 0x0f,
    0xfa, 0xfc, 0xb6, 0x0f, 0x00, 0xfd, 0xb7, 0x0f, 0x06, 0xfd, 0xb8, 0x0f, 0x0c, 0xfd, 0xba, 0x0f,
    0x12, 0xfd, 0xbb, 0x0f, 0x18, 0xfd, 0xbc, 0x0f, 0x1f, 0xfd, 0xbd, 0x0f, 0x25, 0xfd, 0xbe, 0x0f,
    0x2b, 0xfd, 0xbf, 0x0f, 0x31, 0xfd, 0xc0, 0x0f, 0x37, 0xfd, 0xc2, 0x0f, 0x3e, 0xfd, 0xc3, 0x0f,
    0x44, 0xfd, 0xc4, 0x0f, 0x4a, 0xfd, 0xc5, 0x0f, 0x50, 0xfd, 0xc6, 0x0f, 0x56, 0xfd, 0xc7, 0x0f,
    0x5d, 0xfd, 0xc8, 0x0f, 0x63, 0xfd, 0xc9, 0x0f, 0x69, 0xfd, 0xca, 0x0f, 0x6f, 0xfd, 0xcb, 0x0f,
    0x75, 0xfd, 0xcc, 0x0f, 0x7c, 0xfd, 0xcd, 0x0f, 0x82, 0xfd, 0xce, 0x0f, 0x88, 0xfd, 0xcf, 0x0f,
    0x8e, 0xfd, 0xd0, 0x0f, 0x94, 0xfd, 0xd1, 0x0f, 0x9b, 0xfd, 0xd2, 0x0f, 0xa1, 0xfd, 0xd3, 0x0f,
    0xa7, 0xfd, 0xd4, 0x0f, 0xad, 0xfd, 0xd5, 0x0f, 0xb3, 0xfd, 0xd5, 0x0f, 0xba, 0xfd, 0xd6, 0x0f,
    0xc0, 0xfd, 0xd7, 0x0f, 0xc6, 0xfd, 0xd8, 0x0f, 0xcc, 0xfd, 0xd9, 0x0f, 0xd3, 0xfd, 0xda, 0x0f,
    0xd9, 0xfd, 0xdb, 0x0f, 0xdf, 0xfd, 0xdc, 0x0f, 0xe5, 0xfd, 0xdc, 0x0f, 0xeb, 0xfd, 0xdd, 0x0f,
    0xf2, 0xfd, 0xde, 0x0f, 0xf8, 0xfd, 0xdf, 0x0f, 0xfe, 0xfd, 0xe0, 0x0f, 0x04, 0xfe, 0xe0, 0x0f,
    0x0b, 0xfe, 0xe1, 0x0f, 0x11, 0xfe, 0xe2, 0x0f, 0x17, 0xfe, 0xe3, 0x0f, 0x1d, 0xfe, 0xe3, 0x0f,
    0x24, 0xfe, 0xe4, 0x0f, 0x2a, 0xfe, 0xe5, 0x0f, 0x30, 0xfe, 0xe6, 0x0f, 0x36, 0xfe, 0xe6, 0x0f,
    0x3d, 0xfe, 0xe7, 0x0f, 0x43, 0xfe, 0xe8, 0x0f, 0x49, 0xfe, 0xe8, 0x0f, 0x4f, 0xfe, 0xe9, 0x0f,
    0x56, 0xfe, 0xea, 0x0f, 0x5c, 0xfe, 0xea, 0x0f, 0x62, 0xfe, 0xeb, 0x0f, 0x68, 0xfe, 0xec, 0x0f,
    0x6f, 0xfe, 0xec, 0x0f, 0x75, 0xfe, 0xed, 0x0f, 0x7b, 0xfe, 0xed, 0x0f, 0x81, 0xfe, 0xee, 0x0f,
    0x88, 0xfe, 0xef, 0x0f, 0x8e, 0xfe, 0xef, 0x0f, 0x94, 0xfe, 0xf0, 0x0f, 0x9a, 0xfe, 0xf0, 0x0f,
    0xa1, 0xfe, 0xf1, 0x0f, 0xa7, 0xfe, 0xf1, 0x0f, 0xad, 0xfe, 0xf2, 0x0f, 0xb3, 0xfe, 0xf2, 0x0f,
    0xba, 0xfe, 0xf3, 0x0f, 0xc0, 0xfe, 0xf3, 0x0f, 0xc6, 0xfe, 0xf4, 0x0f, 0xcc, 0xfe, 0xf4, 0x0f,
    0xd3, 0xfe, 0xf5, 0x0f, 0xd9, 0xfe, 0xf5, 0x0f, 0xdf, 0xfe, 0xf6, 0x0f, 0xe5, 0xfe, 0xf6, 0x0f,
    0xec, 0xfe, 0xf7, 0x0f, 0xf2, 0xfe, 0xf7, 0x0f, 0xf8, 0xfe, 0xf8, 0x0f, 0xff, 0xfe, 0xf8, 0x0f,
    0x05, 0xff, 0xf8, 0x0f, 0x0b, 0xff, 0xf9, 0x0f, 0x11, 0xff, 0xf9, 0x0f, 0x18, 0xff, 0xf9, 0x0f,
    0x1e, 0xff, 0xfa, 0x0f, 0x24, 0xff, 0xfa, 0x0f, 0x2a, 0xff, 0xfa, 0x0f, 0x31, 0xff, 0xfb, 0x0f,
    0x37, 0xff, 0xfb, 0x0f, 0x3d, 0xff, 0xfb, 0x0f, 0x44, 0xff, 0xfc, 0x0f, 0x4a, 0xff, 0xfc, 0x0f,
    0x50, 0xff, 0xfc, 0x0f, 0x56, 0xff, 0xfc, 0x0f, 0x5d, 0xff, 0xfd, 0x0f, 0x63, 0xff, 0xfd, 0x0f,
    0x69, 0xff, 0xfd, 0x0f, 0x70, 0xff, 0xfd, 0x0f, 0x76, 0xff, 0xfe, 0x0f, 0x7c, 0xff, 0xfe, 0x0f,
    0x82, 0xff, 0xfe, 0x0f, 0x89, 0xff, 0xfe, 0x0f, 0x8f, 0xff, 0xfe, 0x0f, 0x95, 0xff, 0xff, 0x0f,
    0x9b, 0xff, 0xff, 0x0f, 0xa2, 0xff, 0xff, 0x0f, 0xa8, 0xff, 0xff, 0x0f, 0xae, 0xff, 0xff, 0x0f,
    0xb5, 0xff, 0xff, 0x0f, 0xbb, 0xff, 0xff, 0x0f, 0xc1, 0xff, 0x00, 0x10, 0xc7, 0xff, 0x00, 0x10,
    0xce, 0xff, 0x00, 0x10, 0xd4, 0xff, 0x00, 0x10, 0xda, 0xff, 0x00, 0x10, 0xe1, 0xff, 0x00, 0x10,
    0xe7, 0xff, 0x00, 0x10, 0xed, 0xff, 0x00, 0x10, 0xf3, 0xff, 0x00, 0x10, 0xfa, 0xff, 0x00, 0x10,
    0xf4, 0x10, 0x80, 0x1f, 0x00, 0x00, 0x00, 0x00, 0x00, 0x00, 0x00, 0x00, 0x00, 0x00, 0x00, 0x00,
    0x00, 0x00, 0x00, 0x00, 0x00, 0x00, 0x00, 0x00, 0x00, 0x00, 0x00, 0x00, 0x00, 0x00, 0x00, 0x00,
    0x00, 0x00, 0x00, 0x00, 0x80, 0x10, 0x80, 0x1f, 0x00, 0x00, 0x00, 0x00, 0x00, 0x00, 0x00, 0x00,
    0x40, 0x81, 0x49, 0x81, 0x67, 0x81, 0x94, 0x81, 0x90, 0x81, 0x93, 0x81, 0x95, 0x81, 0x66, 0x81,
    0x69, 0x81, 0x6a, 0x81, 0x96, 0x81, 0x7b, 0x81, 0x43, 0x81, 0x7c, 0x81, 0x44, 0x81, 0x5e, 0x81,
    0x4f, 0x82, 0x50, 0x82, 0x51, 0x82, 0x52, 0x82, 0x53, 0x82, 0x54, 0x82, 0x55, 0x82, 0x56, 0x82,
    0x57, 0x82, 0x58, 0x82, 0x46, 0x81, 0x47, 0x81, 0x83, 0x81, 0x81, 0x81, 0x84, 0x81, 0x48, 0x81,
    0x97, 0x81, 0x60, 0x82, 0x61, 0x82, 0x62, 0x82, 0x63, 0x82, 0x64, 0x82, 0x65, 0x82, 0x66, 0x82,
    0x67, 0x82, 0x68, 0x82, 0x69, 0x82, 0x6a, 0x82, 0x6b, 0x82, 0x6c, 0x82, 0x6d, 0x82, 0x6e, 0x82,
    0x6f, 0x82, 0x70, 0x82, 0x71, 0x82, 0x72, 0x82, 0x73, 0x82, 0x74, 0x82, 0x75, 0x82, 0x76, 0x82,
    0x77, 0x82, 0x78, 0x82, 0x79, 0x82, 0x6d, 0x81, 0x5f, 0x81, 0x6e, 0x81, 0xaa, 0x81, 0x51, 0x81,
    0x65, 0x81, 0x81, 0x82, 0x82, 0x82, 0x83, 0x82, 0x84, 0x82, 0x85, 0x82, 0x86, 0x82, 0x87, 0x82,
    0x88, 0x82, 0x89, 0x82, 0x8a, 0x82, 0x8b, 0x82, 0x8c, 0x82, 0x8d, 0x82, 0x8e, 0x82, 0x8f, 0x82,
    0x90, 0x82, 0x91, 0x82, 0x92, 0x82, 0x93, 0x82, 0x94, 0x82, 0x95, 0x82, 0x96, 0x82, 0x97, 0x82,
    0x98, 0x82, 0x99, 0x82, 0x9a, 0x82, 0x6f, 0x81, 0x62, 0x81, 0x70, 0x81, 0x60, 0x81, 0xa6, 0x81
};
/* _rsincos: libgte (FGO_01/FGO_06) canonical name for the recip cos/sin table -- SAME object as
 *   rcossin_tbl @0x80137d20.  Aliased so the C++-mangled ref __rsincos resolves to one table. */
/* _rsincos IS the table now (renamed from rcossin_tbl); ccpsx ignores alias attr. */
extern "C" const unsigned char H_cor_tbl[40] = {  /* @0x8013bf20 MDEC IDCT correction */
    0xff, 0x01, 0x00, 0x00, 0x2e, 0x01, 0x00, 0x00, 0x9f, 0x00, 0x00, 0x00, 0x51, 0x00, 0x00, 0x00,
    0x29, 0x00, 0x00, 0x00, 0x14, 0x00, 0x00, 0x00, 0x00, 0x00, 0x00, 0x00, 0x00, 0x00, 0x00, 0x00,
    0x50, 0x73, 0x04, 0x26, 0xf4, 0x2d, 0x43, 0x10
};
extern "C" const unsigned char sndsintbl[516] = {  /* @0x8013c348 snd sin */
    0x00, 0x00, 0x92, 0x01, 0x24, 0x03, 0xb6, 0x04, 0x48, 0x06, 0xda, 0x07, 0x6c, 0x09, 0xfe, 0x0a,
    0x8f, 0x0c, 0x21, 0x0e, 0xb2, 0x0f, 0x44, 0x11, 0xd5, 0x12, 0x66, 0x14, 0xf6, 0x15, 0x87, 0x17,
    0x17, 0x19, 0xa7, 0x1a, 0x37, 0x1c, 0xc7, 0x1d, 0x56, 0x1f, 0xe5, 0x20, 0x73, 0x22, 0x02, 0x24,
    0x90, 0x25, 0x1d, 0x27, 0xaa, 0x28, 0x37, 0x2a, 0xc4, 0x2b, 0x50, 0x2d, 0xdb, 0x2e, 0x66, 0x30,
    0xf1, 0x31, 0x7b, 0x33, 0x05, 0x35, 0x8e, 0x36, 0x17, 0x38, 0x9f, 0x39, 0x26, 0x3b, 0xad, 0x3c,
    0x33, 0x3e, 0xb9, 0x3f, 0x3e, 0x41, 0xc3, 0x42, 0x47, 0x44, 0xca, 0x45, 0x4d, 0x47, 0xce, 0x48,
    0x50, 0x4a, 0xd0, 0x4b, 0x50, 0x4d, 0xcf, 0x4e, 0x4d, 0x50, 0xca, 0x51, 0x47, 0x53, 0xc3, 0x54,
    0x3e, 0x56, 0xb8, 0x57, 0x31, 0x59, 0xaa, 0x5a, 0x22, 0x5c, 0x98, 0x5d, 0x0e, 0x5f, 0x83, 0x60,
    0xf7, 0x61, 0x6a, 0x63, 0xdc, 0x64, 0x4d, 0x66, 0xbd, 0x67, 0x2d, 0x69, 0x9b, 0x6a, 0x08, 0x6c,
    0x74, 0x6d, 0xdf, 0x6e, 0x49, 0x70, 0xb1, 0x71, 0x19, 0x73, 0x80, 0x74, 0xe5, 0x75, 0x4a, 0x77,
    0xad, 0x78, 0x0f, 0x7a, 0x70, 0x7b, 0xd0, 0x7c, 0x2e, 0x7e, 0x8b, 0x7f, 0xe7, 0x80, 0x42, 0x82,
    0x9c, 0x83, 0xf4, 0x84, 0x4b, 0x86, 0xa1, 0x87, 0xf5, 0x88, 0x48, 0x8a, 0x9a, 0x8b, 0xea, 0x8c,
    0x39, 0x8e, 0x87, 0x8f, 0xd3, 0x90, 0x1e, 0x92, 0x68, 0x93, 0xb0, 0x94, 0xf6, 0x95, 0x3c, 0x97,
    0x7f, 0x98, 0xc2, 0x99, 0x02, 0x9b, 0x42, 0x9c, 0x7f, 0x9d, 0xbc, 0x9e, 0xf6, 0x9f, 0x2f, 0xa1,
    0x67, 0xa2, 0x9d, 0xa3, 0xd2, 0xa4, 0x05, 0xa6, 0x36, 0xa7, 0x66, 0xa8, 0x94, 0xa9, 0xc0, 0xaa,
    0xeb, 0xab, 0x14, 0xad, 0x3b, 0xae, 0x61, 0xaf, 0x85, 0xb0, 0xa8, 0xb1, 0xc8, 0xb2, 0xe7, 0xb3,
    0x04, 0xb5, 0x20, 0xb6, 0x3a, 0xb7, 0x52, 0xb8, 0x68, 0xb9, 0x7c, 0xba, 0x8f, 0xbb, 0xa0, 0xbc,
    0xae, 0xbd, 0xbc, 0xbe, 0xc7, 0xbf, 0xd0, 0xc0, 0xd8, 0xc1, 0xde, 0xc2, 0xe2, 0xc3, 0xe3, 0xc4,
    0xe4, 0xc5, 0xe2, 0xc6, 0xde, 0xc7, 0xd8, 0xc8, 0xd1, 0xc9, 0xc7, 0xca, 0xbb, 0xcb, 0xae, 0xcc,
    0x9f, 0xcd, 0x8d, 0xce, 0x7a, 0xcf, 0x64, 0xd0, 0x4d, 0xd1, 0x33, 0xd2, 0x18, 0xd3, 0xfa, 0xd3,
    0xdb, 0xd4, 0xb9, 0xd5, 0x95, 0xd6, 0x70, 0xd7, 0x48, 0xd8, 0x1e, 0xd9, 0xf2, 0xd9, 0xc4, 0xda,
    0x94, 0xdb, 0x61, 0xdc, 0x2d, 0xdd, 0xf6, 0xdd, 0xbe, 0xde, 0x83, 0xdf, 0x46, 0xe0, 0x06, 0xe1,
    0xc5, 0xe1, 0x82, 0xe2, 0x3c, 0xe3, 0xf4, 0xe3, 0xaa, 0xe4, 0x5e, 0xe5, 0x0f, 0xe6, 0xbe, 0xe6,
    0x6b, 0xe7, 0x16, 0xe8, 0xbf, 0xe8, 0x65, 0xe9, 0x09, 0xea, 0xab, 0xea, 0x4b, 0xeb, 0xe8, 0xeb,
    0x83, 0xec, 0x1c, 0xed, 0xb2, 0xed, 0x46, 0xee, 0xd8, 0xee, 0x68, 0xef, 0xf5, 0xef, 0x80, 0xf0,
    0x09, 0xf1, 0x8f, 0xf1, 0x13, 0xf2, 0x94, 0xf2, 0x14, 0xf3, 0x91, 0xf3, 0x0b, 0xf4, 0x84, 0xf4,
    0xfa, 0xf4, 0x6d, 0xf5, 0xde, 0xf5, 0x4d, 0xf6, 0xba, 0xf6, 0x24, 0xf7, 0x8b, 0xf7, 0xf1, 0xf7,
    0x53, 0xf8, 0xb4, 0xf8, 0x12, 0xf9, 0x6e, 0xf9, 0xc7, 0xf9, 0x1e, 0xfa, 0x73, 0xfa, 0xc5, 0xfa,
    0x14, 0xfb, 0x61, 0xfb, 0xac, 0xfb, 0xf5, 0xfb, 0x3b, 0xfc, 0x7e, 0xfc, 0xbf, 0xfc, 0xfe, 0xfc,
    0x3a, 0xfd, 0x74, 0xfd, 0xab, 0xfd, 0xe0, 0xfd, 0x13, 0xfe, 0x43, 0xfe, 0x70, 0xfe, 0x9b, 0xfe,
    0xc4, 0xfe, 0xea, 0xfe, 0x0e, 0xff, 0x2f, 0xff, 0x4e, 0xff, 0x6a, 0xff, 0x84, 0xff, 0x9c, 0xff,
    0xb1, 0xff, 0xc3, 0xff, 0xd3, 0xff, 0xe1, 0xff, 0xec, 0xff, 0xf4, 0xff, 0xfb, 0xff, 0xfe, 0xff,
    0xff, 0xff, 0x00, 0x00
};
extern "C" {
    int burnPath = 122;  /* @0x8013d2e0 */
    int gContrastScale = 65536;  /* @0x8013db3c */
    int Texture_gContrastColor = 8421504;  /* @0x8013db40 */
    int Texture_gWorldColor = 16777215;  /* @0x8013db44 */
}
extern "C" const unsigned char TP_gColorMode[44] = {  /* @0x8013db48  */
    0x00, 0x00, 0x00, 0x00, 0x53, 0x2e, 0x66, 0x6f, 0x67, 0x00, 0x00, 0x00, 0x4e, 0x2e, 0x66, 0x6f,
    0x67, 0x00, 0x00, 0x00, 0x57, 0x2e, 0x66, 0x6f, 0x67, 0x00, 0x00, 0x00, 0x2e, 0x66, 0x6f, 0x67,
    0x00, 0x00, 0x00, 0x00, 0x66, 0x6f, 0x67, 0x20, 0x70, 0x6f, 0x73, 0x00
};
extern "C" const unsigned char highmemadr[20] = {  /* @0x8013dc1c  */
    0x00, 0x00, 0x00, 0x00, 0x25, 0x73, 0x20, 0x4c, 0x4f, 0x57, 0x00, 0x00, 0x25, 0x73, 0x20, 0x48,
    0x49, 0x47, 0x48, 0x00
};
extern "C" const unsigned char defaultbigext[16] = {  /* @0x8013dc30  */
    0x2e, 0x76, 0x69, 0x76, 0x00, 0x00, 0x00, 0x00, 0x00, 0x00, 0x00, 0x00, 0x00, 0x00, 0x00, 0x00
};
extern "C" const unsigned char tickval[16] = {  /* @0x8013dc44  */
    0x00, 0x00, 0x00, 0x00, 0x26, 0x7c, 0x21, 0x7e, 0x5e, 0x00, 0x00, 0x00, 0x00, 0x00, 0x00, 0x00
};
extern "C" {
    int screenvisiblex = 16;  /* @0x8013dc94 */
    int screenvisibley = 16;  /* @0x8013dc98 */
    int screenvisiblew = 288;  /* @0x8013dc9c */
    int screenvisibleh = 208;  /* @0x8013dca0 */
    int zclipvalue = 10;  /* @0x8013dca4 */
    int cenxpix = 160;  /* @0x8013dcd8 */
    int cenypix = 100;  /* @0x8013dcdc */
    int aspectratio = 65536;  /* @0x8013dd00 */
}

/* _vlc_ac @0x80124038 : MDEC AC primary table, 8192 entries x 8 bytes.
 *   Byte-exact from nfs4-f.exe image (read via IDA NFS4.EXE.i64).  Indexed in DecDCTvlc
 *   as _vlc_ac[(acc>>0x13)*2] (code) and [+1] (extra); base reg $a2. */
extern const unsigned int _vlc_ac[16384];
const unsigned int _vlc_ac[16384] = {
    0x00000000, 0x00000000, 0x00000000, 0x00000000, 0x00000000, 0x00000000, 0x00000000, 0x00000000,
    0x00000000, 0x00000000, 0x00000000, 0x00000000, 0x00000000, 0x00000000, 0x00000000, 0x00000000,
    0x00000000, 0x00000000, 0x00000000, 0x00000000, 0x00000000, 0x00000000, 0x00000000, 0x00000000,
    0x00000000, 0x00000000, 0x00000000, 0x00000000, 0x00000000, 0x00000000, 0x00000000, 0x00000000,
    0x00000000, 0x00000000, 0x00000000, 0x00000000, 0x00000000, 0x00000000, 0x00000000, 0x00000000,
    0x00000000, 0x00000000, 0x00000000, 0x00000000, 0x00000000, 0x00000000, 0x00000000, 0x00000000,
    0x00000000, 0x00000000, 0x00000000, 0x00000000, 0x00000000, 0x00000000, 0x00000000, 0x00000000,
    0x00000000, 0x00000000, 0x00000000, 0x00000000, 0x00000000, 0x00000000, 0x00000000, 0x00000000,
    0x000b000d, 0x00000000, 0x03f5000d, 0x00000000, 0x2002000d, 0x00000000, 0x23fe000d, 0x00000000,
    0x1003000d, 0x00000000, 0x13fd000d, 0x00000000, 0x000a000d, 0x00000000, 0x03f6000d, 0x00000000,
    0x0804000d, 0x00000000, 0x0bfc000d, 0x00000000, 0x1c02000d, 0x00000000, 0x1ffe000d, 0x00000000,
    0x5401000d, 0x00000000, 0x57ff000d, 0x00000000, 0x5001000d, 0x00000000, 0x53ff000d, 0x00000000,
    0x0009000d, 0x00000000, 0x03f7000d, 0x00000000, 0x4c01000d, 0x00000000, 0x4fff000d, 0x00000000,
    0x4801000d, 0x00000000, 0x4bff000d, 0x00000000, 0x0405000d, 0x00000000, 0x07fb000d, 0x00000000,
    0x0c03000d, 0x00000000, 0x0ffd000d, 0x00000000, 0x0008000d, 0x00000000, 0x03f8000d, 0x00000000,
    0x1802000d, 0x00000000, 0x1bfe000d, 0x00000000, 0x4401000d, 0x00000000, 0x47ff000d, 0x00000000,
    0x4001000b, 0x00000000, 0x4001000b, 0x00000000, 0x4001000d, 0x0000fe00, 0x4001000b, 0x00000000,
    0x43ff000b, 0x00000000, 0x43ff000b, 0x00000000, 0x43ff000d, 0x0000fe00, 0x43ff000b, 0x00000000,
    0x1402000b, 0x00000000, 0x1402000b, 0x00000000, 0x1402000d, 0x0000fe00, 0x1402000b, 0x00000000,
    0x17fe000b, 0x00000000, 0x17fe000b, 0x00000000, 0x17fe000d, 0x0000fe00, 0x17fe000b, 0x00000000,
    0x0007000b, 0x00000000, 0x0007000b, 0x00000000, 0x0007000d, 0x0000fe00, 0x0007000b, 0x00000000,
    0x03f9000b, 0x00000000, 0x03f9000b, 0x00000000, 0x03f9000d, 0x0000fe00, 0x03f9000b, 0x00000000,
    0x0803000b, 0x00000000, 0x0803000b, 0x00000000, 0x0803000d, 0x0000fe00, 0x0803000b, 0x00000000,
    0x0bfd000b, 0x00000000, 0x0bfd000b, 0x00000000, 0x0bfd000d, 0x0000fe00, 0x0bfd000b, 0x00000000,
    0x0404000b, 0x00000000, 0x0404000b, 0x00000000, 0x0404000d, 0x0000fe00, 0x0404000b, 0x00000000,
    0x07fc000b, 0x00000000, 0x07fc000b, 0x00000000, 0x07fc000d, 0x0000fe00, 0x07fc000b, 0x00000000,
    0x3c01000b, 0x00000000, 0x3c01000b, 0x00000000, 0x3c01000d, 0x0000fe00, 0x3c01000b, 0x00000000,
    0x3fff000b, 0x00000000, 0x3fff000b, 0x00000000, 0x3fff000d, 0x0000fe00, 0x3fff000b, 0x00000000,
    0x3801000b, 0x00000000, 0x3801000b, 0x00000000, 0x3801000d, 0x0000fe00, 0x3801000b, 0x00000000,
    0x3bff000b, 0x00000000, 0x3bff000b, 0x00000000, 0x3bff000d, 0x0000fe00, 0x3bff000b, 0x00000000,
    0x1002000b, 0x00000000, 0x1002000b, 0x00000000, 0x1002000d, 0x0000fe00, 0x1002000b, 0x00000000,
    0x13fe000b, 0x00000000, 0x13fe000b, 0x00000000, 0x13fe000d, 0x0000fe00, 0x13fe000b, 0x00000000,
    0x7c1f0006, 0x00000000, 0x7c1f0006, 0x00000000, 0x7c1f0006, 0x00000000, 0x7c1f0006, 0x00000000,
    0x7c1f0006, 0x00000000, 0x7c1f0006, 0x00000000, 0x7c1f0006, 0x00000000, 0x7c1f0006, 0x00000000,
    0x7c1f0006, 0x00000000, 0x7c1f0006, 0x00000000, 0x7c1f0006, 0x00000000, 0x7c1f0006, 0x00000000,
    0x7c1f0006, 0x00000000, 0x7c1f0006, 0x00000000, 0x7c1f0006, 0x00000000, 0x7c1f0006, 0x00000000,
    0x7c1f0006, 0x00000000, 0x7c1f0006, 0x00000000, 0x7c1f0006, 0x00000000, 0x7c1f0006, 0x00000000,
    0x7c1f0006, 0x00000000, 0x7c1f0006, 0x00000000, 0x7c1f0006, 0x00000000, 0x7c1f0006, 0x00000000,
    0x7c1f0006, 0x00000000, 0x7c1f0006, 0x00000000, 0x7c1f0006, 0x00000000, 0x7c1f0006, 0x00000000,
    0x7c1f0006, 0x00000000, 0x7c1f0006, 0x00000000, 0x7c1f0006, 0x00000000, 0x7c1f0006, 0x00000000,
    0x7c1f0006, 0x00000000, 0x7c1f0006, 0x00000000, 0x7c1f0006, 0x00000000, 0x7c1f0006, 0x00000000,
    0x7c1f0006, 0x00000000, 0x7c1f0006, 0x00000000, 0x7c1f0006, 0x00000000, 0x7c1f0006, 0x00000000,
    0x7c1f0006, 0x00000000, 0x7c1f0006, 0x00000000, 0x7c1f0006, 0x00000000, 0x7c1f0006, 0x00000000,
    0x7c1f0006, 0x00000000, 0x7c1f0006, 0x00000000, 0x7c1f0006, 0x00000000, 0x7c1f0006, 0x00000000,
    0x7c1f0006, 0x00000000, 0x7c1f0006, 0x00000000, 0x7c1f0006, 0x00000000, 0x7c1f0006, 0x00000000,
    0x7c1f0006, 0x00000000, 0x7c1f0006, 0x00000000, 0x7c1f0006, 0x00000000, 0x7c1f0006, 0x00000000,
    0x7c1f0006, 0x00000000, 0x7c1f0006, 0x00000000, 0x7c1f0006, 0x00000000, 0x7c1f0006, 0x00000000,
    0x7c1f0006, 0x00000000, 0x7c1f0006, 0x00000000, 0x7c1f0006, 0x00000000, 0x7c1f0006, 0x00000000,
    0x7c1f0006, 0x00000000, 0x7c1f0006, 0x00000000, 0x7c1f0006, 0x00000000, 0x7c1f0006, 0x00000000,
    0x7c1f0006, 0x00000000, 0x7c1f0006, 0x00000000, 0x7c1f0006, 0x00000000, 0x7c1f0006, 0x00000000,
    0x7c1f0006, 0x00000000, 0x7c1f0006, 0x00000000, 0x7c1f0006, 0x00000000, 0x7c1f0006, 0x00000000,
    0x7c1f0006, 0x00000000, 0x7c1f0006, 0x00000000, 0x7c1f0006, 0x00000000, 0x7c1f0006, 0x00000000,
    0x7c1f0006, 0x00000000, 0x7c1f0006, 0x00000000, 0x7c1f0006, 0x00000000, 0x7c1f0006, 0x00000000,
    0x7c1f0006, 0x00000000, 0x7c1f0006, 0x00000000, 0x7c1f0006, 0x00000000, 0x7c1f0006, 0x00000000,
    0x7c1f0006, 0x00000000, 0x7c1f0006, 0x00000000, 0x7c1f0006, 0x00000000, 0x7c1f0006, 0x00000000,
    0x7c1f0006, 0x00000000, 0x7c1f0006, 0x00000000, 0x7c1f0006, 0x00000000, 0x7c1f0006, 0x00000000,
    0x7c1f0006, 0x00000000, 0x7c1f0006, 0x00000000, 0x7c1f0006, 0x00000000, 0x7c1f0006, 0x00000000,
    0x7c1f0006, 0x00000000, 0x7c1f0006, 0x00000000, 0x7c1f0006, 0x00000000, 0x7c1f0006, 0x00000000,
    0x7c1f0006, 0x00000000, 0x7c1f0006, 0x00000000, 0x7c1f0006, 0x00000000, 0x7c1f0006, 0x00000000,
    0x7c1f0006, 0x00000000, 0x7c1f0006, 0x00000000, 0x7c1f0006, 0x00000000, 0x7c1f0006, 0x00000000,
    0x7c1f0006, 0x00000000, 0x7c1f0006, 0x00000000, 0x7c1f0006, 0x00000000, 0x7c1f0006, 0x00000000,
    0x7c1f0006, 0x00000000, 0x7c1f0006, 0x00000000, 0x7c1f0006, 0x00000000, 0x7c1f0006, 0x00000000,
    0x7c1f0006, 0x00000000, 0x7c1f0006, 0x00000000, 0x7c1f0006, 0x00000000, 0x7c1f0006, 0x00000000,
    0x7c1f0006, 0x00000000, 0x7c1f0006, 0x00000000, 0x7c1f0006, 0x00000000, 0x7c1f0006, 0x00000000,
    0x08020008, 0x00000000, 0x08020008, 0x00000000, 0x08020008, 0x00000000, 0x08020008, 0x00000000,
    0x08020008, 0x00000000, 0x08020008, 0x00000000, 0x08020008, 0x00000000, 0x08020008, 0x00000000,
    0x0802000d, 0x00000002, 0x0802000d, 0x000003fe, 0x0802000d, 0x00000801, 0x0802000d, 0x00000bff,
    0x0802000c, 0x00000401, 0x0802000c, 0x00000401, 0x0802000c, 0x000007ff, 0x0802000c, 0x000007ff,
    0x0802000a, 0x0000fe00, 0x0802000a, 0x0000fe00, 0x0802000a, 0x0000fe00, 0x0802000a, 0x0000fe00,
    0x0802000a, 0x0000fe00, 0x0802000a, 0x0000fe00, 0x0802000a, 0x0000fe00, 0x0802000a, 0x0000fe00,
    0x0802000b, 0x00000001, 0x0802000b, 0x00000001, 0x0802000d, 0xfe000001, 0x0802000b, 0x00000001,
    0x0802000b, 0x000003ff, 0x0802000b, 0x000003ff, 0x0802000d, 0xfe0003ff, 0x0802000b, 0x000003ff,
    0x0bfe0008, 0x00000000, 0x0bfe0008, 0x00000000, 0x0bfe0008, 0x00000000, 0x0bfe0008, 0x00000000,
    0x0bfe0008, 0x00000000, 0x0bfe0008, 0x00000000, 0x0bfe0008, 0x00000000, 0x0bfe0008, 0x00000000,
    0x0bfe000d, 0x00000002, 0x0bfe000d, 0x000003fe, 0x0bfe000d, 0x00000801, 0x0bfe000d, 0x00000bff,
    0x0bfe000c, 0x00000401, 0x0bfe000c, 0x00000401, 0x0bfe000c, 0x000007ff, 0x0bfe000c, 0x000007ff,
    0x0bfe000a, 0x0000fe00, 0x0bfe000a, 0x0000fe00, 0x0bfe000a, 0x0000fe00, 0x0bfe000a, 0x0000fe00,
    0x0bfe000a, 0x0000fe00, 0x0bfe000a, 0x0000fe00, 0x0bfe000a, 0x0000fe00, 0x0bfe000a, 0x0000fe00,
    0x0bfe000b, 0x00000001, 0x0bfe000b, 0x00000001, 0x0bfe000d, 0xfe000001, 0x0bfe000b, 0x00000001,
    0x0bfe000b, 0x000003ff, 0x0bfe000b, 0x000003ff, 0x0bfe000d, 0xfe0003ff, 0x0bfe000b, 0x000003ff,
    0x24010008, 0x00000000, 0x24010008, 0x00000000, 0x24010008, 0x00000000, 0x24010008, 0x00000000,
    0x24010008, 0x00000000, 0x24010008, 0x00000000, 0x24010008, 0x00000000, 0x24010008, 0x00000000,
    0x2401000d, 0x00000002, 0x2401000d, 0x000003fe, 0x2401000d, 0x00000801, 0x2401000d, 0x00000bff,
    0x2401000c, 0x00000401, 0x2401000c, 0x00000401, 0x2401000c, 0x000007ff, 0x2401000c, 0x000007ff,
    0x2401000a, 0x0000fe00, 0x2401000a, 0x0000fe00, 0x2401000a, 0x0000fe00, 0x2401000a, 0x0000fe00,
    0x2401000a, 0x0000fe00, 0x2401000a, 0x0000fe00, 0x2401000a, 0x0000fe00, 0x2401000a, 0x0000fe00,
    0x2401000b, 0x00000001, 0x2401000b, 0x00000001, 0x2401000d, 0xfe000001, 0x2401000b, 0x00000001,
    0x2401000b, 0x000003ff, 0x2401000b, 0x000003ff, 0x2401000d, 0xfe0003ff, 0x2401000b, 0x000003ff,
    0x27ff0008, 0x00000000, 0x27ff0008, 0x00000000, 0x27ff0008, 0x00000000, 0x27ff0008, 0x00000000,
    0x27ff0008, 0x00000000, 0x27ff0008, 0x00000000, 0x27ff0008, 0x00000000, 0x27ff0008, 0x00000000,
    0x27ff000d, 0x00000002, 0x27ff000d, 0x000003fe, 0x27ff000d, 0x00000801, 0x27ff000d, 0x00000bff,
    0x27ff000c, 0x00000401, 0x27ff000c, 0x00000401, 0x27ff000c, 0x000007ff, 0x27ff000c, 0x000007ff,
    0x27ff000a, 0x0000fe00, 0x27ff000a, 0x0000fe00, 0x27ff000a, 0x0000fe00, 0x27ff000a, 0x0000fe00,
    0x27ff000a, 0x0000fe00, 0x27ff000a, 0x0000fe00, 0x27ff000a, 0x0000fe00, 0x27ff000a, 0x0000fe00,
    0x27ff000b, 0x00000001, 0x27ff000b, 0x00000001, 0x27ff000d, 0xfe000001, 0x27ff000b, 0x00000001,
    0x27ff000b, 0x000003ff, 0x27ff000b, 0x000003ff, 0x27ff000d, 0xfe0003ff, 0x27ff000b, 0x000003ff,
    0x00040008, 0x00000000, 0x00040008, 0x00000000, 0x00040008, 0x00000000, 0x00040008, 0x00000000,
    0x00040008, 0x00000000, 0x00040008, 0x00000000, 0x00040008, 0x00000000, 0x00040008, 0x00000000,
    0x0004000d, 0x00000002, 0x0004000d, 0x000003fe, 0x0004000d, 0x00000801, 0x0004000d, 0x00000bff,
    0x0004000c, 0x00000401, 0x0004000c, 0x00000401, 0x0004000c, 0x000007ff, 0x0004000c, 0x000007ff,
    0x0004000a, 0x0000fe00, 0x0004000a, 0x0000fe00, 0x0004000a, 0x0000fe00, 0x0004000a, 0x0000fe00,
    0x0004000a, 0x0000fe00, 0x0004000a, 0x0000fe00, 0x0004000a, 0x0000fe00, 0x0004000a, 0x0000fe00,
    0x0004000b, 0x00000001, 0x0004000b, 0x00000001, 0x0004000d, 0xfe000001, 0x0004000b, 0x00000001,
    0x0004000b, 0x000003ff, 0x0004000b, 0x000003ff, 0x0004000d, 0xfe0003ff, 0x0004000b, 0x000003ff,
    0x03fc0008, 0x00000000, 0x03fc0008, 0x00000000, 0x03fc0008, 0x00000000, 0x03fc0008, 0x00000000,
    0x03fc0008, 0x00000000, 0x03fc0008, 0x00000000, 0x03fc0008, 0x00000000, 0x03fc0008, 0x00000000,
    0x03fc000d, 0x00000002, 0x03fc000d, 0x000003fe, 0x03fc000d, 0x00000801, 0x03fc000d, 0x00000bff,
    0x03fc000c, 0x00000401, 0x03fc000c, 0x00000401, 0x03fc000c, 0x000007ff, 0x03fc000c, 0x000007ff,
    0x03fc000a, 0x0000fe00, 0x03fc000a, 0x0000fe00, 0x03fc000a, 0x0000fe00, 0x03fc000a, 0x0000fe00,
    0x03fc000a, 0x0000fe00, 0x03fc000a, 0x0000fe00, 0x03fc000a, 0x0000fe00, 0x03fc000a, 0x0000fe00,
    0x03fc000b, 0x00000001, 0x03fc000b, 0x00000001, 0x03fc000d, 0xfe000001, 0x03fc000b, 0x00000001,
    0x03fc000b, 0x000003ff, 0x03fc000b, 0x000003ff, 0x03fc000d, 0xfe0003ff, 0x03fc000b, 0x000003ff,
    0x20010008, 0x00000000, 0x20010008, 0x00000000, 0x20010008, 0x00000000, 0x20010008, 0x00000000,
    0x20010008, 0x00000000, 0x20010008, 0x00000000, 0x20010008, 0x00000000, 0x20010008, 0x00000000,
    0x2001000d, 0x00000002, 0x2001000d, 0x000003fe, 0x2001000d, 0x00000801, 0x2001000d, 0x00000bff,
    0x2001000c, 0x00000401, 0x2001000c, 0x00000401, 0x2001000c, 0x000007ff, 0x2001000c, 0x000007ff,
    0x2001000a, 0x0000fe00, 0x2001000a, 0x0000fe00, 0x2001000a, 0x0000fe00, 0x2001000a, 0x0000fe00,
    0x2001000a, 0x0000fe00, 0x2001000a, 0x0000fe00, 0x2001000a, 0x0000fe00, 0x2001000a, 0x0000fe00,
    0x2001000b, 0x00000001, 0x2001000b, 0x00000001, 0x2001000d, 0xfe000001, 0x2001000b, 0x00000001,
    0x2001000b, 0x000003ff, 0x2001000b, 0x000003ff, 0x2001000d, 0xfe0003ff, 0x2001000b, 0x000003ff,
    0x23ff0008, 0x00000000, 0x23ff0008, 0x00000000, 0x23ff0008, 0x00000000, 0x23ff0008, 0x00000000,
    0x23ff0008, 0x00000000, 0x23ff0008, 0x00000000, 0x23ff0008, 0x00000000, 0x23ff0008, 0x00000000,
    0x23ff000d, 0x00000002, 0x23ff000d, 0x000003fe, 0x23ff000d, 0x00000801, 0x23ff000d, 0x00000bff,
    0x23ff000c, 0x00000401, 0x23ff000c, 0x00000401, 0x23ff000c, 0x000007ff, 0x23ff000c, 0x000007ff,
    0x23ff000a, 0x0000fe00, 0x23ff000a, 0x0000fe00, 0x23ff000a, 0x0000fe00, 0x23ff000a, 0x0000fe00,
    0x23ff000a, 0x0000fe00, 0x23ff000a, 0x0000fe00, 0x23ff000a, 0x0000fe00, 0x23ff000a, 0x0000fe00,
    0x23ff000b, 0x00000001, 0x23ff000b, 0x00000001, 0x23ff000d, 0xfe000001, 0x23ff000b, 0x00000001,
    0x23ff000b, 0x000003ff, 0x23ff000b, 0x000003ff, 0x23ff000d, 0xfe0003ff, 0x23ff000b, 0x000003ff,
    0x1c010007, 0x00000000, 0x1c01000d, 0x00007c1f, 0x1c010007, 0x00000000, 0x1c010007, 0x00000000,
    0x1c010007, 0x00000000, 0x1c010007, 0x00000000, 0x1c010007, 0x00000000, 0x1c010007, 0x00000000,
    0x1c010007, 0x00000000, 0x1c010007, 0x00000000, 0x1c01000d, 0x00000003, 0x1c01000d, 0x000003fd,
    0x1c01000d, 0x00001001, 0x1c01000d, 0x000013ff, 0x1c01000d, 0x00000c01, 0x1c01000d, 0x00000fff,
    0x1c01000c, 0x00000002, 0x1c01000c, 0x00000002, 0x1c01000c, 0x000003fe, 0x1c01000c, 0x000003fe,
    0x1c01000c, 0x00000801, 0x1c01000c, 0x00000801, 0x1c01000c, 0x00000bff, 0x1c01000c, 0x00000bff,
    0x1c01000b, 0x00000401, 0x1c01000b, 0x00000401, 0x1c01000d, 0xfe000401, 0x1c01000b, 0x00000401,
    0x1c01000b, 0x000007ff, 0x1c01000b, 0x000007ff, 0x1c01000d, 0xfe0007ff, 0x1c01000b, 0x000007ff,
    0x1c010009, 0x0000fe00, 0x1c010009, 0x0000fe00, 0x1c010009, 0x0000fe00, 0x1c010009, 0x0000fe00,
    0x1c010009, 0x0000fe00, 0x1c010009, 0x0000fe00, 0x1c010009, 0x0000fe00, 0x1c010009, 0x0000fe00,
    0x1c010009, 0x0000fe00, 0x1c010009, 0x0000fe00, 0x1c010009, 0x0000fe00, 0x1c010009, 0x0000fe00,
    0x1c010009, 0x0000fe00, 0x1c010009, 0x0000fe00, 0x1c010009, 0x0000fe00, 0x1c010009, 0x0000fe00,
    0x1c01000a, 0x00000001, 0x1c01000a, 0x00000001, 0x1c01000a, 0x00000001, 0x1c01000a, 0x00000001,
    0x1c01000c, 0xfe000001, 0x1c01000c, 0xfe000001, 0x1c01000d, 0x00010001, 0x1c01000d, 0x03ff0001,
    0x1c01000a, 0x000003ff, 0x1c01000a, 0x000003ff, 0x1c01000a, 0x000003ff, 0x1c01000a, 0x000003ff,
    0x1c01000c, 0xfe0003ff, 0x1c01000c, 0xfe0003ff, 0x1c01000d, 0x000103ff, 0x1c01000d, 0x03ff03ff,
    0x1fff0007, 0x00000000, 0x1fff000d, 0x00007c1f, 0x1fff0007, 0x00000000, 0x1fff0007, 0x00000000,
    0x1fff0007, 0x00000000, 0x1fff0007, 0x00000000, 0x1fff0007, 0x00000000, 0x1fff0007, 0x00000000,
    0x1fff0007, 0x00000000, 0x1fff0007, 0x00000000, 0x1fff000d, 0x00000003, 0x1fff000d, 0x000003fd,
    0x1fff000d, 0x00001001, 0x1fff000d, 0x000013ff, 0x1fff000d, 0x00000c01, 0x1fff000d, 0x00000fff,
    0x1fff000c, 0x00000002, 0x1fff000c, 0x00000002, 0x1fff000c, 0x000003fe, 0x1fff000c, 0x000003fe,
    0x1fff000c, 0x00000801, 0x1fff000c, 0x00000801, 0x1fff000c, 0x00000bff, 0x1fff000c, 0x00000bff,
    0x1fff000b, 0x00000401, 0x1fff000b, 0x00000401, 0x1fff000d, 0xfe000401, 0x1fff000b, 0x00000401,
    0x1fff000b, 0x000007ff, 0x1fff000b, 0x000007ff, 0x1fff000d, 0xfe0007ff, 0x1fff000b, 0x000007ff,
    0x1fff0009, 0x0000fe00, 0x1fff0009, 0x0000fe00, 0x1fff0009, 0x0000fe00, 0x1fff0009, 0x0000fe00,
    0x1fff0009, 0x0000fe00, 0x1fff0009, 0x0000fe00, 0x1fff0009, 0x0000fe00, 0x1fff0009, 0x0000fe00,
    0x1fff0009, 0x0000fe00, 0x1fff0009, 0x0000fe00, 0x1fff0009, 0x0000fe00, 0x1fff0009, 0x0000fe00,
    0x1fff0009, 0x0000fe00, 0x1fff0009, 0x0000fe00, 0x1fff0009, 0x0000fe00, 0x1fff0009, 0x0000fe00,
    0x1fff000a, 0x00000001, 0x1fff000a, 0x00000001, 0x1fff000a, 0x00000001, 0x1fff000a, 0x00000001,
    0x1fff000c, 0xfe000001, 0x1fff000c, 0xfe000001, 0x1fff000d, 0x00010001, 0x1fff000d, 0x03ff0001,
    0x1fff000a, 0x000003ff, 0x1fff000a, 0x000003ff, 0x1fff000a, 0x000003ff, 0x1fff000a, 0x000003ff,
    0x1fff000c, 0xfe0003ff, 0x1fff000c, 0xfe0003ff, 0x1fff000d, 0x000103ff, 0x1fff000d, 0x03ff03ff,
    0x18010007, 0x00000000, 0x1801000d, 0x00007c1f, 0x18010007, 0x00000000, 0x18010007, 0x00000000,
    0x18010007, 0x00000000, 0x18010007, 0x00000000, 0x18010007, 0x00000000, 0x18010007, 0x00000000,
    0x18010007, 0x00000000, 0x18010007, 0x00000000, 0x1801000d, 0x00000003, 0x1801000d, 0x000003fd,
    0x1801000d, 0x00001001, 0x1801000d, 0x000013ff, 0x1801000d, 0x00000c01, 0x1801000d, 0x00000fff,
    0x1801000c, 0x00000002, 0x1801000c, 0x00000002, 0x1801000c, 0x000003fe, 0x1801000c, 0x000003fe,
    0x1801000c, 0x00000801, 0x1801000c, 0x00000801, 0x1801000c, 0x00000bff, 0x1801000c, 0x00000bff,
    0x1801000b, 0x00000401, 0x1801000b, 0x00000401, 0x1801000d, 0xfe000401, 0x1801000b, 0x00000401,
    0x1801000b, 0x000007ff, 0x1801000b, 0x000007ff, 0x1801000d, 0xfe0007ff, 0x1801000b, 0x000007ff,
    0x18010009, 0x0000fe00, 0x18010009, 0x0000fe00, 0x18010009, 0x0000fe00, 0x18010009, 0x0000fe00,
    0x18010009, 0x0000fe00, 0x18010009, 0x0000fe00, 0x18010009, 0x0000fe00, 0x18010009, 0x0000fe00,
    0x18010009, 0x0000fe00, 0x18010009, 0x0000fe00, 0x18010009, 0x0000fe00, 0x18010009, 0x0000fe00,
    0x18010009, 0x0000fe00, 0x18010009, 0x0000fe00, 0x18010009, 0x0000fe00, 0x18010009, 0x0000fe00,
    0x1801000a, 0x00000001, 0x1801000a, 0x00000001, 0x1801000a, 0x00000001, 0x1801000a, 0x00000001,
    0x1801000c, 0xfe000001, 0x1801000c, 0xfe000001, 0x1801000d, 0x00010001, 0x1801000d, 0x03ff0001,
    0x1801000a, 0x000003ff, 0x1801000a, 0x000003ff, 0x1801000a, 0x000003ff, 0x1801000a, 0x000003ff,
    0x1801000c, 0xfe0003ff, 0x1801000c, 0xfe0003ff, 0x1801000d, 0x000103ff, 0x1801000d, 0x03ff03ff,
    0x1bff0007, 0x00000000, 0x1bff000d, 0x00007c1f, 0x1bff0007, 0x00000000, 0x1bff0007, 0x00000000,
    0x1bff0007, 0x00000000, 0x1bff0007, 0x00000000, 0x1bff0007, 0x00000000, 0x1bff0007, 0x00000000,
    0x1bff0007, 0x00000000, 0x1bff0007, 0x00000000, 0x1bff000d, 0x00000003, 0x1bff000d, 0x000003fd,
    0x1bff000d, 0x00001001, 0x1bff000d, 0x000013ff, 0x1bff000d, 0x00000c01, 0x1bff000d, 0x00000fff,
    0x1bff000c, 0x00000002, 0x1bff000c, 0x00000002, 0x1bff000c, 0x000003fe, 0x1bff000c, 0x000003fe,
    0x1bff000c, 0x00000801, 0x1bff000c, 0x00000801, 0x1bff000c, 0x00000bff, 0x1bff000c, 0x00000bff,
    0x1bff000b, 0x00000401, 0x1bff000b, 0x00000401, 0x1bff000d, 0xfe000401, 0x1bff000b, 0x00000401,
    0x1bff000b, 0x000007ff, 0x1bff000b, 0x000007ff, 0x1bff000d, 0xfe0007ff, 0x1bff000b, 0x000007ff,
    0x1bff0009, 0x0000fe00, 0x1bff0009, 0x0000fe00, 0x1bff0009, 0x0000fe00, 0x1bff0009, 0x0000fe00,
    0x1bff0009, 0x0000fe00, 0x1bff0009, 0x0000fe00, 0x1bff0009, 0x0000fe00, 0x1bff0009, 0x0000fe00,
    0x1bff0009, 0x0000fe00, 0x1bff0009, 0x0000fe00, 0x1bff0009, 0x0000fe00, 0x1bff0009, 0x0000fe00,
    0x1bff0009, 0x0000fe00, 0x1bff0009, 0x0000fe00, 0x1bff0009, 0x0000fe00, 0x1bff0009, 0x0000fe00,
    0x1bff000a, 0x00000001, 0x1bff000a, 0x00000001, 0x1bff000a, 0x00000001, 0x1bff000a, 0x00000001,
    0x1bff000c, 0xfe000001, 0x1bff000c, 0xfe000001, 0x1bff000d, 0x00010001, 0x1bff000d, 0x03ff0001,
    0x1bff000a, 0x000003ff, 0x1bff000a, 0x000003ff, 0x1bff000a, 0x000003ff, 0x1bff000a, 0x000003ff,
    0x1bff000c, 0xfe0003ff, 0x1bff000c, 0xfe0003ff, 0x1bff000d, 0x000103ff, 0x1bff000d, 0x03ff03ff,
    0x04020007, 0x00000000, 0x0402000d, 0x00007c1f, 0x04020007, 0x00000000, 0x04020007, 0x00000000,
    0x04020007, 0x00000000, 0x04020007, 0x00000000, 0x04020007, 0x00000000, 0x04020007, 0x00000000,
    0x04020007, 0x00000000, 0x04020007, 0x00000000, 0x0402000d, 0x00000003, 0x0402000d, 0x000003fd,
    0x0402000d, 0x00001001, 0x0402000d, 0x000013ff, 0x0402000d, 0x00000c01, 0x0402000d, 0x00000fff,
    0x0402000c, 0x00000002, 0x0402000c, 0x00000002, 0x0402000c, 0x000003fe, 0x0402000c, 0x000003fe,
    0x0402000c, 0x00000801, 0x0402000c, 0x00000801, 0x0402000c, 0x00000bff, 0x0402000c, 0x00000bff,
    0x0402000b, 0x00000401, 0x0402000b, 0x00000401, 0x0402000d, 0xfe000401, 0x0402000b, 0x00000401,
    0x0402000b, 0x000007ff, 0x0402000b, 0x000007ff, 0x0402000d, 0xfe0007ff, 0x0402000b, 0x000007ff,
    0x04020009, 0x0000fe00, 0x04020009, 0x0000fe00, 0x04020009, 0x0000fe00, 0x04020009, 0x0000fe00,
    0x04020009, 0x0000fe00, 0x04020009, 0x0000fe00, 0x04020009, 0x0000fe00, 0x04020009, 0x0000fe00,
    0x04020009, 0x0000fe00, 0x04020009, 0x0000fe00, 0x04020009, 0x0000fe00, 0x04020009, 0x0000fe00,
    0x04020009, 0x0000fe00, 0x04020009, 0x0000fe00, 0x04020009, 0x0000fe00, 0x04020009, 0x0000fe00,
    0x0402000a, 0x00000001, 0x0402000a, 0x00000001, 0x0402000a, 0x00000001, 0x0402000a, 0x00000001,
    0x0402000c, 0xfe000001, 0x0402000c, 0xfe000001, 0x0402000d, 0x00010001, 0x0402000d, 0x03ff0001,
    0x0402000a, 0x000003ff, 0x0402000a, 0x000003ff, 0x0402000a, 0x000003ff, 0x0402000a, 0x000003ff,
    0x0402000c, 0xfe0003ff, 0x0402000c, 0xfe0003ff, 0x0402000d, 0x000103ff, 0x0402000d, 0x03ff03ff,
    0x07fe0007, 0x00000000, 0x07fe000d, 0x00007c1f, 0x07fe0007, 0x00000000, 0x07fe0007, 0x00000000,
    0x07fe0007, 0x00000000, 0x07fe0007, 0x00000000, 0x07fe0007, 0x00000000, 0x07fe0007, 0x00000000,
    0x07fe0007, 0x00000000, 0x07fe0007, 0x00000000, 0x07fe000d, 0x00000003, 0x07fe000d, 0x000003fd,
    0x07fe000d, 0x00001001, 0x07fe000d, 0x000013ff, 0x07fe000d, 0x00000c01, 0x07fe000d, 0x00000fff,
    0x07fe000c, 0x00000002, 0x07fe000c, 0x00000002, 0x07fe000c, 0x000003fe, 0x07fe000c, 0x000003fe,
    0x07fe000c, 0x00000801, 0x07fe000c, 0x00000801, 0x07fe000c, 0x00000bff, 0x07fe000c, 0x00000bff,
    0x07fe000b, 0x00000401, 0x07fe000b, 0x00000401, 0x07fe000d, 0xfe000401, 0x07fe000b, 0x00000401,
    0x07fe000b, 0x000007ff, 0x07fe000b, 0x000007ff, 0x07fe000d, 0xfe0007ff, 0x07fe000b, 0x000007ff,
    0x07fe0009, 0x0000fe00, 0x07fe0009, 0x0000fe00, 0x07fe0009, 0x0000fe00, 0x07fe0009, 0x0000fe00,
    0x07fe0009, 0x0000fe00, 0x07fe0009, 0x0000fe00, 0x07fe0009, 0x0000fe00, 0x07fe0009, 0x0000fe00,
    0x07fe0009, 0x0000fe00, 0x07fe0009, 0x0000fe00, 0x07fe0009, 0x0000fe00, 0x07fe0009, 0x0000fe00,
    0x07fe0009, 0x0000fe00, 0x07fe0009, 0x0000fe00, 0x07fe0009, 0x0000fe00, 0x07fe0009, 0x0000fe00,
    0x07fe000a, 0x00000001, 0x07fe000a, 0x00000001, 0x07fe000a, 0x00000001, 0x07fe000a, 0x00000001,
    0x07fe000c, 0xfe000001, 0x07fe000c, 0xfe000001, 0x07fe000d, 0x00010001, 0x07fe000d, 0x03ff0001,
    0x07fe000a, 0x000003ff, 0x07fe000a, 0x000003ff, 0x07fe000a, 0x000003ff, 0x07fe000a, 0x000003ff,
    0x07fe000c, 0xfe0003ff, 0x07fe000c, 0xfe0003ff, 0x07fe000d, 0x000103ff, 0x07fe000d, 0x03ff03ff,
    0x14010007, 0x00000000, 0x1401000d, 0x00007c1f, 0x14010007, 0x00000000, 0x14010007, 0x00000000,
    0x14010007, 0x00000000, 0x14010007, 0x00000000, 0x14010007, 0x00000000, 0x14010007, 0x00000000,
    0x14010007, 0x00000000, 0x14010007, 0x00000000, 0x1401000d, 0x00000003, 0x1401000d, 0x000003fd,
    0x1401000d, 0x00001001, 0x1401000d, 0x000013ff, 0x1401000d, 0x00000c01, 0x1401000d, 0x00000fff,
    0x1401000c, 0x00000002, 0x1401000c, 0x00000002, 0x1401000c, 0x000003fe, 0x1401000c, 0x000003fe,
    0x1401000c, 0x00000801, 0x1401000c, 0x00000801, 0x1401000c, 0x00000bff, 0x1401000c, 0x00000bff,
    0x1401000b, 0x00000401, 0x1401000b, 0x00000401, 0x1401000d, 0xfe000401, 0x1401000b, 0x00000401,
    0x1401000b, 0x000007ff, 0x1401000b, 0x000007ff, 0x1401000d, 0xfe0007ff, 0x1401000b, 0x000007ff,
    0x14010009, 0x0000fe00, 0x14010009, 0x0000fe00, 0x14010009, 0x0000fe00, 0x14010009, 0x0000fe00,
    0x14010009, 0x0000fe00, 0x14010009, 0x0000fe00, 0x14010009, 0x0000fe00, 0x14010009, 0x0000fe00,
    0x14010009, 0x0000fe00, 0x14010009, 0x0000fe00, 0x14010009, 0x0000fe00, 0x14010009, 0x0000fe00,
    0x14010009, 0x0000fe00, 0x14010009, 0x0000fe00, 0x14010009, 0x0000fe00, 0x14010009, 0x0000fe00,
    0x1401000a, 0x00000001, 0x1401000a, 0x00000001, 0x1401000a, 0x00000001, 0x1401000a, 0x00000001,
    0x1401000c, 0xfe000001, 0x1401000c, 0xfe000001, 0x1401000d, 0x00010001, 0x1401000d, 0x03ff0001,
    0x1401000a, 0x000003ff, 0x1401000a, 0x000003ff, 0x1401000a, 0x000003ff, 0x1401000a, 0x000003ff,
    0x1401000c, 0xfe0003ff, 0x1401000c, 0xfe0003ff, 0x1401000d, 0x000103ff, 0x1401000d, 0x03ff03ff,
    0x17ff0007, 0x00000000, 0x17ff000d, 0x00007c1f, 0x17ff0007, 0x00000000, 0x17ff0007, 0x00000000,
    0x17ff0007, 0x00000000, 0x17ff0007, 0x00000000, 0x17ff0007, 0x00000000, 0x17ff0007, 0x00000000,
    0x17ff0007, 0x00000000, 0x17ff0007, 0x00000000, 0x17ff000d, 0x00000003, 0x17ff000d, 0x000003fd,
    0x17ff000d, 0x00001001, 0x17ff000d, 0x000013ff, 0x17ff000d, 0x00000c01, 0x17ff000d, 0x00000fff,
    0x17ff000c, 0x00000002, 0x17ff000c, 0x00000002, 0x17ff000c, 0x000003fe, 0x17ff000c, 0x000003fe,
    0x17ff000c, 0x00000801, 0x17ff000c, 0x00000801, 0x17ff000c, 0x00000bff, 0x17ff000c, 0x00000bff,
    0x17ff000b, 0x00000401, 0x17ff000b, 0x00000401, 0x17ff000d, 0xfe000401, 0x17ff000b, 0x00000401,
    0x17ff000b, 0x000007ff, 0x17ff000b, 0x000007ff, 0x17ff000d, 0xfe0007ff, 0x17ff000b, 0x000007ff,
    0x17ff0009, 0x0000fe00, 0x17ff0009, 0x0000fe00, 0x17ff0009, 0x0000fe00, 0x17ff0009, 0x0000fe00,
    0x17ff0009, 0x0000fe00, 0x17ff0009, 0x0000fe00, 0x17ff0009, 0x0000fe00, 0x17ff0009, 0x0000fe00,
    0x17ff0009, 0x0000fe00, 0x17ff0009, 0x0000fe00, 0x17ff0009, 0x0000fe00, 0x17ff0009, 0x0000fe00,
    0x17ff0009, 0x0000fe00, 0x17ff0009, 0x0000fe00, 0x17ff0009, 0x0000fe00, 0x17ff0009, 0x0000fe00,
    0x17ff000a, 0x00000001, 0x17ff000a, 0x00000001, 0x17ff000a, 0x00000001, 0x17ff000a, 0x00000001,
    0x17ff000c, 0xfe000001, 0x17ff000c, 0xfe000001, 0x17ff000d, 0x00010001, 0x17ff000d, 0x03ff0001,
    0x17ff000a, 0x000003ff, 0x17ff000a, 0x000003ff, 0x17ff000a, 0x000003ff, 0x17ff000a, 0x000003ff,
    0x17ff000c, 0xfe0003ff, 0x17ff000c, 0xfe0003ff, 0x17ff000d, 0x000103ff, 0x17ff000d, 0x03ff03ff,
    0x34010009, 0x00000000, 0x34010009, 0x00000000, 0x34010009, 0x00000000, 0x34010009, 0x00000000,
    0x34010009, 0x00000000, 0x34010009, 0x00000000, 0x3401000d, 0x00000401, 0x3401000d, 0x000007ff,
    0x3401000b, 0x0000fe00, 0x3401000b, 0x0000fe00, 0x3401000b, 0x0000fe00, 0x3401000b, 0x0000fe00,
    0x3401000c, 0x00000001, 0x3401000c, 0x00000001, 0x3401000c, 0x000003ff, 0x3401000c, 0x000003ff,
    0x37ff0009, 0x00000000, 0x37ff0009, 0x00000000, 0x37ff0009, 0x00000000, 0x37ff0009, 0x00000000,
    0x37ff0009, 0x00000000, 0x37ff0009, 0x00000000, 0x37ff000d, 0x00000401, 0x37ff000d, 0x000007ff,
    0x37ff000b, 0x0000fe00, 0x37ff000b, 0x0000fe00, 0x37ff000b, 0x0000fe00, 0x37ff000b, 0x0000fe00,
    0x37ff000c, 0x00000001, 0x37ff000c, 0x00000001, 0x37ff000c, 0x000003ff, 0x37ff000c, 0x000003ff,
    0x00060009, 0x00000000, 0x00060009, 0x00000000, 0x00060009, 0x00000000, 0x00060009, 0x00000000,
    0x00060009, 0x00000000, 0x00060009, 0x00000000, 0x0006000d, 0x00000401, 0x0006000d, 0x000007ff,
    0x0006000b, 0x0000fe00, 0x0006000b, 0x0000fe00, 0x0006000b, 0x0000fe00, 0x0006000b, 0x0000fe00,
    0x0006000c, 0x00000001, 0x0006000c, 0x00000001, 0x0006000c, 0x000003ff, 0x0006000c, 0x000003ff,
    0x03fa0009, 0x00000000, 0x03fa0009, 0x00000000, 0x03fa0009, 0x00000000, 0x03fa0009, 0x00000000,
    0x03fa0009, 0x00000000, 0x03fa0009, 0x00000000, 0x03fa000d, 0x00000401, 0x03fa000d, 0x000007ff,
    0x03fa000b, 0x0000fe00, 0x03fa000b, 0x0000fe00, 0x03fa000b, 0x0000fe00, 0x03fa000b, 0x0000fe00,
    0x03fa000c, 0x00000001, 0x03fa000c, 0x00000001, 0x03fa000c, 0x000003ff, 0x03fa000c, 0x000003ff,
    0x30010009, 0x00000000, 0x30010009, 0x00000000, 0x30010009, 0x00000000, 0x30010009, 0x00000000,
    0x30010009, 0x00000000, 0x30010009, 0x00000000, 0x3001000d, 0x00000401, 0x3001000d, 0x000007ff,
    0x3001000b, 0x0000fe00, 0x3001000b, 0x0000fe00, 0x3001000b, 0x0000fe00, 0x3001000b, 0x0000fe00,
    0x3001000c, 0x00000001, 0x3001000c, 0x00000001, 0x3001000c, 0x000003ff, 0x3001000c, 0x000003ff,
    0x33ff0009, 0x00000000, 0x33ff0009, 0x00000000, 0x33ff0009, 0x00000000, 0x33ff0009, 0x00000000,
    0x33ff0009, 0x00000000, 0x33ff0009, 0x00000000, 0x33ff000d, 0x00000401, 0x33ff000d, 0x000007ff,
    0x33ff000b, 0x0000fe00, 0x33ff000b, 0x0000fe00, 0x33ff000b, 0x0000fe00, 0x33ff000b, 0x0000fe00,
    0x33ff000c, 0x00000001, 0x33ff000c, 0x00000001, 0x33ff000c, 0x000003ff, 0x33ff000c, 0x000003ff,
    0x2c010009, 0x00000000, 0x2c010009, 0x00000000, 0x2c010009, 0x00000000, 0x2c010009, 0x00000000,
    0x2c010009, 0x00000000, 0x2c010009, 0x00000000, 0x2c01000d, 0x00000401, 0x2c01000d, 0x000007ff,
    0x2c01000b, 0x0000fe00, 0x2c01000b, 0x0000fe00, 0x2c01000b, 0x0000fe00, 0x2c01000b, 0x0000fe00,
    0x2c01000c, 0x00000001, 0x2c01000c, 0x00000001, 0x2c01000c, 0x000003ff, 0x2c01000c, 0x000003ff,
    0x2fff0009, 0x00000000, 0x2fff0009, 0x00000000, 0x2fff0009, 0x00000000, 0x2fff0009, 0x00000000,
    0x2fff0009, 0x00000000, 0x2fff0009, 0x00000000, 0x2fff000d, 0x00000401, 0x2fff000d, 0x000007ff,
    0x2fff000b, 0x0000fe00, 0x2fff000b, 0x0000fe00, 0x2fff000b, 0x0000fe00, 0x2fff000b, 0x0000fe00,
    0x2fff000c, 0x00000001, 0x2fff000c, 0x00000001, 0x2fff000c, 0x000003ff, 0x2fff000c, 0x000003ff,
    0x0c020009, 0x00000000, 0x0c020009, 0x00000000, 0x0c020009, 0x00000000, 0x0c020009, 0x00000000,
    0x0c020009, 0x00000000, 0x0c020009, 0x00000000, 0x0c02000d, 0x00000401, 0x0c02000d, 0x000007ff,
    0x0c02000b, 0x0000fe00, 0x0c02000b, 0x0000fe00, 0x0c02000b, 0x0000fe00, 0x0c02000b, 0x0000fe00,
    0x0c02000c, 0x00000001, 0x0c02000c, 0x00000001, 0x0c02000c, 0x000003ff, 0x0c02000c, 0x000003ff,
    0x0ffe0009, 0x00000000, 0x0ffe0009, 0x00000000, 0x0ffe0009, 0x00000000, 0x0ffe0009, 0x00000000,
    0x0ffe0009, 0x00000000, 0x0ffe0009, 0x00000000, 0x0ffe000d, 0x00000401, 0x0ffe000d, 0x000007ff,
    0x0ffe000b, 0x0000fe00, 0x0ffe000b, 0x0000fe00, 0x0ffe000b, 0x0000fe00, 0x0ffe000b, 0x0000fe00,
    0x0ffe000c, 0x00000001, 0x0ffe000c, 0x00000001, 0x0ffe000c, 0x000003ff, 0x0ffe000c, 0x000003ff,
    0x04030009, 0x00000000, 0x04030009, 0x00000000, 0x04030009, 0x00000000, 0x04030009, 0x00000000,
    0x04030009, 0x00000000, 0x04030009, 0x00000000, 0x0403000d, 0x00000401, 0x0403000d, 0x000007ff,
    0x0403000b, 0x0000fe00, 0x0403000b, 0x0000fe00, 0x0403000b, 0x0000fe00, 0x0403000b, 0x0000fe00,
    0x0403000c, 0x00000001, 0x0403000c, 0x00000001, 0x0403000c, 0x000003ff, 0x0403000c, 0x000003ff,
    0x07fd0009, 0x00000000, 0x07fd0009, 0x00000000, 0x07fd0009, 0x00000000, 0x07fd0009, 0x00000000,
    0x07fd0009, 0x00000000, 0x07fd0009, 0x00000000, 0x07fd000d, 0x00000401, 0x07fd000d, 0x000007ff,
    0x07fd000b, 0x0000fe00, 0x07fd000b, 0x0000fe00, 0x07fd000b, 0x0000fe00, 0x07fd000b, 0x0000fe00,
    0x07fd000c, 0x00000001, 0x07fd000c, 0x00000001, 0x07fd000c, 0x000003ff, 0x07fd000c, 0x000003ff,
    0x00050009, 0x00000000, 0x00050009, 0x00000000, 0x00050009, 0x00000000, 0x00050009, 0x00000000,
    0x00050009, 0x00000000, 0x00050009, 0x00000000, 0x0005000d, 0x00000401, 0x0005000d, 0x000007ff,
    0x0005000b, 0x0000fe00, 0x0005000b, 0x0000fe00, 0x0005000b, 0x0000fe00, 0x0005000b, 0x0000fe00,
    0x0005000c, 0x00000001, 0x0005000c, 0x00000001, 0x0005000c, 0x000003ff, 0x0005000c, 0x000003ff,
    0x03fb0009, 0x00000000, 0x03fb0009, 0x00000000, 0x03fb0009, 0x00000000, 0x03fb0009, 0x00000000,
    0x03fb0009, 0x00000000, 0x03fb0009, 0x00000000, 0x03fb000d, 0x00000401, 0x03fb000d, 0x000007ff,
    0x03fb000b, 0x0000fe00, 0x03fb000b, 0x0000fe00, 0x03fb000b, 0x0000fe00, 0x03fb000b, 0x0000fe00,
    0x03fb000c, 0x00000001, 0x03fb000c, 0x00000001, 0x03fb000c, 0x000003ff, 0x03fb000c, 0x000003ff,
    0x28010009, 0x00000000, 0x28010009, 0x00000000, 0x28010009, 0x00000000, 0x28010009, 0x00000000,
    0x28010009, 0x00000000, 0x28010009, 0x00000000, 0x2801000d, 0x00000401, 0x2801000d, 0x000007ff,
    0x2801000b, 0x0000fe00, 0x2801000b, 0x0000fe00, 0x2801000b, 0x0000fe00, 0x2801000b, 0x0000fe00,
    0x2801000c, 0x00000001, 0x2801000c, 0x00000001, 0x2801000c, 0x000003ff, 0x2801000c, 0x000003ff,
    0x2bff0009, 0x00000000, 0x2bff0009, 0x00000000, 0x2bff0009, 0x00000000, 0x2bff0009, 0x00000000,
    0x2bff0009, 0x00000000, 0x2bff0009, 0x00000000, 0x2bff000d, 0x00000401, 0x2bff000d, 0x000007ff,
    0x2bff000b, 0x0000fe00, 0x2bff000b, 0x0000fe00, 0x2bff000b, 0x0000fe00, 0x2bff000b, 0x0000fe00,
    0x2bff000c, 0x00000001, 0x2bff000c, 0x00000001, 0x2bff000c, 0x000003ff, 0x2bff000c, 0x000003ff,
    0x00030006, 0x00000000, 0x00030006, 0x00000000, 0x0003000c, 0x00007c1f, 0x0003000c, 0x00007c1f,
    0x00030006, 0x00000000, 0x00030006, 0x00000000, 0x00030006, 0x00000000, 0x00030006, 0x00000000,
    0x0003000d, 0x00001c01, 0x0003000d, 0x00001fff, 0x0003000d, 0x00001801, 0x0003000d, 0x00001bff,
    0x0003000d, 0x00000402, 0x0003000d, 0x000007fe, 0x0003000d, 0x00001401, 0x0003000d, 0x000017ff,
    0x00030006, 0x00000000, 0x00030006, 0x00000000, 0x00030006, 0x00000000, 0x00030006, 0x00000000,
    0x0003000c, 0x00000003, 0x0003000c, 0x00000003, 0x0003000c, 0x000003fd, 0x0003000c, 0x000003fd,
    0x0003000c, 0x00001001, 0x0003000c, 0x00001001, 0x0003000c, 0x000013ff, 0x0003000c, 0x000013ff,
    0x0003000c, 0x00000c01, 0x0003000c, 0x00000c01, 0x0003000c, 0x00000fff, 0x0003000c, 0x00000fff,
    0x0003000b, 0x00000002, 0x0003000b, 0x00000002, 0x0003000d, 0xfe000002, 0x0003000b, 0x00000002,
    0x0003000b, 0x000003fe, 0x0003000b, 0x000003fe, 0x0003000d, 0xfe0003fe, 0x0003000b, 0x000003fe,
    0x0003000b, 0x00000801, 0x0003000b, 0x00000801, 0x0003000d, 0xfe000801, 0x0003000b, 0x00000801,
    0x0003000b, 0x00000bff, 0x0003000b, 0x00000bff, 0x0003000d, 0xfe000bff, 0x0003000b, 0x00000bff,
    0x0003000a, 0x00000401, 0x0003000a, 0x00000401, 0x0003000a, 0x00000401, 0x0003000a, 0x00000401,
    0x0003000c, 0xfe000401, 0x0003000c, 0xfe000401, 0x0003000d, 0x00010401, 0x0003000d, 0x03ff0401,
    0x0003000a, 0x000007ff, 0x0003000a, 0x000007ff, 0x0003000a, 0x000007ff, 0x0003000a, 0x000007ff,
    0x0003000c, 0xfe0007ff, 0x0003000c, 0xfe0007ff, 0x0003000d, 0x000107ff, 0x0003000d, 0x03ff07ff,
    0x00030008, 0x0000fe00, 0x00030008, 0x0000fe00, 0x00030008, 0x0000fe00, 0x00030008, 0x0000fe00,
    0x00030008, 0x0000fe00, 0x00030008, 0x0000fe00, 0x00030008, 0x0000fe00, 0x00030008, 0x0000fe00,
    0x00030008, 0x0000fe00, 0x00030008, 0x0000fe00, 0x00030008, 0x0000fe00, 0x00030008, 0x0000fe00,
    0x00030008, 0x0000fe00, 0x00030008, 0x0000fe00, 0x00030008, 0x0000fe00, 0x00030008, 0x0000fe00,
    0x00030008, 0x0000fe00, 0x00030008, 0x0000fe00, 0x00030008, 0x0000fe00, 0x00030008, 0x0000fe00,
    0x00030008, 0x0000fe00, 0x00030008, 0x0000fe00, 0x00030008, 0x0000fe00, 0x00030008, 0x0000fe00,
    0x00030008, 0x0000fe00, 0x00030008, 0x0000fe00, 0x00030008, 0x0000fe00, 0x00030008, 0x0000fe00,
    0x00030008, 0x0000fe00, 0x00030008, 0x0000fe00, 0x00030008, 0x0000fe00, 0x00030008, 0x0000fe00,
    0x00030009, 0x00000001, 0x00030009, 0x00000001, 0x00030009, 0x00000001, 0x00030009, 0x00000001,
    0x00030009, 0x00000001, 0x00030009, 0x00000001, 0x0003000d, 0x04010001, 0x0003000d, 0x07ff0001,
    0x0003000b, 0xfe000001, 0x0003000b, 0xfe000001, 0x0003000b, 0xfe000001, 0x0003000b, 0xfe000001,
    0x0003000c, 0x00010001, 0x0003000c, 0x00010001, 0x0003000c, 0x03ff0001, 0x0003000c, 0x03ff0001,
    0x00030009, 0x000003ff, 0x00030009, 0x000003ff, 0x00030009, 0x000003ff, 0x00030009, 0x000003ff,
    0x00030009, 0x000003ff, 0x00030009, 0x000003ff, 0x0003000d, 0x040103ff, 0x0003000d, 0x07ff03ff,
    0x0003000b, 0xfe0003ff, 0x0003000b, 0xfe0003ff, 0x0003000b, 0xfe0003ff, 0x0003000b, 0xfe0003ff,
    0x0003000c, 0x000103ff, 0x0003000c, 0x000103ff, 0x0003000c, 0x03ff03ff, 0x0003000c, 0x03ff03ff,
    0x03fd0006, 0x00000000, 0x03fd0006, 0x00000000, 0x03fd000c, 0x00007c1f, 0x03fd000c, 0x00007c1f,
    0x03fd0006, 0x00000000, 0x03fd0006, 0x00000000, 0x03fd0006, 0x00000000, 0x03fd0006, 0x00000000,
    0x03fd000d, 0x00001c01, 0x03fd000d, 0x00001fff, 0x03fd000d, 0x00001801, 0x03fd000d, 0x00001bff,
    0x03fd000d, 0x00000402, 0x03fd000d, 0x000007fe, 0x03fd000d, 0x00001401, 0x03fd000d, 0x000017ff,
    0x03fd0006, 0x00000000, 0x03fd0006, 0x00000000, 0x03fd0006, 0x00000000, 0x03fd0006, 0x00000000,
    0x03fd000c, 0x00000003, 0x03fd000c, 0x00000003, 0x03fd000c, 0x000003fd, 0x03fd000c, 0x000003fd,
    0x03fd000c, 0x00001001, 0x03fd000c, 0x00001001, 0x03fd000c, 0x000013ff, 0x03fd000c, 0x000013ff,
    0x03fd000c, 0x00000c01, 0x03fd000c, 0x00000c01, 0x03fd000c, 0x00000fff, 0x03fd000c, 0x00000fff,
    0x03fd000b, 0x00000002, 0x03fd000b, 0x00000002, 0x03fd000d, 0xfe000002, 0x03fd000b, 0x00000002,
    0x03fd000b, 0x000003fe, 0x03fd000b, 0x000003fe, 0x03fd000d, 0xfe0003fe, 0x03fd000b, 0x000003fe,
    0x03fd000b, 0x00000801, 0x03fd000b, 0x00000801, 0x03fd000d, 0xfe000801, 0x03fd000b, 0x00000801,
    0x03fd000b, 0x00000bff, 0x03fd000b, 0x00000bff, 0x03fd000d, 0xfe000bff, 0x03fd000b, 0x00000bff,
    0x03fd000a, 0x00000401, 0x03fd000a, 0x00000401, 0x03fd000a, 0x00000401, 0x03fd000a, 0x00000401,
    0x03fd000c, 0xfe000401, 0x03fd000c, 0xfe000401, 0x03fd000d, 0x00010401, 0x03fd000d, 0x03ff0401,
    0x03fd000a, 0x000007ff, 0x03fd000a, 0x000007ff, 0x03fd000a, 0x000007ff, 0x03fd000a, 0x000007ff,
    0x03fd000c, 0xfe0007ff, 0x03fd000c, 0xfe0007ff, 0x03fd000d, 0x000107ff, 0x03fd000d, 0x03ff07ff,
    0x03fd0008, 0x0000fe00, 0x03fd0008, 0x0000fe00, 0x03fd0008, 0x0000fe00, 0x03fd0008, 0x0000fe00,
    0x03fd0008, 0x0000fe00, 0x03fd0008, 0x0000fe00, 0x03fd0008, 0x0000fe00, 0x03fd0008, 0x0000fe00,
    0x03fd0008, 0x0000fe00, 0x03fd0008, 0x0000fe00, 0x03fd0008, 0x0000fe00, 0x03fd0008, 0x0000fe00,
    0x03fd0008, 0x0000fe00, 0x03fd0008, 0x0000fe00, 0x03fd0008, 0x0000fe00, 0x03fd0008, 0x0000fe00,
    0x03fd0008, 0x0000fe00, 0x03fd0008, 0x0000fe00, 0x03fd0008, 0x0000fe00, 0x03fd0008, 0x0000fe00,
    0x03fd0008, 0x0000fe00, 0x03fd0008, 0x0000fe00, 0x03fd0008, 0x0000fe00, 0x03fd0008, 0x0000fe00,
    0x03fd0008, 0x0000fe00, 0x03fd0008, 0x0000fe00, 0x03fd0008, 0x0000fe00, 0x03fd0008, 0x0000fe00,
    0x03fd0008, 0x0000fe00, 0x03fd0008, 0x0000fe00, 0x03fd0008, 0x0000fe00, 0x03fd0008, 0x0000fe00,
    0x03fd0009, 0x00000001, 0x03fd0009, 0x00000001, 0x03fd0009, 0x00000001, 0x03fd0009, 0x00000001,
    0x03fd0009, 0x00000001, 0x03fd0009, 0x00000001, 0x03fd000d, 0x04010001, 0x03fd000d, 0x07ff0001,
    0x03fd000b, 0xfe000001, 0x03fd000b, 0xfe000001, 0x03fd000b, 0xfe000001, 0x03fd000b, 0xfe000001,
    0x03fd000c, 0x00010001, 0x03fd000c, 0x00010001, 0x03fd000c, 0x03ff0001, 0x03fd000c, 0x03ff0001,
    0x03fd0009, 0x000003ff, 0x03fd0009, 0x000003ff, 0x03fd0009, 0x000003ff, 0x03fd0009, 0x000003ff,
    0x03fd0009, 0x000003ff, 0x03fd0009, 0x000003ff, 0x03fd000d, 0x040103ff, 0x03fd000d, 0x07ff03ff,
    0x03fd000b, 0xfe0003ff, 0x03fd000b, 0xfe0003ff, 0x03fd000b, 0xfe0003ff, 0x03fd000b, 0xfe0003ff,
    0x03fd000c, 0x000103ff, 0x03fd000c, 0x000103ff, 0x03fd000c, 0x03ff03ff, 0x03fd000c, 0x03ff03ff,
    0x10010006, 0x00000000, 0x10010006, 0x00000000, 0x1001000c, 0x00007c1f, 0x1001000c, 0x00007c1f,
    0x10010006, 0x00000000, 0x10010006, 0x00000000, 0x10010006, 0x00000000, 0x10010006, 0x00000000,
    0x1001000d, 0x00001c01, 0x1001000d, 0x00001fff, 0x1001000d, 0x00001801, 0x1001000d, 0x00001bff,
    0x1001000d, 0x00000402, 0x1001000d, 0x000007fe, 0x1001000d, 0x00001401, 0x1001000d, 0x000017ff,
    0x10010006, 0x00000000, 0x10010006, 0x00000000, 0x10010006, 0x00000000, 0x10010006, 0x00000000,
    0x1001000c, 0x00000003, 0x1001000c, 0x00000003, 0x1001000c, 0x000003fd, 0x1001000c, 0x000003fd,
    0x1001000c, 0x00001001, 0x1001000c, 0x00001001, 0x1001000c, 0x000013ff, 0x1001000c, 0x000013ff,
    0x1001000c, 0x00000c01, 0x1001000c, 0x00000c01, 0x1001000c, 0x00000fff, 0x1001000c, 0x00000fff,
    0x1001000b, 0x00000002, 0x1001000b, 0x00000002, 0x1001000d, 0xfe000002, 0x1001000b, 0x00000002,
    0x1001000b, 0x000003fe, 0x1001000b, 0x000003fe, 0x1001000d, 0xfe0003fe, 0x1001000b, 0x000003fe,
    0x1001000b, 0x00000801, 0x1001000b, 0x00000801, 0x1001000d, 0xfe000801, 0x1001000b, 0x00000801,
    0x1001000b, 0x00000bff, 0x1001000b, 0x00000bff, 0x1001000d, 0xfe000bff, 0x1001000b, 0x00000bff,
    0x1001000a, 0x00000401, 0x1001000a, 0x00000401, 0x1001000a, 0x00000401, 0x1001000a, 0x00000401,
    0x1001000c, 0xfe000401, 0x1001000c, 0xfe000401, 0x1001000d, 0x00010401, 0x1001000d, 0x03ff0401,
    0x1001000a, 0x000007ff, 0x1001000a, 0x000007ff, 0x1001000a, 0x000007ff, 0x1001000a, 0x000007ff,
    0x1001000c, 0xfe0007ff, 0x1001000c, 0xfe0007ff, 0x1001000d, 0x000107ff, 0x1001000d, 0x03ff07ff,
    0x10010008, 0x0000fe00, 0x10010008, 0x0000fe00, 0x10010008, 0x0000fe00, 0x10010008, 0x0000fe00,
    0x10010008, 0x0000fe00, 0x10010008, 0x0000fe00, 0x10010008, 0x0000fe00, 0x10010008, 0x0000fe00,
    0x10010008, 0x0000fe00, 0x10010008, 0x0000fe00, 0x10010008, 0x0000fe00, 0x10010008, 0x0000fe00,
    0x10010008, 0x0000fe00, 0x10010008, 0x0000fe00, 0x10010008, 0x0000fe00, 0x10010008, 0x0000fe00,
    0x10010008, 0x0000fe00, 0x10010008, 0x0000fe00, 0x10010008, 0x0000fe00, 0x10010008, 0x0000fe00,
    0x10010008, 0x0000fe00, 0x10010008, 0x0000fe00, 0x10010008, 0x0000fe00, 0x10010008, 0x0000fe00,
    0x10010008, 0x0000fe00, 0x10010008, 0x0000fe00, 0x10010008, 0x0000fe00, 0x10010008, 0x0000fe00,
    0x10010008, 0x0000fe00, 0x10010008, 0x0000fe00, 0x10010008, 0x0000fe00, 0x10010008, 0x0000fe00,
    0x10010009, 0x00000001, 0x10010009, 0x00000001, 0x10010009, 0x00000001, 0x10010009, 0x00000001,
    0x10010009, 0x00000001, 0x10010009, 0x00000001, 0x1001000d, 0x04010001, 0x1001000d, 0x07ff0001,
    0x1001000b, 0xfe000001, 0x1001000b, 0xfe000001, 0x1001000b, 0xfe000001, 0x1001000b, 0xfe000001,
    0x1001000c, 0x00010001, 0x1001000c, 0x00010001, 0x1001000c, 0x03ff0001, 0x1001000c, 0x03ff0001,
    0x10010009, 0x000003ff, 0x10010009, 0x000003ff, 0x10010009, 0x000003ff, 0x10010009, 0x000003ff,
    0x10010009, 0x000003ff, 0x10010009, 0x000003ff, 0x1001000d, 0x040103ff, 0x1001000d, 0x07ff03ff,
    0x1001000b, 0xfe0003ff, 0x1001000b, 0xfe0003ff, 0x1001000b, 0xfe0003ff, 0x1001000b, 0xfe0003ff,
    0x1001000c, 0x000103ff, 0x1001000c, 0x000103ff, 0x1001000c, 0x03ff03ff, 0x1001000c, 0x03ff03ff,
    0x13ff0006, 0x00000000, 0x13ff0006, 0x00000000, 0x13ff000c, 0x00007c1f, 0x13ff000c, 0x00007c1f,
    0x13ff0006, 0x00000000, 0x13ff0006, 0x00000000, 0x13ff0006, 0x00000000, 0x13ff0006, 0x00000000,
    0x13ff000d, 0x00001c01, 0x13ff000d, 0x00001fff, 0x13ff000d, 0x00001801, 0x13ff000d, 0x00001bff,
    0x13ff000d, 0x00000402, 0x13ff000d, 0x000007fe, 0x13ff000d, 0x00001401, 0x13ff000d, 0x000017ff,
    0x13ff0006, 0x00000000, 0x13ff0006, 0x00000000, 0x13ff0006, 0x00000000, 0x13ff0006, 0x00000000,
    0x13ff000c, 0x00000003, 0x13ff000c, 0x00000003, 0x13ff000c, 0x000003fd, 0x13ff000c, 0x000003fd,
    0x13ff000c, 0x00001001, 0x13ff000c, 0x00001001, 0x13ff000c, 0x000013ff, 0x13ff000c, 0x000013ff,
    0x13ff000c, 0x00000c01, 0x13ff000c, 0x00000c01, 0x13ff000c, 0x00000fff, 0x13ff000c, 0x00000fff,
    0x13ff000b, 0x00000002, 0x13ff000b, 0x00000002, 0x13ff000d, 0xfe000002, 0x13ff000b, 0x00000002,
    0x13ff000b, 0x000003fe, 0x13ff000b, 0x000003fe, 0x13ff000d, 0xfe0003fe, 0x13ff000b, 0x000003fe,
    0x13ff000b, 0x00000801, 0x13ff000b, 0x00000801, 0x13ff000d, 0xfe000801, 0x13ff000b, 0x00000801,
    0x13ff000b, 0x00000bff, 0x13ff000b, 0x00000bff, 0x13ff000d, 0xfe000bff, 0x13ff000b, 0x00000bff,
    0x13ff000a, 0x00000401, 0x13ff000a, 0x00000401, 0x13ff000a, 0x00000401, 0x13ff000a, 0x00000401,
    0x13ff000c, 0xfe000401, 0x13ff000c, 0xfe000401, 0x13ff000d, 0x00010401, 0x13ff000d, 0x03ff0401,
    0x13ff000a, 0x000007ff, 0x13ff000a, 0x000007ff, 0x13ff000a, 0x000007ff, 0x13ff000a, 0x000007ff,
    0x13ff000c, 0xfe0007ff, 0x13ff000c, 0xfe0007ff, 0x13ff000d, 0x000107ff, 0x13ff000d, 0x03ff07ff,
    0x13ff0008, 0x0000fe00, 0x13ff0008, 0x0000fe00, 0x13ff0008, 0x0000fe00, 0x13ff0008, 0x0000fe00,
    0x13ff0008, 0x0000fe00, 0x13ff0008, 0x0000fe00, 0x13ff0008, 0x0000fe00, 0x13ff0008, 0x0000fe00,
    0x13ff0008, 0x0000fe00, 0x13ff0008, 0x0000fe00, 0x13ff0008, 0x0000fe00, 0x13ff0008, 0x0000fe00,
    0x13ff0008, 0x0000fe00, 0x13ff0008, 0x0000fe00, 0x13ff0008, 0x0000fe00, 0x13ff0008, 0x0000fe00,
    0x13ff0008, 0x0000fe00, 0x13ff0008, 0x0000fe00, 0x13ff0008, 0x0000fe00, 0x13ff0008, 0x0000fe00,
    0x13ff0008, 0x0000fe00, 0x13ff0008, 0x0000fe00, 0x13ff0008, 0x0000fe00, 0x13ff0008, 0x0000fe00,
    0x13ff0008, 0x0000fe00, 0x13ff0008, 0x0000fe00, 0x13ff0008, 0x0000fe00, 0x13ff0008, 0x0000fe00,
    0x13ff0008, 0x0000fe00, 0x13ff0008, 0x0000fe00, 0x13ff0008, 0x0000fe00, 0x13ff0008, 0x0000fe00,
    0x13ff0009, 0x00000001, 0x13ff0009, 0x00000001, 0x13ff0009, 0x00000001, 0x13ff0009, 0x00000001,
    0x13ff0009, 0x00000001, 0x13ff0009, 0x00000001, 0x13ff000d, 0x04010001, 0x13ff000d, 0x07ff0001,
    0x13ff000b, 0xfe000001, 0x13ff000b, 0xfe000001, 0x13ff000b, 0xfe000001, 0x13ff000b, 0xfe000001,
    0x13ff000c, 0x00010001, 0x13ff000c, 0x00010001, 0x13ff000c, 0x03ff0001, 0x13ff000c, 0x03ff0001,
    0x13ff0009, 0x000003ff, 0x13ff0009, 0x000003ff, 0x13ff0009, 0x000003ff, 0x13ff0009, 0x000003ff,
    0x13ff0009, 0x000003ff, 0x13ff0009, 0x000003ff, 0x13ff000d, 0x040103ff, 0x13ff000d, 0x07ff03ff,
    0x13ff000b, 0xfe0003ff, 0x13ff000b, 0xfe0003ff, 0x13ff000b, 0xfe0003ff, 0x13ff000b, 0xfe0003ff,
    0x13ff000c, 0x000103ff, 0x13ff000c, 0x000103ff, 0x13ff000c, 0x03ff03ff, 0x13ff000c, 0x03ff03ff,
    0x0c010006, 0x00000000, 0x0c010006, 0x00000000, 0x0c01000c, 0x00007c1f, 0x0c01000c, 0x00007c1f,
    0x0c010006, 0x00000000, 0x0c010006, 0x00000000, 0x0c010006, 0x00000000, 0x0c010006, 0x00000000,
    0x0c01000d, 0x00001c01, 0x0c01000d, 0x00001fff, 0x0c01000d, 0x00001801, 0x0c01000d, 0x00001bff,
    0x0c01000d, 0x00000402, 0x0c01000d, 0x000007fe, 0x0c01000d, 0x00001401, 0x0c01000d, 0x000017ff,
    0x0c010006, 0x00000000, 0x0c010006, 0x00000000, 0x0c010006, 0x00000000, 0x0c010006, 0x00000000,
    0x0c01000c, 0x00000003, 0x0c01000c, 0x00000003, 0x0c01000c, 0x000003fd, 0x0c01000c, 0x000003fd,
    0x0c01000c, 0x00001001, 0x0c01000c, 0x00001001, 0x0c01000c, 0x000013ff, 0x0c01000c, 0x000013ff,
    0x0c01000c, 0x00000c01, 0x0c01000c, 0x00000c01, 0x0c01000c, 0x00000fff, 0x0c01000c, 0x00000fff,
    0x0c01000b, 0x00000002, 0x0c01000b, 0x00000002, 0x0c01000d, 0xfe000002, 0x0c01000b, 0x00000002,
    0x0c01000b, 0x000003fe, 0x0c01000b, 0x000003fe, 0x0c01000d, 0xfe0003fe, 0x0c01000b, 0x000003fe,
    0x0c01000b, 0x00000801, 0x0c01000b, 0x00000801, 0x0c01000d, 0xfe000801, 0x0c01000b, 0x00000801,
    0x0c01000b, 0x00000bff, 0x0c01000b, 0x00000bff, 0x0c01000d, 0xfe000bff, 0x0c01000b, 0x00000bff,
    0x0c01000a, 0x00000401, 0x0c01000a, 0x00000401, 0x0c01000a, 0x00000401, 0x0c01000a, 0x00000401,
    0x0c01000c, 0xfe000401, 0x0c01000c, 0xfe000401, 0x0c01000d, 0x00010401, 0x0c01000d, 0x03ff0401,
    0x0c01000a, 0x000007ff, 0x0c01000a, 0x000007ff, 0x0c01000a, 0x000007ff, 0x0c01000a, 0x000007ff,
    0x0c01000c, 0xfe0007ff, 0x0c01000c, 0xfe0007ff, 0x0c01000d, 0x000107ff, 0x0c01000d, 0x03ff07ff,
    0x0c010008, 0x0000fe00, 0x0c010008, 0x0000fe00, 0x0c010008, 0x0000fe00, 0x0c010008, 0x0000fe00,
    0x0c010008, 0x0000fe00, 0x0c010008, 0x0000fe00, 0x0c010008, 0x0000fe00, 0x0c010008, 0x0000fe00,
    0x0c010008, 0x0000fe00, 0x0c010008, 0x0000fe00, 0x0c010008, 0x0000fe00, 0x0c010008, 0x0000fe00,
    0x0c010008, 0x0000fe00, 0x0c010008, 0x0000fe00, 0x0c010008, 0x0000fe00, 0x0c010008, 0x0000fe00,
    0x0c010008, 0x0000fe00, 0x0c010008, 0x0000fe00, 0x0c010008, 0x0000fe00, 0x0c010008, 0x0000fe00,
    0x0c010008, 0x0000fe00, 0x0c010008, 0x0000fe00, 0x0c010008, 0x0000fe00, 0x0c010008, 0x0000fe00,
    0x0c010008, 0x0000fe00, 0x0c010008, 0x0000fe00, 0x0c010008, 0x0000fe00, 0x0c010008, 0x0000fe00,
    0x0c010008, 0x0000fe00, 0x0c010008, 0x0000fe00, 0x0c010008, 0x0000fe00, 0x0c010008, 0x0000fe00,
    0x0c010009, 0x00000001, 0x0c010009, 0x00000001, 0x0c010009, 0x00000001, 0x0c010009, 0x00000001,
    0x0c010009, 0x00000001, 0x0c010009, 0x00000001, 0x0c01000d, 0x04010001, 0x0c01000d, 0x07ff0001,
    0x0c01000b, 0xfe000001, 0x0c01000b, 0xfe000001, 0x0c01000b, 0xfe000001, 0x0c01000b, 0xfe000001,
    0x0c01000c, 0x00010001, 0x0c01000c, 0x00010001, 0x0c01000c, 0x03ff0001, 0x0c01000c, 0x03ff0001,
    0x0c010009, 0x000003ff, 0x0c010009, 0x000003ff, 0x0c010009, 0x000003ff, 0x0c010009, 0x000003ff,
    0x0c010009, 0x000003ff, 0x0c010009, 0x000003ff, 0x0c01000d, 0x040103ff, 0x0c01000d, 0x07ff03ff,
    0x0c01000b, 0xfe0003ff, 0x0c01000b, 0xfe0003ff, 0x0c01000b, 0xfe0003ff, 0x0c01000b, 0xfe0003ff,
    0x0c01000c, 0x000103ff, 0x0c01000c, 0x000103ff, 0x0c01000c, 0x03ff03ff, 0x0c01000c, 0x03ff03ff,
    0x0fff0006, 0x00000000, 0x0fff0006, 0x00000000, 0x0fff000c, 0x00007c1f, 0x0fff000c, 0x00007c1f,
    0x0fff0006, 0x00000000, 0x0fff0006, 0x00000000, 0x0fff0006, 0x00000000, 0x0fff0006, 0x00000000,
    0x0fff000d, 0x00001c01, 0x0fff000d, 0x00001fff, 0x0fff000d, 0x00001801, 0x0fff000d, 0x00001bff,
    0x0fff000d, 0x00000402, 0x0fff000d, 0x000007fe, 0x0fff000d, 0x00001401, 0x0fff000d, 0x000017ff,
    0x0fff0006, 0x00000000, 0x0fff0006, 0x00000000, 0x0fff0006, 0x00000000, 0x0fff0006, 0x00000000,
    0x0fff000c, 0x00000003, 0x0fff000c, 0x00000003, 0x0fff000c, 0x000003fd, 0x0fff000c, 0x000003fd,
    0x0fff000c, 0x00001001, 0x0fff000c, 0x00001001, 0x0fff000c, 0x000013ff, 0x0fff000c, 0x000013ff,
    0x0fff000c, 0x00000c01, 0x0fff000c, 0x00000c01, 0x0fff000c, 0x00000fff, 0x0fff000c, 0x00000fff,
    0x0fff000b, 0x00000002, 0x0fff000b, 0x00000002, 0x0fff000d, 0xfe000002, 0x0fff000b, 0x00000002,
    0x0fff000b, 0x000003fe, 0x0fff000b, 0x000003fe, 0x0fff000d, 0xfe0003fe, 0x0fff000b, 0x000003fe,
    0x0fff000b, 0x00000801, 0x0fff000b, 0x00000801, 0x0fff000d, 0xfe000801, 0x0fff000b, 0x00000801,
    0x0fff000b, 0x00000bff, 0x0fff000b, 0x00000bff, 0x0fff000d, 0xfe000bff, 0x0fff000b, 0x00000bff,
    0x0fff000a, 0x00000401, 0x0fff000a, 0x00000401, 0x0fff000a, 0x00000401, 0x0fff000a, 0x00000401,
    0x0fff000c, 0xfe000401, 0x0fff000c, 0xfe000401, 0x0fff000d, 0x00010401, 0x0fff000d, 0x03ff0401,
    0x0fff000a, 0x000007ff, 0x0fff000a, 0x000007ff, 0x0fff000a, 0x000007ff, 0x0fff000a, 0x000007ff,
    0x0fff000c, 0xfe0007ff, 0x0fff000c, 0xfe0007ff, 0x0fff000d, 0x000107ff, 0x0fff000d, 0x03ff07ff,
    0x0fff0008, 0x0000fe00, 0x0fff0008, 0x0000fe00, 0x0fff0008, 0x0000fe00, 0x0fff0008, 0x0000fe00,
    0x0fff0008, 0x0000fe00, 0x0fff0008, 0x0000fe00, 0x0fff0008, 0x0000fe00, 0x0fff0008, 0x0000fe00,
    0x0fff0008, 0x0000fe00, 0x0fff0008, 0x0000fe00, 0x0fff0008, 0x0000fe00, 0x0fff0008, 0x0000fe00,
    0x0fff0008, 0x0000fe00, 0x0fff0008, 0x0000fe00, 0x0fff0008, 0x0000fe00, 0x0fff0008, 0x0000fe00,
    0x0fff0008, 0x0000fe00, 0x0fff0008, 0x0000fe00, 0x0fff0008, 0x0000fe00, 0x0fff0008, 0x0000fe00,
    0x0fff0008, 0x0000fe00, 0x0fff0008, 0x0000fe00, 0x0fff0008, 0x0000fe00, 0x0fff0008, 0x0000fe00,
    0x0fff0008, 0x0000fe00, 0x0fff0008, 0x0000fe00, 0x0fff0008, 0x0000fe00, 0x0fff0008, 0x0000fe00,
    0x0fff0008, 0x0000fe00, 0x0fff0008, 0x0000fe00, 0x0fff0008, 0x0000fe00, 0x0fff0008, 0x0000fe00,
    0x0fff0009, 0x00000001, 0x0fff0009, 0x00000001, 0x0fff0009, 0x00000001, 0x0fff0009, 0x00000001,
    0x0fff0009, 0x00000001, 0x0fff0009, 0x00000001, 0x0fff000d, 0x04010001, 0x0fff000d, 0x07ff0001,
    0x0fff000b, 0xfe000001, 0x0fff000b, 0xfe000001, 0x0fff000b, 0xfe000001, 0x0fff000b, 0xfe000001,
    0x0fff000c, 0x00010001, 0x0fff000c, 0x00010001, 0x0fff000c, 0x03ff0001, 0x0fff000c, 0x03ff0001,
    0x0fff0009, 0x000003ff, 0x0fff0009, 0x000003ff, 0x0fff0009, 0x000003ff, 0x0fff0009, 0x000003ff,
    0x0fff0009, 0x000003ff, 0x0fff0009, 0x000003ff, 0x0fff000d, 0x040103ff, 0x0fff000d, 0x07ff03ff,
    0x0fff000b, 0xfe0003ff, 0x0fff000b, 0xfe0003ff, 0x0fff000b, 0xfe0003ff, 0x0fff000b, 0xfe0003ff,
    0x0fff000c, 0x000103ff, 0x0fff000c, 0x000103ff, 0x0fff000c, 0x03ff03ff, 0x0fff000c, 0x03ff03ff,
    0x00020005, 0x00000000, 0x00020005, 0x00000000, 0x00020005, 0x00000000, 0x00020005, 0x00000000,
    0x0002000b, 0x00007c1f, 0x0002000b, 0x00007c1f, 0x0002000b, 0x00007c1f, 0x0002000b, 0x00007c1f,
    0x0002000d, 0x00000802, 0x0002000d, 0x00000bfe, 0x0002000d, 0x00002401, 0x0002000d, 0x000027ff,
    0x0002000d, 0x00000004, 0x0002000d, 0x000003fc, 0x0002000d, 0x00002001, 0x0002000d, 0x000023ff,
    0x0002000c, 0x00001c01, 0x0002000c, 0x00001c01, 0x0002000c, 0x00001fff, 0x0002000c, 0x00001fff,
    0x0002000c, 0x00001801, 0x0002000c, 0x00001801, 0x0002000c, 0x00001bff, 0x0002000c, 0x00001bff,
    0x0002000c, 0x00000402, 0x0002000c, 0x00000402, 0x0002000c, 0x000007fe, 0x0002000c, 0x000007fe,
    0x0002000c, 0x00001401, 0x0002000c, 0x00001401, 0x0002000c, 0x000017ff, 0x0002000c, 0x000017ff,
    0x00020005, 0x00000000, 0x00020005, 0x00000000, 0x00020005, 0x00000000, 0x00020005, 0x00000000,
    0x00020005, 0x00000000, 0x00020005, 0x00000000, 0x00020005, 0x00000000, 0x00020005, 0x00000000,
    0x0002000b, 0x00000003, 0x0002000b, 0x00000003, 0x0002000d, 0xfe000003, 0x0002000b, 0x00000003,
    0x0002000b, 0x000003fd, 0x0002000b, 0x000003fd, 0x0002000d, 0xfe0003fd, 0x0002000b, 0x000003fd,
    0x0002000b, 0x00001001, 0x0002000b, 0x00001001, 0x0002000d, 0xfe001001, 0x0002000b, 0x00001001,
    0x0002000b, 0x000013ff, 0x0002000b, 0x000013ff, 0x0002000d, 0xfe0013ff, 0x0002000b, 0x000013ff,
    0x0002000b, 0x00000c01, 0x0002000b, 0x00000c01, 0x0002000d, 0xfe000c01, 0x0002000b, 0x00000c01,
    0x0002000b, 0x00000fff, 0x0002000b, 0x00000fff, 0x0002000d, 0xfe000fff, 0x0002000b, 0x00000fff,
    0x0002000a, 0x00000002, 0x0002000a, 0x00000002, 0x0002000a, 0x00000002, 0x0002000a, 0x00000002,
    0x0002000c, 0xfe000002, 0x0002000c, 0xfe000002, 0x0002000d, 0x00010002, 0x0002000d, 0x03ff0002,
    0x0002000a, 0x000003fe, 0x0002000a, 0x000003fe, 0x0002000a, 0x000003fe, 0x0002000a, 0x000003fe,
    0x0002000c, 0xfe0003fe, 0x0002000c, 0xfe0003fe, 0x0002000d, 0x000103fe, 0x0002000d, 0x03ff03fe,
    0x0002000a, 0x00000801, 0x0002000a, 0x00000801, 0x0002000a, 0x00000801, 0x0002000a, 0x00000801,
    0x0002000c, 0xfe000801, 0x0002000c, 0xfe000801, 0x0002000d, 0x00010801, 0x0002000d, 0x03ff0801,
    0x0002000a, 0x00000bff, 0x0002000a, 0x00000bff, 0x0002000a, 0x00000bff, 0x0002000a, 0x00000bff,
    0x0002000c, 0xfe000bff, 0x0002000c, 0xfe000bff, 0x0002000d, 0x00010bff, 0x0002000d, 0x03ff0bff,
    0x00020009, 0x00000401, 0x00020009, 0x00000401, 0x00020009, 0x00000401, 0x00020009, 0x00000401,
    0x00020009, 0x00000401, 0x00020009, 0x00000401, 0x0002000d, 0x04010401, 0x0002000d, 0x07ff0401,
    0x0002000b, 0xfe000401, 0x0002000b, 0xfe000401, 0x0002000b, 0xfe000401, 0x0002000b, 0xfe000401,
    0x0002000c, 0x00010401, 0x0002000c, 0x00010401, 0x0002000c, 0x03ff0401, 0x0002000c, 0x03ff0401,
    0x00020009, 0x000007ff, 0x00020009, 0x000007ff, 0x00020009, 0x000007ff, 0x00020009, 0x000007ff,
    0x00020009, 0x000007ff, 0x00020009, 0x000007ff, 0x0002000d, 0x040107ff, 0x0002000d, 0x07ff07ff,
    0x0002000b, 0xfe0007ff, 0x0002000b, 0xfe0007ff, 0x0002000b, 0xfe0007ff, 0x0002000b, 0xfe0007ff,
    0x0002000c, 0x000107ff, 0x0002000c, 0x000107ff, 0x0002000c, 0x03ff07ff, 0x0002000c, 0x03ff07ff,
    0x00020007, 0x0000fe00, 0x00020007, 0x0000fe00, 0x00020007, 0x0000fe00, 0x00020007, 0x0000fe00,
    0x00020007, 0x0000fe00, 0x00020007, 0x0000fe00, 0x00020007, 0x0000fe00, 0x00020007, 0x0000fe00,
    0x00020007, 0x0000fe00, 0x00020007, 0x0000fe00, 0x00020007, 0x0000fe00, 0x00020007, 0x0000fe00,
    0x00020007, 0x0000fe00, 0x00020007, 0x0000fe00, 0x00020007, 0x0000fe00, 0x00020007, 0x0000fe00,
    0x00020007, 0x0000fe00, 0x00020007, 0x0000fe00, 0x00020007, 0x0000fe00, 0x00020007, 0x0000fe00,
    0x00020007, 0x0000fe00, 0x00020007, 0x0000fe00, 0x00020007, 0x0000fe00, 0x00020007, 0x0000fe00,
    0x00020007, 0x0000fe00, 0x00020007, 0x0000fe00, 0x00020007, 0x0000fe00, 0x00020007, 0x0000fe00,
    0x00020007, 0x0000fe00, 0x00020007, 0x0000fe00, 0x00020007, 0x0000fe00, 0x00020007, 0x0000fe00,
    0x00020007, 0x0000fe00, 0x00020007, 0x0000fe00, 0x00020007, 0x0000fe00, 0x00020007, 0x0000fe00,
    0x00020007, 0x0000fe00, 0x00020007, 0x0000fe00, 0x00020007, 0x0000fe00, 0x00020007, 0x0000fe00,
    0x00020007, 0x0000fe00, 0x00020007, 0x0000fe00, 0x00020007, 0x0000fe00, 0x00020007, 0x0000fe00,
    0x00020007, 0x0000fe00, 0x00020007, 0x0000fe00, 0x00020007, 0x0000fe00, 0x00020007, 0x0000fe00,
    0x00020007, 0x0000fe00, 0x00020007, 0x0000fe00, 0x00020007, 0x0000fe00, 0x00020007, 0x0000fe00,
    0x00020007, 0x0000fe00, 0x00020007, 0x0000fe00, 0x00020007, 0x0000fe00, 0x00020007, 0x0000fe00,
    0x00020007, 0x0000fe00, 0x00020007, 0x0000fe00, 0x00020007, 0x0000fe00, 0x00020007, 0x0000fe00,
    0x00020007, 0x0000fe00, 0x00020007, 0x0000fe00, 0x00020007, 0x0000fe00, 0x00020007, 0x0000fe00,
    0x00020008, 0x00000001, 0x00020008, 0x00000001, 0x00020008, 0x00000001, 0x00020008, 0x00000001,
    0x00020008, 0x00000001, 0x00020008, 0x00000001, 0x00020008, 0x00000001, 0x00020008, 0x00000001,
    0x0002000d, 0x00020001, 0x0002000d, 0x03fe0001, 0x0002000d, 0x08010001, 0x0002000d, 0x0bff0001,
    0x0002000c, 0x04010001, 0x0002000c, 0x04010001, 0x0002000c, 0x07ff0001, 0x0002000c, 0x07ff0001,
    0x0002000a, 0xfe000001, 0x0002000a, 0xfe000001, 0x0002000a, 0xfe000001, 0x0002000a, 0xfe000001,
    0x0002000a, 0xfe000001, 0x0002000a, 0xfe000001, 0x0002000a, 0xfe000001, 0x0002000a, 0xfe000001,
    0x0002000b, 0x00010001, 0x0002000b, 0x00010001, 0x0002000b, 0x00010001, 0x0002000b, 0x00010001,
    0x0002000b, 0x03ff0001, 0x0002000b, 0x03ff0001, 0x0002000b, 0x03ff0001, 0x0002000b, 0x03ff0001,
    0x00020008, 0x000003ff, 0x00020008, 0x000003ff, 0x00020008, 0x000003ff, 0x00020008, 0x000003ff,
    0x00020008, 0x000003ff, 0x00020008, 0x000003ff, 0x00020008, 0x000003ff, 0x00020008, 0x000003ff,
    0x0002000d, 0x000203ff, 0x0002000d, 0x03fe03ff, 0x0002000d, 0x080103ff, 0x0002000d, 0x0bff03ff,
    0x0002000c, 0x040103ff, 0x0002000c, 0x040103ff, 0x0002000c, 0x07ff03ff, 0x0002000c, 0x07ff03ff,
    0x0002000a, 0xfe0003ff, 0x0002000a, 0xfe0003ff, 0x0002000a, 0xfe0003ff, 0x0002000a, 0xfe0003ff,
    0x0002000a, 0xfe0003ff, 0x0002000a, 0xfe0003ff, 0x0002000a, 0xfe0003ff, 0x0002000a, 0xfe0003ff,
    0x0002000b, 0x000103ff, 0x0002000b, 0x000103ff, 0x0002000b, 0x000103ff, 0x0002000b, 0x000103ff,
    0x0002000b, 0x03ff03ff, 0x0002000b, 0x03ff03ff, 0x0002000b, 0x03ff03ff, 0x0002000b, 0x03ff03ff,
    0x03fe0005, 0x00000000, 0x03fe0005, 0x00000000, 0x03fe0005, 0x00000000, 0x03fe0005, 0x00000000,
    0x03fe000b, 0x00007c1f, 0x03fe000b, 0x00007c1f, 0x03fe000b, 0x00007c1f, 0x03fe000b, 0x00007c1f,
    0x03fe000d, 0x00000802, 0x03fe000d, 0x00000bfe, 0x03fe000d, 0x00002401, 0x03fe000d, 0x000027ff,
    0x03fe000d, 0x00000004, 0x03fe000d, 0x000003fc, 0x03fe000d, 0x00002001, 0x03fe000d, 0x000023ff,
    0x03fe000c, 0x00001c01, 0x03fe000c, 0x00001c01, 0x03fe000c, 0x00001fff, 0x03fe000c, 0x00001fff,
    0x03fe000c, 0x00001801, 0x03fe000c, 0x00001801, 0x03fe000c, 0x00001bff, 0x03fe000c, 0x00001bff,
    0x03fe000c, 0x00000402, 0x03fe000c, 0x00000402, 0x03fe000c, 0x000007fe, 0x03fe000c, 0x000007fe,
    0x03fe000c, 0x00001401, 0x03fe000c, 0x00001401, 0x03fe000c, 0x000017ff, 0x03fe000c, 0x000017ff,
    0x03fe0005, 0x00000000, 0x03fe0005, 0x00000000, 0x03fe0005, 0x00000000, 0x03fe0005, 0x00000000,
    0x03fe0005, 0x00000000, 0x03fe0005, 0x00000000, 0x03fe0005, 0x00000000, 0x03fe0005, 0x00000000,
    0x03fe000b, 0x00000003, 0x03fe000b, 0x00000003, 0x03fe000d, 0xfe000003, 0x03fe000b, 0x00000003,
    0x03fe000b, 0x000003fd, 0x03fe000b, 0x000003fd, 0x03fe000d, 0xfe0003fd, 0x03fe000b, 0x000003fd,
    0x03fe000b, 0x00001001, 0x03fe000b, 0x00001001, 0x03fe000d, 0xfe001001, 0x03fe000b, 0x00001001,
    0x03fe000b, 0x000013ff, 0x03fe000b, 0x000013ff, 0x03fe000d, 0xfe0013ff, 0x03fe000b, 0x000013ff,
    0x03fe000b, 0x00000c01, 0x03fe000b, 0x00000c01, 0x03fe000d, 0xfe000c01, 0x03fe000b, 0x00000c01,
    0x03fe000b, 0x00000fff, 0x03fe000b, 0x00000fff, 0x03fe000d, 0xfe000fff, 0x03fe000b, 0x00000fff,
    0x03fe000a, 0x00000002, 0x03fe000a, 0x00000002, 0x03fe000a, 0x00000002, 0x03fe000a, 0x00000002,
    0x03fe000c, 0xfe000002, 0x03fe000c, 0xfe000002, 0x03fe000d, 0x00010002, 0x03fe000d, 0x03ff0002,
    0x03fe000a, 0x000003fe, 0x03fe000a, 0x000003fe, 0x03fe000a, 0x000003fe, 0x03fe000a, 0x000003fe,
    0x03fe000c, 0xfe0003fe, 0x03fe000c, 0xfe0003fe, 0x03fe000d, 0x000103fe, 0x03fe000d, 0x03ff03fe,
    0x03fe000a, 0x00000801, 0x03fe000a, 0x00000801, 0x03fe000a, 0x00000801, 0x03fe000a, 0x00000801,
    0x03fe000c, 0xfe000801, 0x03fe000c, 0xfe000801, 0x03fe000d, 0x00010801, 0x03fe000d, 0x03ff0801,
    0x03fe000a, 0x00000bff, 0x03fe000a, 0x00000bff, 0x03fe000a, 0x00000bff, 0x03fe000a, 0x00000bff,
    0x03fe000c, 0xfe000bff, 0x03fe000c, 0xfe000bff, 0x03fe000d, 0x00010bff, 0x03fe000d, 0x03ff0bff,
    0x03fe0009, 0x00000401, 0x03fe0009, 0x00000401, 0x03fe0009, 0x00000401, 0x03fe0009, 0x00000401,
    0x03fe0009, 0x00000401, 0x03fe0009, 0x00000401, 0x03fe000d, 0x04010401, 0x03fe000d, 0x07ff0401,
    0x03fe000b, 0xfe000401, 0x03fe000b, 0xfe000401, 0x03fe000b, 0xfe000401, 0x03fe000b, 0xfe000401,
    0x03fe000c, 0x00010401, 0x03fe000c, 0x00010401, 0x03fe000c, 0x03ff0401, 0x03fe000c, 0x03ff0401,
    0x03fe0009, 0x000007ff, 0x03fe0009, 0x000007ff, 0x03fe0009, 0x000007ff, 0x03fe0009, 0x000007ff,
    0x03fe0009, 0x000007ff, 0x03fe0009, 0x000007ff, 0x03fe000d, 0x040107ff, 0x03fe000d, 0x07ff07ff,
    0x03fe000b, 0xfe0007ff, 0x03fe000b, 0xfe0007ff, 0x03fe000b, 0xfe0007ff, 0x03fe000b, 0xfe0007ff,
    0x03fe000c, 0x000107ff, 0x03fe000c, 0x000107ff, 0x03fe000c, 0x03ff07ff, 0x03fe000c, 0x03ff07ff,
    0x03fe0007, 0x0000fe00, 0x03fe0007, 0x0000fe00, 0x03fe0007, 0x0000fe00, 0x03fe0007, 0x0000fe00,
    0x03fe0007, 0x0000fe00, 0x03fe0007, 0x0000fe00, 0x03fe0007, 0x0000fe00, 0x03fe0007, 0x0000fe00,
    0x03fe0007, 0x0000fe00, 0x03fe0007, 0x0000fe00, 0x03fe0007, 0x0000fe00, 0x03fe0007, 0x0000fe00,
    0x03fe0007, 0x0000fe00, 0x03fe0007, 0x0000fe00, 0x03fe0007, 0x0000fe00, 0x03fe0007, 0x0000fe00,
    0x03fe0007, 0x0000fe00, 0x03fe0007, 0x0000fe00, 0x03fe0007, 0x0000fe00, 0x03fe0007, 0x0000fe00,
    0x03fe0007, 0x0000fe00, 0x03fe0007, 0x0000fe00, 0x03fe0007, 0x0000fe00, 0x03fe0007, 0x0000fe00,
    0x03fe0007, 0x0000fe00, 0x03fe0007, 0x0000fe00, 0x03fe0007, 0x0000fe00, 0x03fe0007, 0x0000fe00,
    0x03fe0007, 0x0000fe00, 0x03fe0007, 0x0000fe00, 0x03fe0007, 0x0000fe00, 0x03fe0007, 0x0000fe00,
    0x03fe0007, 0x0000fe00, 0x03fe0007, 0x0000fe00, 0x03fe0007, 0x0000fe00, 0x03fe0007, 0x0000fe00,
    0x03fe0007, 0x0000fe00, 0x03fe0007, 0x0000fe00, 0x03fe0007, 0x0000fe00, 0x03fe0007, 0x0000fe00,
    0x03fe0007, 0x0000fe00, 0x03fe0007, 0x0000fe00, 0x03fe0007, 0x0000fe00, 0x03fe0007, 0x0000fe00,
    0x03fe0007, 0x0000fe00, 0x03fe0007, 0x0000fe00, 0x03fe0007, 0x0000fe00, 0x03fe0007, 0x0000fe00,
    0x03fe0007, 0x0000fe00, 0x03fe0007, 0x0000fe00, 0x03fe0007, 0x0000fe00, 0x03fe0007, 0x0000fe00,
    0x03fe0007, 0x0000fe00, 0x03fe0007, 0x0000fe00, 0x03fe0007, 0x0000fe00, 0x03fe0007, 0x0000fe00,
    0x03fe0007, 0x0000fe00, 0x03fe0007, 0x0000fe00, 0x03fe0007, 0x0000fe00, 0x03fe0007, 0x0000fe00,
    0x03fe0007, 0x0000fe00, 0x03fe0007, 0x0000fe00, 0x03fe0007, 0x0000fe00, 0x03fe0007, 0x0000fe00,
    0x03fe0008, 0x00000001, 0x03fe0008, 0x00000001, 0x03fe0008, 0x00000001, 0x03fe0008, 0x00000001,
    0x03fe0008, 0x00000001, 0x03fe0008, 0x00000001, 0x03fe0008, 0x00000001, 0x03fe0008, 0x00000001,
    0x03fe000d, 0x00020001, 0x03fe000d, 0x03fe0001, 0x03fe000d, 0x08010001, 0x03fe000d, 0x0bff0001,
    0x03fe000c, 0x04010001, 0x03fe000c, 0x04010001, 0x03fe000c, 0x07ff0001, 0x03fe000c, 0x07ff0001,
    0x03fe000a, 0xfe000001, 0x03fe000a, 0xfe000001, 0x03fe000a, 0xfe000001, 0x03fe000a, 0xfe000001,
    0x03fe000a, 0xfe000001, 0x03fe000a, 0xfe000001, 0x03fe000a, 0xfe000001, 0x03fe000a, 0xfe000001,
    0x03fe000b, 0x00010001, 0x03fe000b, 0x00010001, 0x03fe000b, 0x00010001, 0x03fe000b, 0x00010001,
    0x03fe000b, 0x03ff0001, 0x03fe000b, 0x03ff0001, 0x03fe000b, 0x03ff0001, 0x03fe000b, 0x03ff0001,
    0x03fe0008, 0x000003ff, 0x03fe0008, 0x000003ff, 0x03fe0008, 0x000003ff, 0x03fe0008, 0x000003ff,
    0x03fe0008, 0x000003ff, 0x03fe0008, 0x000003ff, 0x03fe0008, 0x000003ff, 0x03fe0008, 0x000003ff,
    0x03fe000d, 0x000203ff, 0x03fe000d, 0x03fe03ff, 0x03fe000d, 0x080103ff, 0x03fe000d, 0x0bff03ff,
    0x03fe000c, 0x040103ff, 0x03fe000c, 0x040103ff, 0x03fe000c, 0x07ff03ff, 0x03fe000c, 0x07ff03ff,
    0x03fe000a, 0xfe0003ff, 0x03fe000a, 0xfe0003ff, 0x03fe000a, 0xfe0003ff, 0x03fe000a, 0xfe0003ff,
    0x03fe000a, 0xfe0003ff, 0x03fe000a, 0xfe0003ff, 0x03fe000a, 0xfe0003ff, 0x03fe000a, 0xfe0003ff,
    0x03fe000b, 0x000103ff, 0x03fe000b, 0x000103ff, 0x03fe000b, 0x000103ff, 0x03fe000b, 0x000103ff,
    0x03fe000b, 0x03ff03ff, 0x03fe000b, 0x03ff03ff, 0x03fe000b, 0x03ff03ff, 0x03fe000b, 0x03ff03ff,
    0x08010005, 0x00000000, 0x08010005, 0x00000000, 0x08010005, 0x00000000, 0x08010005, 0x00000000,
    0x0801000b, 0x00007c1f, 0x0801000b, 0x00007c1f, 0x0801000b, 0x00007c1f, 0x0801000b, 0x00007c1f,
    0x0801000d, 0x00000802, 0x0801000d, 0x00000bfe, 0x0801000d, 0x00002401, 0x0801000d, 0x000027ff,
    0x0801000d, 0x00000004, 0x0801000d, 0x000003fc, 0x0801000d, 0x00002001, 0x0801000d, 0x000023ff,
    0x0801000c, 0x00001c01, 0x0801000c, 0x00001c01, 0x0801000c, 0x00001fff, 0x0801000c, 0x00001fff,
    0x0801000c, 0x00001801, 0x0801000c, 0x00001801, 0x0801000c, 0x00001bff, 0x0801000c, 0x00001bff,
    0x0801000c, 0x00000402, 0x0801000c, 0x00000402, 0x0801000c, 0x000007fe, 0x0801000c, 0x000007fe,
    0x0801000c, 0x00001401, 0x0801000c, 0x00001401, 0x0801000c, 0x000017ff, 0x0801000c, 0x000017ff,
    0x08010005, 0x00000000, 0x08010005, 0x00000000, 0x08010005, 0x00000000, 0x08010005, 0x00000000,
    0x08010005, 0x00000000, 0x08010005, 0x00000000, 0x08010005, 0x00000000, 0x08010005, 0x00000000,
    0x0801000b, 0x00000003, 0x0801000b, 0x00000003, 0x0801000d, 0xfe000003, 0x0801000b, 0x00000003,
    0x0801000b, 0x000003fd, 0x0801000b, 0x000003fd, 0x0801000d, 0xfe0003fd, 0x0801000b, 0x000003fd,
    0x0801000b, 0x00001001, 0x0801000b, 0x00001001, 0x0801000d, 0xfe001001, 0x0801000b, 0x00001001,
    0x0801000b, 0x000013ff, 0x0801000b, 0x000013ff, 0x0801000d, 0xfe0013ff, 0x0801000b, 0x000013ff,
    0x0801000b, 0x00000c01, 0x0801000b, 0x00000c01, 0x0801000d, 0xfe000c01, 0x0801000b, 0x00000c01,
    0x0801000b, 0x00000fff, 0x0801000b, 0x00000fff, 0x0801000d, 0xfe000fff, 0x0801000b, 0x00000fff,
    0x0801000a, 0x00000002, 0x0801000a, 0x00000002, 0x0801000a, 0x00000002, 0x0801000a, 0x00000002,
    0x0801000c, 0xfe000002, 0x0801000c, 0xfe000002, 0x0801000d, 0x00010002, 0x0801000d, 0x03ff0002,
    0x0801000a, 0x000003fe, 0x0801000a, 0x000003fe, 0x0801000a, 0x000003fe, 0x0801000a, 0x000003fe,
    0x0801000c, 0xfe0003fe, 0x0801000c, 0xfe0003fe, 0x0801000d, 0x000103fe, 0x0801000d, 0x03ff03fe,
    0x0801000a, 0x00000801, 0x0801000a, 0x00000801, 0x0801000a, 0x00000801, 0x0801000a, 0x00000801,
    0x0801000c, 0xfe000801, 0x0801000c, 0xfe000801, 0x0801000d, 0x00010801, 0x0801000d, 0x03ff0801,
    0x0801000a, 0x00000bff, 0x0801000a, 0x00000bff, 0x0801000a, 0x00000bff, 0x0801000a, 0x00000bff,
    0x0801000c, 0xfe000bff, 0x0801000c, 0xfe000bff, 0x0801000d, 0x00010bff, 0x0801000d, 0x03ff0bff,
    0x08010009, 0x00000401, 0x08010009, 0x00000401, 0x08010009, 0x00000401, 0x08010009, 0x00000401,
    0x08010009, 0x00000401, 0x08010009, 0x00000401, 0x0801000d, 0x04010401, 0x0801000d, 0x07ff0401,
    0x0801000b, 0xfe000401, 0x0801000b, 0xfe000401, 0x0801000b, 0xfe000401, 0x0801000b, 0xfe000401,
    0x0801000c, 0x00010401, 0x0801000c, 0x00010401, 0x0801000c, 0x03ff0401, 0x0801000c, 0x03ff0401,
    0x08010009, 0x000007ff, 0x08010009, 0x000007ff, 0x08010009, 0x000007ff, 0x08010009, 0x000007ff,
    0x08010009, 0x000007ff, 0x08010009, 0x000007ff, 0x0801000d, 0x040107ff, 0x0801000d, 0x07ff07ff,
    0x0801000b, 0xfe0007ff, 0x0801000b, 0xfe0007ff, 0x0801000b, 0xfe0007ff, 0x0801000b, 0xfe0007ff,
    0x0801000c, 0x000107ff, 0x0801000c, 0x000107ff, 0x0801000c, 0x03ff07ff, 0x0801000c, 0x03ff07ff,
    0x08010007, 0x0000fe00, 0x08010007, 0x0000fe00, 0x08010007, 0x0000fe00, 0x08010007, 0x0000fe00,
    0x08010007, 0x0000fe00, 0x08010007, 0x0000fe00, 0x08010007, 0x0000fe00, 0x08010007, 0x0000fe00,
    0x08010007, 0x0000fe00, 0x08010007, 0x0000fe00, 0x08010007, 0x0000fe00, 0x08010007, 0x0000fe00,
    0x08010007, 0x0000fe00, 0x08010007, 0x0000fe00, 0x08010007, 0x0000fe00, 0x08010007, 0x0000fe00,
    0x08010007, 0x0000fe00, 0x08010007, 0x0000fe00, 0x08010007, 0x0000fe00, 0x08010007, 0x0000fe00,
    0x08010007, 0x0000fe00, 0x08010007, 0x0000fe00, 0x08010007, 0x0000fe00, 0x08010007, 0x0000fe00,
    0x08010007, 0x0000fe00, 0x08010007, 0x0000fe00, 0x08010007, 0x0000fe00, 0x08010007, 0x0000fe00,
    0x08010007, 0x0000fe00, 0x08010007, 0x0000fe00, 0x08010007, 0x0000fe00, 0x08010007, 0x0000fe00,
    0x08010007, 0x0000fe00, 0x08010007, 0x0000fe00, 0x08010007, 0x0000fe00, 0x08010007, 0x0000fe00,
    0x08010007, 0x0000fe00, 0x08010007, 0x0000fe00, 0x08010007, 0x0000fe00, 0x08010007, 0x0000fe00,
    0x08010007, 0x0000fe00, 0x08010007, 0x0000fe00, 0x08010007, 0x0000fe00, 0x08010007, 0x0000fe00,
    0x08010007, 0x0000fe00, 0x08010007, 0x0000fe00, 0x08010007, 0x0000fe00, 0x08010007, 0x0000fe00,
    0x08010007, 0x0000fe00, 0x08010007, 0x0000fe00, 0x08010007, 0x0000fe00, 0x08010007, 0x0000fe00,
    0x08010007, 0x0000fe00, 0x08010007, 0x0000fe00, 0x08010007, 0x0000fe00, 0x08010007, 0x0000fe00,
    0x08010007, 0x0000fe00, 0x08010007, 0x0000fe00, 0x08010007, 0x0000fe00, 0x08010007, 0x0000fe00,
    0x08010007, 0x0000fe00, 0x08010007, 0x0000fe00, 0x08010007, 0x0000fe00, 0x08010007, 0x0000fe00,
    0x08010008, 0x00000001, 0x08010008, 0x00000001, 0x08010008, 0x00000001, 0x08010008, 0x00000001,
    0x08010008, 0x00000001, 0x08010008, 0x00000001, 0x08010008, 0x00000001, 0x08010008, 0x00000001,
    0x0801000d, 0x00020001, 0x0801000d, 0x03fe0001, 0x0801000d, 0x08010001, 0x0801000d, 0x0bff0001,
    0x0801000c, 0x04010001, 0x0801000c, 0x04010001, 0x0801000c, 0x07ff0001, 0x0801000c, 0x07ff0001,
    0x0801000a, 0xfe000001, 0x0801000a, 0xfe000001, 0x0801000a, 0xfe000001, 0x0801000a, 0xfe000001,
    0x0801000a, 0xfe000001, 0x0801000a, 0xfe000001, 0x0801000a, 0xfe000001, 0x0801000a, 0xfe000001,
    0x0801000b, 0x00010001, 0x0801000b, 0x00010001, 0x0801000b, 0x00010001, 0x0801000b, 0x00010001,
    0x0801000b, 0x03ff0001, 0x0801000b, 0x03ff0001, 0x0801000b, 0x03ff0001, 0x0801000b, 0x03ff0001,
    0x08010008, 0x000003ff, 0x08010008, 0x000003ff, 0x08010008, 0x000003ff, 0x08010008, 0x000003ff,
    0x08010008, 0x000003ff, 0x08010008, 0x000003ff, 0x08010008, 0x000003ff, 0x08010008, 0x000003ff,
    0x0801000d, 0x000203ff, 0x0801000d, 0x03fe03ff, 0x0801000d, 0x080103ff, 0x0801000d, 0x0bff03ff,
    0x0801000c, 0x040103ff, 0x0801000c, 0x040103ff, 0x0801000c, 0x07ff03ff, 0x0801000c, 0x07ff03ff,
    0x0801000a, 0xfe0003ff, 0x0801000a, 0xfe0003ff, 0x0801000a, 0xfe0003ff, 0x0801000a, 0xfe0003ff,
    0x0801000a, 0xfe0003ff, 0x0801000a, 0xfe0003ff, 0x0801000a, 0xfe0003ff, 0x0801000a, 0xfe0003ff,
    0x0801000b, 0x000103ff, 0x0801000b, 0x000103ff, 0x0801000b, 0x000103ff, 0x0801000b, 0x000103ff,
    0x0801000b, 0x03ff03ff, 0x0801000b, 0x03ff03ff, 0x0801000b, 0x03ff03ff, 0x0801000b, 0x03ff03ff,
    0x0bff0005, 0x00000000, 0x0bff0005, 0x00000000, 0x0bff0005, 0x00000000, 0x0bff0005, 0x00000000,
    0x0bff000b, 0x00007c1f, 0x0bff000b, 0x00007c1f, 0x0bff000b, 0x00007c1f, 0x0bff000b, 0x00007c1f,
    0x0bff000d, 0x00000802, 0x0bff000d, 0x00000bfe, 0x0bff000d, 0x00002401, 0x0bff000d, 0x000027ff,
    0x0bff000d, 0x00000004, 0x0bff000d, 0x000003fc, 0x0bff000d, 0x00002001, 0x0bff000d, 0x000023ff,
    0x0bff000c, 0x00001c01, 0x0bff000c, 0x00001c01, 0x0bff000c, 0x00001fff, 0x0bff000c, 0x00001fff,
    0x0bff000c, 0x00001801, 0x0bff000c, 0x00001801, 0x0bff000c, 0x00001bff, 0x0bff000c, 0x00001bff,
    0x0bff000c, 0x00000402, 0x0bff000c, 0x00000402, 0x0bff000c, 0x000007fe, 0x0bff000c, 0x000007fe,
    0x0bff000c, 0x00001401, 0x0bff000c, 0x00001401, 0x0bff000c, 0x000017ff, 0x0bff000c, 0x000017ff,
    0x0bff0005, 0x00000000, 0x0bff0005, 0x00000000, 0x0bff0005, 0x00000000, 0x0bff0005, 0x00000000,
    0x0bff0005, 0x00000000, 0x0bff0005, 0x00000000, 0x0bff0005, 0x00000000, 0x0bff0005, 0x00000000,
    0x0bff000b, 0x00000003, 0x0bff000b, 0x00000003, 0x0bff000d, 0xfe000003, 0x0bff000b, 0x00000003,
    0x0bff000b, 0x000003fd, 0x0bff000b, 0x000003fd, 0x0bff000d, 0xfe0003fd, 0x0bff000b, 0x000003fd,
    0x0bff000b, 0x00001001, 0x0bff000b, 0x00001001, 0x0bff000d, 0xfe001001, 0x0bff000b, 0x00001001,
    0x0bff000b, 0x000013ff, 0x0bff000b, 0x000013ff, 0x0bff000d, 0xfe0013ff, 0x0bff000b, 0x000013ff,
    0x0bff000b, 0x00000c01, 0x0bff000b, 0x00000c01, 0x0bff000d, 0xfe000c01, 0x0bff000b, 0x00000c01,
    0x0bff000b, 0x00000fff, 0x0bff000b, 0x00000fff, 0x0bff000d, 0xfe000fff, 0x0bff000b, 0x00000fff,
    0x0bff000a, 0x00000002, 0x0bff000a, 0x00000002, 0x0bff000a, 0x00000002, 0x0bff000a, 0x00000002,
    0x0bff000c, 0xfe000002, 0x0bff000c, 0xfe000002, 0x0bff000d, 0x00010002, 0x0bff000d, 0x03ff0002,
    0x0bff000a, 0x000003fe, 0x0bff000a, 0x000003fe, 0x0bff000a, 0x000003fe, 0x0bff000a, 0x000003fe,
    0x0bff000c, 0xfe0003fe, 0x0bff000c, 0xfe0003fe, 0x0bff000d, 0x000103fe, 0x0bff000d, 0x03ff03fe,
    0x0bff000a, 0x00000801, 0x0bff000a, 0x00000801, 0x0bff000a, 0x00000801, 0x0bff000a, 0x00000801,
    0x0bff000c, 0xfe000801, 0x0bff000c, 0xfe000801, 0x0bff000d, 0x00010801, 0x0bff000d, 0x03ff0801,
    0x0bff000a, 0x00000bff, 0x0bff000a, 0x00000bff, 0x0bff000a, 0x00000bff, 0x0bff000a, 0x00000bff,
    0x0bff000c, 0xfe000bff, 0x0bff000c, 0xfe000bff, 0x0bff000d, 0x00010bff, 0x0bff000d, 0x03ff0bff,
    0x0bff0009, 0x00000401, 0x0bff0009, 0x00000401, 0x0bff0009, 0x00000401, 0x0bff0009, 0x00000401,
    0x0bff0009, 0x00000401, 0x0bff0009, 0x00000401, 0x0bff000d, 0x04010401, 0x0bff000d, 0x07ff0401,
    0x0bff000b, 0xfe000401, 0x0bff000b, 0xfe000401, 0x0bff000b, 0xfe000401, 0x0bff000b, 0xfe000401,
    0x0bff000c, 0x00010401, 0x0bff000c, 0x00010401, 0x0bff000c, 0x03ff0401, 0x0bff000c, 0x03ff0401,
    0x0bff0009, 0x000007ff, 0x0bff0009, 0x000007ff, 0x0bff0009, 0x000007ff, 0x0bff0009, 0x000007ff,
    0x0bff0009, 0x000007ff, 0x0bff0009, 0x000007ff, 0x0bff000d, 0x040107ff, 0x0bff000d, 0x07ff07ff,
    0x0bff000b, 0xfe0007ff, 0x0bff000b, 0xfe0007ff, 0x0bff000b, 0xfe0007ff, 0x0bff000b, 0xfe0007ff,
    0x0bff000c, 0x000107ff, 0x0bff000c, 0x000107ff, 0x0bff000c, 0x03ff07ff, 0x0bff000c, 0x03ff07ff,
    0x0bff0007, 0x0000fe00, 0x0bff0007, 0x0000fe00, 0x0bff0007, 0x0000fe00, 0x0bff0007, 0x0000fe00,
    0x0bff0007, 0x0000fe00, 0x0bff0007, 0x0000fe00, 0x0bff0007, 0x0000fe00, 0x0bff0007, 0x0000fe00,
    0x0bff0007, 0x0000fe00, 0x0bff0007, 0x0000fe00, 0x0bff0007, 0x0000fe00, 0x0bff0007, 0x0000fe00,
    0x0bff0007, 0x0000fe00, 0x0bff0007, 0x0000fe00, 0x0bff0007, 0x0000fe00, 0x0bff0007, 0x0000fe00,
    0x0bff0007, 0x0000fe00, 0x0bff0007, 0x0000fe00, 0x0bff0007, 0x0000fe00, 0x0bff0007, 0x0000fe00,
    0x0bff0007, 0x0000fe00, 0x0bff0007, 0x0000fe00, 0x0bff0007, 0x0000fe00, 0x0bff0007, 0x0000fe00,
    0x0bff0007, 0x0000fe00, 0x0bff0007, 0x0000fe00, 0x0bff0007, 0x0000fe00, 0x0bff0007, 0x0000fe00,
    0x0bff0007, 0x0000fe00, 0x0bff0007, 0x0000fe00, 0x0bff0007, 0x0000fe00, 0x0bff0007, 0x0000fe00,
    0x0bff0007, 0x0000fe00, 0x0bff0007, 0x0000fe00, 0x0bff0007, 0x0000fe00, 0x0bff0007, 0x0000fe00,
    0x0bff0007, 0x0000fe00, 0x0bff0007, 0x0000fe00, 0x0bff0007, 0x0000fe00, 0x0bff0007, 0x0000fe00,
    0x0bff0007, 0x0000fe00, 0x0bff0007, 0x0000fe00, 0x0bff0007, 0x0000fe00, 0x0bff0007, 0x0000fe00,
    0x0bff0007, 0x0000fe00, 0x0bff0007, 0x0000fe00, 0x0bff0007, 0x0000fe00, 0x0bff0007, 0x0000fe00,
    0x0bff0007, 0x0000fe00, 0x0bff0007, 0x0000fe00, 0x0bff0007, 0x0000fe00, 0x0bff0007, 0x0000fe00,
    0x0bff0007, 0x0000fe00, 0x0bff0007, 0x0000fe00, 0x0bff0007, 0x0000fe00, 0x0bff0007, 0x0000fe00,
    0x0bff0007, 0x0000fe00, 0x0bff0007, 0x0000fe00, 0x0bff0007, 0x0000fe00, 0x0bff0007, 0x0000fe00,
    0x0bff0007, 0x0000fe00, 0x0bff0007, 0x0000fe00, 0x0bff0007, 0x0000fe00, 0x0bff0007, 0x0000fe00,
    0x0bff0008, 0x00000001, 0x0bff0008, 0x00000001, 0x0bff0008, 0x00000001, 0x0bff0008, 0x00000001,
    0x0bff0008, 0x00000001, 0x0bff0008, 0x00000001, 0x0bff0008, 0x00000001, 0x0bff0008, 0x00000001,
    0x0bff000d, 0x00020001, 0x0bff000d, 0x03fe0001, 0x0bff000d, 0x08010001, 0x0bff000d, 0x0bff0001,
    0x0bff000c, 0x04010001, 0x0bff000c, 0x04010001, 0x0bff000c, 0x07ff0001, 0x0bff000c, 0x07ff0001,
    0x0bff000a, 0xfe000001, 0x0bff000a, 0xfe000001, 0x0bff000a, 0xfe000001, 0x0bff000a, 0xfe000001,
    0x0bff000a, 0xfe000001, 0x0bff000a, 0xfe000001, 0x0bff000a, 0xfe000001, 0x0bff000a, 0xfe000001,
    0x0bff000b, 0x00010001, 0x0bff000b, 0x00010001, 0x0bff000b, 0x00010001, 0x0bff000b, 0x00010001,
    0x0bff000b, 0x03ff0001, 0x0bff000b, 0x03ff0001, 0x0bff000b, 0x03ff0001, 0x0bff000b, 0x03ff0001,
    0x0bff0008, 0x000003ff, 0x0bff0008, 0x000003ff, 0x0bff0008, 0x000003ff, 0x0bff0008, 0x000003ff,
    0x0bff0008, 0x000003ff, 0x0bff0008, 0x000003ff, 0x0bff0008, 0x000003ff, 0x0bff0008, 0x000003ff,
    0x0bff000d, 0x000203ff, 0x0bff000d, 0x03fe03ff, 0x0bff000d, 0x080103ff, 0x0bff000d, 0x0bff03ff,
    0x0bff000c, 0x040103ff, 0x0bff000c, 0x040103ff, 0x0bff000c, 0x07ff03ff, 0x0bff000c, 0x07ff03ff,
    0x0bff000a, 0xfe0003ff, 0x0bff000a, 0xfe0003ff, 0x0bff000a, 0xfe0003ff, 0x0bff000a, 0xfe0003ff,
    0x0bff000a, 0xfe0003ff, 0x0bff000a, 0xfe0003ff, 0x0bff000a, 0xfe0003ff, 0x0bff000a, 0xfe0003ff,
    0x0bff000b, 0x000103ff, 0x0bff000b, 0x000103ff, 0x0bff000b, 0x000103ff, 0x0bff000b, 0x000103ff,
    0x0bff000b, 0x03ff03ff, 0x0bff000b, 0x03ff03ff, 0x0bff000b, 0x03ff03ff, 0x0bff000b, 0x03ff03ff,
    0x04010004, 0x00000000, 0x04010004, 0x00000000, 0x04010004, 0x00000000, 0x04010004, 0x00000000,
    0x04010004, 0x00000000, 0x04010004, 0x00000000, 0x04010004, 0x00000000, 0x04010004, 0x00000000,
    0x0401000a, 0x00007c1f, 0x0401000a, 0x00007c1f, 0x0401000a, 0x00007c1f, 0x0401000a, 0x00007c1f,
    0x0401000a, 0x00007c1f, 0x0401000a, 0x00007c1f, 0x0401000a, 0x00007c1f, 0x0401000a, 0x00007c1f,
    0x0401000c, 0x00000802, 0x0401000c, 0x00000802, 0x0401000c, 0x00000bfe, 0x0401000c, 0x00000bfe,
    0x0401000c, 0x00002401, 0x0401000c, 0x00002401, 0x0401000c, 0x000027ff, 0x0401000c, 0x000027ff,
    0x0401000c, 0x00000004, 0x0401000c, 0x00000004, 0x0401000c, 0x000003fc, 0x0401000c, 0x000003fc,
    0x0401000c, 0x00002001, 0x0401000c, 0x00002001, 0x0401000c, 0x000023ff, 0x0401000c, 0x000023ff,
    0x0401000b, 0x00001c01, 0x0401000b, 0x00001c01, 0x0401000d, 0xfe001c01, 0x0401000b, 0x00001c01,
    0x0401000b, 0x00001fff, 0x0401000b, 0x00001fff, 0x0401000d, 0xfe001fff, 0x0401000b, 0x00001fff,
    0x0401000b, 0x00001801, 0x0401000b, 0x00001801, 0x0401000d, 0xfe001801, 0x0401000b, 0x00001801,
    0x0401000b, 0x00001bff, 0x0401000b, 0x00001bff, 0x0401000d, 0xfe001bff, 0x0401000b, 0x00001bff,
    0x0401000b, 0x00000402, 0x0401000b, 0x00000402, 0x0401000d, 0xfe000402, 0x0401000b, 0x00000402,
    0x0401000b, 0x000007fe, 0x0401000b, 0x000007fe, 0x0401000d, 0xfe0007fe, 0x0401000b, 0x000007fe,
    0x0401000b, 0x00001401, 0x0401000b, 0x00001401, 0x0401000d, 0xfe001401, 0x0401000b, 0x00001401,
    0x0401000b, 0x000017ff, 0x0401000b, 0x000017ff, 0x0401000d, 0xfe0017ff, 0x0401000b, 0x000017ff,
    0x0401000d, 0x00003401, 0x0401000d, 0x000037ff, 0x0401000d, 0x00000006, 0x0401000d, 0x000003fa,
    0x0401000d, 0x00003001, 0x0401000d, 0x000033ff, 0x0401000d, 0x00002c01, 0x0401000d, 0x00002fff,
    0x0401000d, 0x00000c02, 0x0401000d, 0x00000ffe, 0x0401000d, 0x00000403, 0x0401000d, 0x000007fd,
    0x0401000d, 0x00000005, 0x0401000d, 0x000003fb, 0x0401000d, 0x00002801, 0x0401000d, 0x00002bff,
    0x0401000a, 0x00000003, 0x0401000a, 0x00000003, 0x0401000a, 0x00000003, 0x0401000a, 0x00000003,
    0x0401000c, 0xfe000003, 0x0401000c, 0xfe000003, 0x0401000d, 0x00010003, 0x0401000d, 0x03ff0003,
    0x0401000a, 0x000003fd, 0x0401000a, 0x000003fd, 0x0401000a, 0x000003fd, 0x0401000a, 0x000003fd,
    0x0401000c, 0xfe0003fd, 0x0401000c, 0xfe0003fd, 0x0401000d, 0x000103fd, 0x0401000d, 0x03ff03fd,
    0x0401000a, 0x00001001, 0x0401000a, 0x00001001, 0x0401000a, 0x00001001, 0x0401000a, 0x00001001,
    0x0401000c, 0xfe001001, 0x0401000c, 0xfe001001, 0x0401000d, 0x00011001, 0x0401000d, 0x03ff1001,
    0x0401000a, 0x000013ff, 0x0401000a, 0x000013ff, 0x0401000a, 0x000013ff, 0x0401000a, 0x000013ff,
    0x0401000c, 0xfe0013ff, 0x0401000c, 0xfe0013ff, 0x0401000d, 0x000113ff, 0x0401000d, 0x03ff13ff,
    0x0401000a, 0x00000c01, 0x0401000a, 0x00000c01, 0x0401000a, 0x00000c01, 0x0401000a, 0x00000c01,
    0x0401000c, 0xfe000c01, 0x0401000c, 0xfe000c01, 0x0401000d, 0x00010c01, 0x0401000d, 0x03ff0c01,
    0x0401000a, 0x00000fff, 0x0401000a, 0x00000fff, 0x0401000a, 0x00000fff, 0x0401000a, 0x00000fff,
    0x0401000c, 0xfe000fff, 0x0401000c, 0xfe000fff, 0x0401000d, 0x00010fff, 0x0401000d, 0x03ff0fff,
    0x04010009, 0x00000002, 0x04010009, 0x00000002, 0x04010009, 0x00000002, 0x04010009, 0x00000002,
    0x04010009, 0x00000002, 0x04010009, 0x00000002, 0x0401000d, 0x04010002, 0x0401000d, 0x07ff0002,
    0x0401000b, 0xfe000002, 0x0401000b, 0xfe000002, 0x0401000b, 0xfe000002, 0x0401000b, 0xfe000002,
    0x0401000c, 0x00010002, 0x0401000c, 0x00010002, 0x0401000c, 0x03ff0002, 0x0401000c, 0x03ff0002,
    0x04010009, 0x000003fe, 0x04010009, 0x000003fe, 0x04010009, 0x000003fe, 0x04010009, 0x000003fe,
    0x04010009, 0x000003fe, 0x04010009, 0x000003fe, 0x0401000d, 0x040103fe, 0x0401000d, 0x07ff03fe,
    0x0401000b, 0xfe0003fe, 0x0401000b, 0xfe0003fe, 0x0401000b, 0xfe0003fe, 0x0401000b, 0xfe0003fe,
    0x0401000c, 0x000103fe, 0x0401000c, 0x000103fe, 0x0401000c, 0x03ff03fe, 0x0401000c, 0x03ff03fe,
    0x04010009, 0x00000801, 0x04010009, 0x00000801, 0x04010009, 0x00000801, 0x04010009, 0x00000801,
    0x04010009, 0x00000801, 0x04010009, 0x00000801, 0x0401000d, 0x04010801, 0x0401000d, 0x07ff0801,
    0x0401000b, 0xfe000801, 0x0401000b, 0xfe000801, 0x0401000b, 0xfe000801, 0x0401000b, 0xfe000801,
    0x0401000c, 0x00010801, 0x0401000c, 0x00010801, 0x0401000c, 0x03ff0801, 0x0401000c, 0x03ff0801,
    0x04010009, 0x00000bff, 0x04010009, 0x00000bff, 0x04010009, 0x00000bff, 0x04010009, 0x00000bff,
    0x04010009, 0x00000bff, 0x04010009, 0x00000bff, 0x0401000d, 0x04010bff, 0x0401000d, 0x07ff0bff,
    0x0401000b, 0xfe000bff, 0x0401000b, 0xfe000bff, 0x0401000b, 0xfe000bff, 0x0401000b, 0xfe000bff,
    0x0401000c, 0x00010bff, 0x0401000c, 0x00010bff, 0x0401000c, 0x03ff0bff, 0x0401000c, 0x03ff0bff,
    0x04010008, 0x00000401, 0x04010008, 0x00000401, 0x04010008, 0x00000401, 0x04010008, 0x00000401,
    0x04010008, 0x00000401, 0x04010008, 0x00000401, 0x04010008, 0x00000401, 0x04010008, 0x00000401,
    0x0401000d, 0x00020401, 0x0401000d, 0x03fe0401, 0x0401000d, 0x08010401, 0x0401000d, 0x0bff0401,
    0x0401000c, 0x04010401, 0x0401000c, 0x04010401, 0x0401000c, 0x07ff0401, 0x0401000c, 0x07ff0401,
    0x0401000a, 0xfe000401, 0x0401000a, 0xfe000401, 0x0401000a, 0xfe000401, 0x0401000a, 0xfe000401,
    0x0401000a, 0xfe000401, 0x0401000a, 0xfe000401, 0x0401000a, 0xfe000401, 0x0401000a, 0xfe000401,
    0x0401000b, 0x00010401, 0x0401000b, 0x00010401, 0x0401000b, 0x00010401, 0x0401000b, 0x00010401,
    0x0401000b, 0x03ff0401, 0x0401000b, 0x03ff0401, 0x0401000b, 0x03ff0401, 0x0401000b, 0x03ff0401,
    0x04010008, 0x000007ff, 0x04010008, 0x000007ff, 0x04010008, 0x000007ff, 0x04010008, 0x000007ff,
    0x04010008, 0x000007ff, 0x04010008, 0x000007ff, 0x04010008, 0x000007ff, 0x04010008, 0x000007ff,
    0x0401000d, 0x000207ff, 0x0401000d, 0x03fe07ff, 0x0401000d, 0x080107ff, 0x0401000d, 0x0bff07ff,
    0x0401000c, 0x040107ff, 0x0401000c, 0x040107ff, 0x0401000c, 0x07ff07ff, 0x0401000c, 0x07ff07ff,
    0x0401000a, 0xfe0007ff, 0x0401000a, 0xfe0007ff, 0x0401000a, 0xfe0007ff, 0x0401000a, 0xfe0007ff,
    0x0401000a, 0xfe0007ff, 0x0401000a, 0xfe0007ff, 0x0401000a, 0xfe0007ff, 0x0401000a, 0xfe0007ff,
    0x0401000b, 0x000107ff, 0x0401000b, 0x000107ff, 0x0401000b, 0x000107ff, 0x0401000b, 0x000107ff,
    0x0401000b, 0x03ff07ff, 0x0401000b, 0x03ff07ff, 0x0401000b, 0x03ff07ff, 0x0401000b, 0x03ff07ff,
    0x04010006, 0x0000fe00, 0x04010006, 0x0000fe00, 0x04010006, 0x0000fe00, 0x04010006, 0x0000fe00,
    0x04010006, 0x0000fe00, 0x04010006, 0x0000fe00, 0x04010006, 0x0000fe00, 0x04010006, 0x0000fe00,
    0x04010006, 0x0000fe00, 0x04010006, 0x0000fe00, 0x04010006, 0x0000fe00, 0x04010006, 0x0000fe00,
    0x04010006, 0x0000fe00, 0x04010006, 0x0000fe00, 0x04010006, 0x0000fe00, 0x04010006, 0x0000fe00,
    0x04010006, 0x0000fe00, 0x04010006, 0x0000fe00, 0x04010006, 0x0000fe00, 0x04010006, 0x0000fe00,
    0x04010006, 0x0000fe00, 0x04010006, 0x0000fe00, 0x04010006, 0x0000fe00, 0x04010006, 0x0000fe00,
    0x04010006, 0x0000fe00, 0x04010006, 0x0000fe00, 0x04010006, 0x0000fe00, 0x04010006, 0x0000fe00,
    0x04010006, 0x0000fe00, 0x04010006, 0x0000fe00, 0x04010006, 0x0000fe00, 0x04010006, 0x0000fe00,
    0x04010006, 0x0000fe00, 0x04010006, 0x0000fe00, 0x04010006, 0x0000fe00, 0x04010006, 0x0000fe00,
    0x04010006, 0x0000fe00, 0x04010006, 0x0000fe00, 0x04010006, 0x0000fe00, 0x04010006, 0x0000fe00,
    0x04010006, 0x0000fe00, 0x04010006, 0x0000fe00, 0x04010006, 0x0000fe00, 0x04010006, 0x0000fe00,
    0x04010006, 0x0000fe00, 0x04010006, 0x0000fe00, 0x04010006, 0x0000fe00, 0x04010006, 0x0000fe00,
    0x04010006, 0x0000fe00, 0x04010006, 0x0000fe00, 0x04010006, 0x0000fe00, 0x04010006, 0x0000fe00,
    0x04010006, 0x0000fe00, 0x04010006, 0x0000fe00, 0x04010006, 0x0000fe00, 0x04010006, 0x0000fe00,
    0x04010006, 0x0000fe00, 0x04010006, 0x0000fe00, 0x04010006, 0x0000fe00, 0x04010006, 0x0000fe00,
    0x04010006, 0x0000fe00, 0x04010006, 0x0000fe00, 0x04010006, 0x0000fe00, 0x04010006, 0x0000fe00,
    0x04010006, 0x0000fe00, 0x04010006, 0x0000fe00, 0x04010006, 0x0000fe00, 0x04010006, 0x0000fe00,
    0x04010006, 0x0000fe00, 0x04010006, 0x0000fe00, 0x04010006, 0x0000fe00, 0x04010006, 0x0000fe00,
    0x04010006, 0x0000fe00, 0x04010006, 0x0000fe00, 0x04010006, 0x0000fe00, 0x04010006, 0x0000fe00,
    0x04010006, 0x0000fe00, 0x04010006, 0x0000fe00, 0x04010006, 0x0000fe00, 0x04010006, 0x0000fe00,
    0x04010006, 0x0000fe00, 0x04010006, 0x0000fe00, 0x04010006, 0x0000fe00, 0x04010006, 0x0000fe00,
    0x04010006, 0x0000fe00, 0x04010006, 0x0000fe00, 0x04010006, 0x0000fe00, 0x04010006, 0x0000fe00,
    0x04010006, 0x0000fe00, 0x04010006, 0x0000fe00, 0x04010006, 0x0000fe00, 0x04010006, 0x0000fe00,
    0x04010006, 0x0000fe00, 0x04010006, 0x0000fe00, 0x04010006, 0x0000fe00, 0x04010006, 0x0000fe00,
    0x04010006, 0x0000fe00, 0x04010006, 0x0000fe00, 0x04010006, 0x0000fe00, 0x04010006, 0x0000fe00,
    0x04010006, 0x0000fe00, 0x04010006, 0x0000fe00, 0x04010006, 0x0000fe00, 0x04010006, 0x0000fe00,
    0x04010006, 0x0000fe00, 0x04010006, 0x0000fe00, 0x04010006, 0x0000fe00, 0x04010006, 0x0000fe00,
    0x04010006, 0x0000fe00, 0x04010006, 0x0000fe00, 0x04010006, 0x0000fe00, 0x04010006, 0x0000fe00,
    0x04010006, 0x0000fe00, 0x04010006, 0x0000fe00, 0x04010006, 0x0000fe00, 0x04010006, 0x0000fe00,
    0x04010006, 0x0000fe00, 0x04010006, 0x0000fe00, 0x04010006, 0x0000fe00, 0x04010006, 0x0000fe00,
    0x04010006, 0x0000fe00, 0x04010006, 0x0000fe00, 0x04010006, 0x0000fe00, 0x04010006, 0x0000fe00,
    0x04010006, 0x0000fe00, 0x04010006, 0x0000fe00, 0x04010006, 0x0000fe00, 0x04010006, 0x0000fe00,
    0x04010007, 0x00000001, 0x0401000d, 0x7c1f0001, 0x04010007, 0x00000001, 0x04010007, 0x00000001,
    0x04010007, 0x00000001, 0x04010007, 0x00000001, 0x04010007, 0x00000001, 0x04010007, 0x00000001,
    0x04010007, 0x00000001, 0x04010007, 0x00000001, 0x0401000d, 0x00030001, 0x0401000d, 0x03fd0001,
    0x0401000d, 0x10010001, 0x0401000d, 0x13ff0001, 0x0401000d, 0x0c010001, 0x0401000d, 0x0fff0001,
    0x0401000c, 0x00020001, 0x0401000c, 0x00020001, 0x0401000c, 0x03fe0001, 0x0401000c, 0x03fe0001,
    0x0401000c, 0x08010001, 0x0401000c, 0x08010001, 0x0401000c, 0x0bff0001, 0x0401000c, 0x0bff0001,
    0x0401000b, 0x04010001, 0x0401000b, 0x04010001, 0x0401000b, 0x04010001, 0x0401000b, 0x04010001,
    0x0401000b, 0x07ff0001, 0x0401000b, 0x07ff0001, 0x0401000b, 0x07ff0001, 0x0401000b, 0x07ff0001,
    0x04010009, 0xfe000001, 0x04010009, 0xfe000001, 0x04010009, 0xfe000001, 0x04010009, 0xfe000001,
    0x04010009, 0xfe000001, 0x04010009, 0xfe000001, 0x04010009, 0xfe000001, 0x04010009, 0xfe000001,
    0x04010009, 0xfe000001, 0x04010009, 0xfe000001, 0x04010009, 0xfe000001, 0x04010009, 0xfe000001,
    0x04010009, 0xfe000001, 0x04010009, 0xfe000001, 0x04010009, 0xfe000001, 0x04010009, 0xfe000001,
    0x0401000a, 0x00010001, 0x0401000a, 0x00010001, 0x0401000a, 0x00010001, 0x0401000a, 0x00010001,
    0x0401000a, 0x00010001, 0x0401000a, 0x00010001, 0x0401000a, 0x00010001, 0x0401000a, 0x00010001,
    0x0401000a, 0x03ff0001, 0x0401000a, 0x03ff0001, 0x0401000a, 0x03ff0001, 0x0401000a, 0x03ff0001,
    0x0401000a, 0x03ff0001, 0x0401000a, 0x03ff0001, 0x0401000a, 0x03ff0001, 0x0401000a, 0x03ff0001,
    0x04010007, 0x000003ff, 0x0401000d, 0x7c1f03ff, 0x04010007, 0x000003ff, 0x04010007, 0x000003ff,
    0x04010007, 0x000003ff, 0x04010007, 0x000003ff, 0x04010007, 0x000003ff, 0x04010007, 0x000003ff,
    0x04010007, 0x000003ff, 0x04010007, 0x000003ff, 0x0401000d, 0x000303ff, 0x0401000d, 0x03fd03ff,
    0x0401000d, 0x100103ff, 0x0401000d, 0x13ff03ff, 0x0401000d, 0x0c0103ff, 0x0401000d, 0x0fff03ff,
    0x0401000c, 0x000203ff, 0x0401000c, 0x000203ff, 0x0401000c, 0x03fe03ff, 0x0401000c, 0x03fe03ff,
    0x0401000c, 0x080103ff, 0x0401000c, 0x080103ff, 0x0401000c, 0x0bff03ff, 0x0401000c, 0x0bff03ff,
    0x0401000b, 0x040103ff, 0x0401000b, 0x040103ff, 0x0401000b, 0x040103ff, 0x0401000b, 0x040103ff,
    0x0401000b, 0x07ff03ff, 0x0401000b, 0x07ff03ff, 0x0401000b, 0x07ff03ff, 0x0401000b, 0x07ff03ff,
    0x04010009, 0xfe0003ff, 0x04010009, 0xfe0003ff, 0x04010009, 0xfe0003ff, 0x04010009, 0xfe0003ff,
    0x04010009, 0xfe0003ff, 0x04010009, 0xfe0003ff, 0x04010009, 0xfe0003ff, 0x04010009, 0xfe0003ff,
    0x04010009, 0xfe0003ff, 0x04010009, 0xfe0003ff, 0x04010009, 0xfe0003ff, 0x04010009, 0xfe0003ff,
    0x04010009, 0xfe0003ff, 0x04010009, 0xfe0003ff, 0x04010009, 0xfe0003ff, 0x04010009, 0xfe0003ff,
    0x0401000a, 0x000103ff, 0x0401000a, 0x000103ff, 0x0401000a, 0x000103ff, 0x0401000a, 0x000103ff,
    0x0401000a, 0x000103ff, 0x0401000a, 0x000103ff, 0x0401000a, 0x000103ff, 0x0401000a, 0x000103ff,
    0x0401000a, 0x03ff03ff, 0x0401000a, 0x03ff03ff, 0x0401000a, 0x03ff03ff, 0x0401000a, 0x03ff03ff,
    0x0401000a, 0x03ff03ff, 0x0401000a, 0x03ff03ff, 0x0401000a, 0x03ff03ff, 0x0401000a, 0x03ff03ff,
    0x07ff0004, 0x00000000, 0x07ff0004, 0x00000000, 0x07ff0004, 0x00000000, 0x07ff0004, 0x00000000,
    0x07ff0004, 0x00000000, 0x07ff0004, 0x00000000, 0x07ff0004, 0x00000000, 0x07ff0004, 0x00000000,
    0x07ff000a, 0x00007c1f, 0x07ff000a, 0x00007c1f, 0x07ff000a, 0x00007c1f, 0x07ff000a, 0x00007c1f,
    0x07ff000a, 0x00007c1f, 0x07ff000a, 0x00007c1f, 0x07ff000a, 0x00007c1f, 0x07ff000a, 0x00007c1f,
    0x07ff000c, 0x00000802, 0x07ff000c, 0x00000802, 0x07ff000c, 0x00000bfe, 0x07ff000c, 0x00000bfe,
    0x07ff000c, 0x00002401, 0x07ff000c, 0x00002401, 0x07ff000c, 0x000027ff, 0x07ff000c, 0x000027ff,
    0x07ff000c, 0x00000004, 0x07ff000c, 0x00000004, 0x07ff000c, 0x000003fc, 0x07ff000c, 0x000003fc,
    0x07ff000c, 0x00002001, 0x07ff000c, 0x00002001, 0x07ff000c, 0x000023ff, 0x07ff000c, 0x000023ff,
    0x07ff000b, 0x00001c01, 0x07ff000b, 0x00001c01, 0x07ff000d, 0xfe001c01, 0x07ff000b, 0x00001c01,
    0x07ff000b, 0x00001fff, 0x07ff000b, 0x00001fff, 0x07ff000d, 0xfe001fff, 0x07ff000b, 0x00001fff,
    0x07ff000b, 0x00001801, 0x07ff000b, 0x00001801, 0x07ff000d, 0xfe001801, 0x07ff000b, 0x00001801,
    0x07ff000b, 0x00001bff, 0x07ff000b, 0x00001bff, 0x07ff000d, 0xfe001bff, 0x07ff000b, 0x00001bff,
    0x07ff000b, 0x00000402, 0x07ff000b, 0x00000402, 0x07ff000d, 0xfe000402, 0x07ff000b, 0x00000402,
    0x07ff000b, 0x000007fe, 0x07ff000b, 0x000007fe, 0x07ff000d, 0xfe0007fe, 0x07ff000b, 0x000007fe,
    0x07ff000b, 0x00001401, 0x07ff000b, 0x00001401, 0x07ff000d, 0xfe001401, 0x07ff000b, 0x00001401,
    0x07ff000b, 0x000017ff, 0x07ff000b, 0x000017ff, 0x07ff000d, 0xfe0017ff, 0x07ff000b, 0x000017ff,
    0x07ff000d, 0x00003401, 0x07ff000d, 0x000037ff, 0x07ff000d, 0x00000006, 0x07ff000d, 0x000003fa,
    0x07ff000d, 0x00003001, 0x07ff000d, 0x000033ff, 0x07ff000d, 0x00002c01, 0x07ff000d, 0x00002fff,
    0x07ff000d, 0x00000c02, 0x07ff000d, 0x00000ffe, 0x07ff000d, 0x00000403, 0x07ff000d, 0x000007fd,
    0x07ff000d, 0x00000005, 0x07ff000d, 0x000003fb, 0x07ff000d, 0x00002801, 0x07ff000d, 0x00002bff,
    0x07ff000a, 0x00000003, 0x07ff000a, 0x00000003, 0x07ff000a, 0x00000003, 0x07ff000a, 0x00000003,
    0x07ff000c, 0xfe000003, 0x07ff000c, 0xfe000003, 0x07ff000d, 0x00010003, 0x07ff000d, 0x03ff0003,
    0x07ff000a, 0x000003fd, 0x07ff000a, 0x000003fd, 0x07ff000a, 0x000003fd, 0x07ff000a, 0x000003fd,
    0x07ff000c, 0xfe0003fd, 0x07ff000c, 0xfe0003fd, 0x07ff000d, 0x000103fd, 0x07ff000d, 0x03ff03fd,
    0x07ff000a, 0x00001001, 0x07ff000a, 0x00001001, 0x07ff000a, 0x00001001, 0x07ff000a, 0x00001001,
    0x07ff000c, 0xfe001001, 0x07ff000c, 0xfe001001, 0x07ff000d, 0x00011001, 0x07ff000d, 0x03ff1001,
    0x07ff000a, 0x000013ff, 0x07ff000a, 0x000013ff, 0x07ff000a, 0x000013ff, 0x07ff000a, 0x000013ff,
    0x07ff000c, 0xfe0013ff, 0x07ff000c, 0xfe0013ff, 0x07ff000d, 0x000113ff, 0x07ff000d, 0x03ff13ff,
    0x07ff000a, 0x00000c01, 0x07ff000a, 0x00000c01, 0x07ff000a, 0x00000c01, 0x07ff000a, 0x00000c01,
    0x07ff000c, 0xfe000c01, 0x07ff000c, 0xfe000c01, 0x07ff000d, 0x00010c01, 0x07ff000d, 0x03ff0c01,
    0x07ff000a, 0x00000fff, 0x07ff000a, 0x00000fff, 0x07ff000a, 0x00000fff, 0x07ff000a, 0x00000fff,
    0x07ff000c, 0xfe000fff, 0x07ff000c, 0xfe000fff, 0x07ff000d, 0x00010fff, 0x07ff000d, 0x03ff0fff,
    0x07ff0009, 0x00000002, 0x07ff0009, 0x00000002, 0x07ff0009, 0x00000002, 0x07ff0009, 0x00000002,
    0x07ff0009, 0x00000002, 0x07ff0009, 0x00000002, 0x07ff000d, 0x04010002, 0x07ff000d, 0x07ff0002,
    0x07ff000b, 0xfe000002, 0x07ff000b, 0xfe000002, 0x07ff000b, 0xfe000002, 0x07ff000b, 0xfe000002,
    0x07ff000c, 0x00010002, 0x07ff000c, 0x00010002, 0x07ff000c, 0x03ff0002, 0x07ff000c, 0x03ff0002,
    0x07ff0009, 0x000003fe, 0x07ff0009, 0x000003fe, 0x07ff0009, 0x000003fe, 0x07ff0009, 0x000003fe,
    0x07ff0009, 0x000003fe, 0x07ff0009, 0x000003fe, 0x07ff000d, 0x040103fe, 0x07ff000d, 0x07ff03fe,
    0x07ff000b, 0xfe0003fe, 0x07ff000b, 0xfe0003fe, 0x07ff000b, 0xfe0003fe, 0x07ff000b, 0xfe0003fe,
    0x07ff000c, 0x000103fe, 0x07ff000c, 0x000103fe, 0x07ff000c, 0x03ff03fe, 0x07ff000c, 0x03ff03fe,
    0x07ff0009, 0x00000801, 0x07ff0009, 0x00000801, 0x07ff0009, 0x00000801, 0x07ff0009, 0x00000801,
    0x07ff0009, 0x00000801, 0x07ff0009, 0x00000801, 0x07ff000d, 0x04010801, 0x07ff000d, 0x07ff0801,
    0x07ff000b, 0xfe000801, 0x07ff000b, 0xfe000801, 0x07ff000b, 0xfe000801, 0x07ff000b, 0xfe000801,
    0x07ff000c, 0x00010801, 0x07ff000c, 0x00010801, 0x07ff000c, 0x03ff0801, 0x07ff000c, 0x03ff0801,
    0x07ff0009, 0x00000bff, 0x07ff0009, 0x00000bff, 0x07ff0009, 0x00000bff, 0x07ff0009, 0x00000bff,
    0x07ff0009, 0x00000bff, 0x07ff0009, 0x00000bff, 0x07ff000d, 0x04010bff, 0x07ff000d, 0x07ff0bff,
    0x07ff000b, 0xfe000bff, 0x07ff000b, 0xfe000bff, 0x07ff000b, 0xfe000bff, 0x07ff000b, 0xfe000bff,
    0x07ff000c, 0x00010bff, 0x07ff000c, 0x00010bff, 0x07ff000c, 0x03ff0bff, 0x07ff000c, 0x03ff0bff,
    0x07ff0008, 0x00000401, 0x07ff0008, 0x00000401, 0x07ff0008, 0x00000401, 0x07ff0008, 0x00000401,
    0x07ff0008, 0x00000401, 0x07ff0008, 0x00000401, 0x07ff0008, 0x00000401, 0x07ff0008, 0x00000401,
    0x07ff000d, 0x00020401, 0x07ff000d, 0x03fe0401, 0x07ff000d, 0x08010401, 0x07ff000d, 0x0bff0401,
    0x07ff000c, 0x04010401, 0x07ff000c, 0x04010401, 0x07ff000c, 0x07ff0401, 0x07ff000c, 0x07ff0401,
    0x07ff000a, 0xfe000401, 0x07ff000a, 0xfe000401, 0x07ff000a, 0xfe000401, 0x07ff000a, 0xfe000401,
    0x07ff000a, 0xfe000401, 0x07ff000a, 0xfe000401, 0x07ff000a, 0xfe000401, 0x07ff000a, 0xfe000401,
    0x07ff000b, 0x00010401, 0x07ff000b, 0x00010401, 0x07ff000b, 0x00010401, 0x07ff000b, 0x00010401,
    0x07ff000b, 0x03ff0401, 0x07ff000b, 0x03ff0401, 0x07ff000b, 0x03ff0401, 0x07ff000b, 0x03ff0401,
    0x07ff0008, 0x000007ff, 0x07ff0008, 0x000007ff, 0x07ff0008, 0x000007ff, 0x07ff0008, 0x000007ff,
    0x07ff0008, 0x000007ff, 0x07ff0008, 0x000007ff, 0x07ff0008, 0x000007ff, 0x07ff0008, 0x000007ff,
    0x07ff000d, 0x000207ff, 0x07ff000d, 0x03fe07ff, 0x07ff000d, 0x080107ff, 0x07ff000d, 0x0bff07ff,
    0x07ff000c, 0x040107ff, 0x07ff000c, 0x040107ff, 0x07ff000c, 0x07ff07ff, 0x07ff000c, 0x07ff07ff,
    0x07ff000a, 0xfe0007ff, 0x07ff000a, 0xfe0007ff, 0x07ff000a, 0xfe0007ff, 0x07ff000a, 0xfe0007ff,
    0x07ff000a, 0xfe0007ff, 0x07ff000a, 0xfe0007ff, 0x07ff000a, 0xfe0007ff, 0x07ff000a, 0xfe0007ff,
    0x07ff000b, 0x000107ff, 0x07ff000b, 0x000107ff, 0x07ff000b, 0x000107ff, 0x07ff000b, 0x000107ff,
    0x07ff000b, 0x03ff07ff, 0x07ff000b, 0x03ff07ff, 0x07ff000b, 0x03ff07ff, 0x07ff000b, 0x03ff07ff,
    0x07ff0006, 0x0000fe00, 0x07ff0006, 0x0000fe00, 0x07ff0006, 0x0000fe00, 0x07ff0006, 0x0000fe00,
    0x07ff0006, 0x0000fe00, 0x07ff0006, 0x0000fe00, 0x07ff0006, 0x0000fe00, 0x07ff0006, 0x0000fe00,
    0x07ff0006, 0x0000fe00, 0x07ff0006, 0x0000fe00, 0x07ff0006, 0x0000fe00, 0x07ff0006, 0x0000fe00,
    0x07ff0006, 0x0000fe00, 0x07ff0006, 0x0000fe00, 0x07ff0006, 0x0000fe00, 0x07ff0006, 0x0000fe00,
    0x07ff0006, 0x0000fe00, 0x07ff0006, 0x0000fe00, 0x07ff0006, 0x0000fe00, 0x07ff0006, 0x0000fe00,
    0x07ff0006, 0x0000fe00, 0x07ff0006, 0x0000fe00, 0x07ff0006, 0x0000fe00, 0x07ff0006, 0x0000fe00,
    0x07ff0006, 0x0000fe00, 0x07ff0006, 0x0000fe00, 0x07ff0006, 0x0000fe00, 0x07ff0006, 0x0000fe00,
    0x07ff0006, 0x0000fe00, 0x07ff0006, 0x0000fe00, 0x07ff0006, 0x0000fe00, 0x07ff0006, 0x0000fe00,
    0x07ff0006, 0x0000fe00, 0x07ff0006, 0x0000fe00, 0x07ff0006, 0x0000fe00, 0x07ff0006, 0x0000fe00,
    0x07ff0006, 0x0000fe00, 0x07ff0006, 0x0000fe00, 0x07ff0006, 0x0000fe00, 0x07ff0006, 0x0000fe00,
    0x07ff0006, 0x0000fe00, 0x07ff0006, 0x0000fe00, 0x07ff0006, 0x0000fe00, 0x07ff0006, 0x0000fe00,
    0x07ff0006, 0x0000fe00, 0x07ff0006, 0x0000fe00, 0x07ff0006, 0x0000fe00, 0x07ff0006, 0x0000fe00,
    0x07ff0006, 0x0000fe00, 0x07ff0006, 0x0000fe00, 0x07ff0006, 0x0000fe00, 0x07ff0006, 0x0000fe00,
    0x07ff0006, 0x0000fe00, 0x07ff0006, 0x0000fe00, 0x07ff0006, 0x0000fe00, 0x07ff0006, 0x0000fe00,
    0x07ff0006, 0x0000fe00, 0x07ff0006, 0x0000fe00, 0x07ff0006, 0x0000fe00, 0x07ff0006, 0x0000fe00,
    0x07ff0006, 0x0000fe00, 0x07ff0006, 0x0000fe00, 0x07ff0006, 0x0000fe00, 0x07ff0006, 0x0000fe00,
    0x07ff0006, 0x0000fe00, 0x07ff0006, 0x0000fe00, 0x07ff0006, 0x0000fe00, 0x07ff0006, 0x0000fe00,
    0x07ff0006, 0x0000fe00, 0x07ff0006, 0x0000fe00, 0x07ff0006, 0x0000fe00, 0x07ff0006, 0x0000fe00,
    0x07ff0006, 0x0000fe00, 0x07ff0006, 0x0000fe00, 0x07ff0006, 0x0000fe00, 0x07ff0006, 0x0000fe00,
    0x07ff0006, 0x0000fe00, 0x07ff0006, 0x0000fe00, 0x07ff0006, 0x0000fe00, 0x07ff0006, 0x0000fe00,
    0x07ff0006, 0x0000fe00, 0x07ff0006, 0x0000fe00, 0x07ff0006, 0x0000fe00, 0x07ff0006, 0x0000fe00,
    0x07ff0006, 0x0000fe00, 0x07ff0006, 0x0000fe00, 0x07ff0006, 0x0000fe00, 0x07ff0006, 0x0000fe00,
    0x07ff0006, 0x0000fe00, 0x07ff0006, 0x0000fe00, 0x07ff0006, 0x0000fe00, 0x07ff0006, 0x0000fe00,
    0x07ff0006, 0x0000fe00, 0x07ff0006, 0x0000fe00, 0x07ff0006, 0x0000fe00, 0x07ff0006, 0x0000fe00,
    0x07ff0006, 0x0000fe00, 0x07ff0006, 0x0000fe00, 0x07ff0006, 0x0000fe00, 0x07ff0006, 0x0000fe00,
    0x07ff0006, 0x0000fe00, 0x07ff0006, 0x0000fe00, 0x07ff0006, 0x0000fe00, 0x07ff0006, 0x0000fe00,
    0x07ff0006, 0x0000fe00, 0x07ff0006, 0x0000fe00, 0x07ff0006, 0x0000fe00, 0x07ff0006, 0x0000fe00,
    0x07ff0006, 0x0000fe00, 0x07ff0006, 0x0000fe00, 0x07ff0006, 0x0000fe00, 0x07ff0006, 0x0000fe00,
    0x07ff0006, 0x0000fe00, 0x07ff0006, 0x0000fe00, 0x07ff0006, 0x0000fe00, 0x07ff0006, 0x0000fe00,
    0x07ff0006, 0x0000fe00, 0x07ff0006, 0x0000fe00, 0x07ff0006, 0x0000fe00, 0x07ff0006, 0x0000fe00,
    0x07ff0006, 0x0000fe00, 0x07ff0006, 0x0000fe00, 0x07ff0006, 0x0000fe00, 0x07ff0006, 0x0000fe00,
    0x07ff0006, 0x0000fe00, 0x07ff0006, 0x0000fe00, 0x07ff0006, 0x0000fe00, 0x07ff0006, 0x0000fe00,
    0x07ff0007, 0x00000001, 0x07ff000d, 0x7c1f0001, 0x07ff0007, 0x00000001, 0x07ff0007, 0x00000001,
    0x07ff0007, 0x00000001, 0x07ff0007, 0x00000001, 0x07ff0007, 0x00000001, 0x07ff0007, 0x00000001,
    0x07ff0007, 0x00000001, 0x07ff0007, 0x00000001, 0x07ff000d, 0x00030001, 0x07ff000d, 0x03fd0001,
    0x07ff000d, 0x10010001, 0x07ff000d, 0x13ff0001, 0x07ff000d, 0x0c010001, 0x07ff000d, 0x0fff0001,
    0x07ff000c, 0x00020001, 0x07ff000c, 0x00020001, 0x07ff000c, 0x03fe0001, 0x07ff000c, 0x03fe0001,
    0x07ff000c, 0x08010001, 0x07ff000c, 0x08010001, 0x07ff000c, 0x0bff0001, 0x07ff000c, 0x0bff0001,
    0x07ff000b, 0x04010001, 0x07ff000b, 0x04010001, 0x07ff000b, 0x04010001, 0x07ff000b, 0x04010001,
    0x07ff000b, 0x07ff0001, 0x07ff000b, 0x07ff0001, 0x07ff000b, 0x07ff0001, 0x07ff000b, 0x07ff0001,
    0x07ff0009, 0xfe000001, 0x07ff0009, 0xfe000001, 0x07ff0009, 0xfe000001, 0x07ff0009, 0xfe000001,
    0x07ff0009, 0xfe000001, 0x07ff0009, 0xfe000001, 0x07ff0009, 0xfe000001, 0x07ff0009, 0xfe000001,
    0x07ff0009, 0xfe000001, 0x07ff0009, 0xfe000001, 0x07ff0009, 0xfe000001, 0x07ff0009, 0xfe000001,
    0x07ff0009, 0xfe000001, 0x07ff0009, 0xfe000001, 0x07ff0009, 0xfe000001, 0x07ff0009, 0xfe000001,
    0x07ff000a, 0x00010001, 0x07ff000a, 0x00010001, 0x07ff000a, 0x00010001, 0x07ff000a, 0x00010001,
    0x07ff000a, 0x00010001, 0x07ff000a, 0x00010001, 0x07ff000a, 0x00010001, 0x07ff000a, 0x00010001,
    0x07ff000a, 0x03ff0001, 0x07ff000a, 0x03ff0001, 0x07ff000a, 0x03ff0001, 0x07ff000a, 0x03ff0001,
    0x07ff000a, 0x03ff0001, 0x07ff000a, 0x03ff0001, 0x07ff000a, 0x03ff0001, 0x07ff000a, 0x03ff0001,
    0x07ff0007, 0x000003ff, 0x07ff000d, 0x7c1f03ff, 0x07ff0007, 0x000003ff, 0x07ff0007, 0x000003ff,
    0x07ff0007, 0x000003ff, 0x07ff0007, 0x000003ff, 0x07ff0007, 0x000003ff, 0x07ff0007, 0x000003ff,
    0x07ff0007, 0x000003ff, 0x07ff0007, 0x000003ff, 0x07ff000d, 0x000303ff, 0x07ff000d, 0x03fd03ff,
    0x07ff000d, 0x100103ff, 0x07ff000d, 0x13ff03ff, 0x07ff000d, 0x0c0103ff, 0x07ff000d, 0x0fff03ff,
    0x07ff000c, 0x000203ff, 0x07ff000c, 0x000203ff, 0x07ff000c, 0x03fe03ff, 0x07ff000c, 0x03fe03ff,
    0x07ff000c, 0x080103ff, 0x07ff000c, 0x080103ff, 0x07ff000c, 0x0bff03ff, 0x07ff000c, 0x0bff03ff,
    0x07ff000b, 0x040103ff, 0x07ff000b, 0x040103ff, 0x07ff000b, 0x040103ff, 0x07ff000b, 0x040103ff,
    0x07ff000b, 0x07ff03ff, 0x07ff000b, 0x07ff03ff, 0x07ff000b, 0x07ff03ff, 0x07ff000b, 0x07ff03ff,
    0x07ff0009, 0xfe0003ff, 0x07ff0009, 0xfe0003ff, 0x07ff0009, 0xfe0003ff, 0x07ff0009, 0xfe0003ff,
    0x07ff0009, 0xfe0003ff, 0x07ff0009, 0xfe0003ff, 0x07ff0009, 0xfe0003ff, 0x07ff0009, 0xfe0003ff,
    0x07ff0009, 0xfe0003ff, 0x07ff0009, 0xfe0003ff, 0x07ff0009, 0xfe0003ff, 0x07ff0009, 0xfe0003ff,
    0x07ff0009, 0xfe0003ff, 0x07ff0009, 0xfe0003ff, 0x07ff0009, 0xfe0003ff, 0x07ff0009, 0xfe0003ff,
    0x07ff000a, 0x000103ff, 0x07ff000a, 0x000103ff, 0x07ff000a, 0x000103ff, 0x07ff000a, 0x000103ff,
    0x07ff000a, 0x000103ff, 0x07ff000a, 0x000103ff, 0x07ff000a, 0x000103ff, 0x07ff000a, 0x000103ff,
    0x07ff000a, 0x03ff03ff, 0x07ff000a, 0x03ff03ff, 0x07ff000a, 0x03ff03ff, 0x07ff000a, 0x03ff03ff,
    0x07ff000a, 0x03ff03ff, 0x07ff000a, 0x03ff03ff, 0x07ff000a, 0x03ff03ff, 0x07ff000a, 0x03ff03ff,
    0xfe000002, 0x00000000, 0xfe000002, 0x00000000, 0xfe000002, 0x00000000, 0xfe000002, 0x00000000,
    0xfe000002, 0x00000000, 0xfe000002, 0x00000000, 0xfe000002, 0x00000000, 0xfe000002, 0x00000000,
    0xfe000002, 0x00000000, 0xfe000002, 0x00000000, 0xfe000002, 0x00000000, 0xfe000002, 0x00000000,
    0xfe000002, 0x00000000, 0xfe000002, 0x00000000, 0xfe000002, 0x00000000, 0xfe000002, 0x00000000,
    0xfe000002, 0x00000000, 0xfe000002, 0x00000000, 0xfe000002, 0x00000000, 0xfe000002, 0x00000000,
    0xfe000002, 0x00000000, 0xfe000002, 0x00000000, 0xfe000002, 0x00000000, 0xfe000002, 0x00000000,
    0xfe000002, 0x00000000, 0xfe000002, 0x00000000, 0xfe000002, 0x00000000, 0xfe000002, 0x00000000,
    0xfe000002, 0x00000000, 0xfe000002, 0x00000000, 0xfe000002, 0x00000000, 0xfe000002, 0x00000000,
    0xfe000002, 0x00000000, 0xfe000002, 0x00000000, 0xfe000002, 0x00000000, 0xfe000002, 0x00000000,
    0xfe000002, 0x00000000, 0xfe000002, 0x00000000, 0xfe000002, 0x00000000, 0xfe000002, 0x00000000,
    0xfe000002, 0x00000000, 0xfe000002, 0x00000000, 0xfe000002, 0x00000000, 0xfe000002, 0x00000000,
    0xfe000002, 0x00000000, 0xfe000002, 0x00000000, 0xfe000002, 0x00000000, 0xfe000002, 0x00000000,
    0xfe000002, 0x00000000, 0xfe000002, 0x00000000, 0xfe000002, 0x00000000, 0xfe000002, 0x00000000,
    0xfe000002, 0x00000000, 0xfe000002, 0x00000000, 0xfe000002, 0x00000000, 0xfe000002, 0x00000000,
    0xfe000002, 0x00000000, 0xfe000002, 0x00000000, 0xfe000002, 0x00000000, 0xfe000002, 0x00000000,
    0xfe000002, 0x00000000, 0xfe000002, 0x00000000, 0xfe000002, 0x00000000, 0xfe000002, 0x00000000,
    0xfe000002, 0x00000000, 0xfe000002, 0x00000000, 0xfe000002, 0x00000000, 0xfe000002, 0x00000000,
    0xfe000002, 0x00000000, 0xfe000002, 0x00000000, 0xfe000002, 0x00000000, 0xfe000002, 0x00000000,
    0xfe000002, 0x00000000, 0xfe000002, 0x00000000, 0xfe000002, 0x00000000, 0xfe000002, 0x00000000,
    0xfe000002, 0x00000000, 0xfe000002, 0x00000000, 0xfe000002, 0x00000000, 0xfe000002, 0x00000000,
    0xfe000002, 0x00000000, 0xfe000002, 0x00000000, 0xfe000002, 0x00000000, 0xfe000002, 0x00000000,
    0xfe000002, 0x00000000, 0xfe000002, 0x00000000, 0xfe000002, 0x00000000, 0xfe000002, 0x00000000,
    0xfe000002, 0x00000000, 0xfe000002, 0x00000000, 0xfe000002, 0x00000000, 0xfe000002, 0x00000000,
    0xfe000002, 0x00000000, 0xfe000002, 0x00000000, 0xfe000002, 0x00000000, 0xfe000002, 0x00000000,
    0xfe000002, 0x00000000, 0xfe000002, 0x00000000, 0xfe000002, 0x00000000, 0xfe000002, 0x00000000,
    0xfe000002, 0x00000000, 0xfe000002, 0x00000000, 0xfe000002, 0x00000000, 0xfe000002, 0x00000000,
    0xfe000002, 0x00000000, 0xfe000002, 0x00000000, 0xfe000002, 0x00000000, 0xfe000002, 0x00000000,
    0xfe000002, 0x00000000, 0xfe000002, 0x00000000, 0xfe000002, 0x00000000, 0xfe000002, 0x00000000,
    0xfe000002, 0x00000000, 0xfe000002, 0x00000000, 0xfe000002, 0x00000000, 0xfe000002, 0x00000000,
    0xfe000002, 0x00000000, 0xfe000002, 0x00000000, 0xfe000002, 0x00000000, 0xfe000002, 0x00000000,
    0xfe000002, 0x00000000, 0xfe000002, 0x00000000, 0xfe000002, 0x00000000, 0xfe000002, 0x00000000,
    0xfe000002, 0x00000000, 0xfe000002, 0x00000000, 0xfe000002, 0x00000000, 0xfe000002, 0x00000000,
    0xfe000002, 0x00000000, 0xfe000002, 0x00000000, 0xfe000002, 0x00000000, 0xfe000002, 0x00000000,
    0xfe000002, 0x00000000, 0xfe000002, 0x00000000, 0xfe000002, 0x00000000, 0xfe000002, 0x00000000,
    0xfe000002, 0x00000000, 0xfe000002, 0x00000000, 0xfe000002, 0x00000000, 0xfe000002, 0x00000000,
    0xfe000002, 0x00000000, 0xfe000002, 0x00000000, 0xfe000002, 0x00000000, 0xfe000002, 0x00000000,
    0xfe000002, 0x00000000, 0xfe000002, 0x00000000, 0xfe000002, 0x00000000, 0xfe000002, 0x00000000,
    0xfe000002, 0x00000000, 0xfe000002, 0x00000000, 0xfe000002, 0x00000000, 0xfe000002, 0x00000000,
    0xfe000002, 0x00000000, 0xfe000002, 0x00000000, 0xfe000002, 0x00000000, 0xfe000002, 0x00000000,
    0xfe000002, 0x00000000, 0xfe000002, 0x00000000, 0xfe000002, 0x00000000, 0xfe000002, 0x00000000,
    0xfe000002, 0x00000000, 0xfe000002, 0x00000000, 0xfe000002, 0x00000000, 0xfe000002, 0x00000000,
    0xfe000002, 0x00000000, 0xfe000002, 0x00000000, 0xfe000002, 0x00000000, 0xfe000002, 0x00000000,
    0xfe000002, 0x00000000, 0xfe000002, 0x00000000, 0xfe000002, 0x00000000, 0xfe000002, 0x00000000,
    0xfe000002, 0x00000000, 0xfe000002, 0x00000000, 0xfe000002, 0x00000000, 0xfe000002, 0x00000000,
    0xfe000002, 0x00000000, 0xfe000002, 0x00000000, 0xfe000002, 0x00000000, 0xfe000002, 0x00000000,
    0xfe000002, 0x00000000, 0xfe000002, 0x00000000, 0xfe000002, 0x00000000, 0xfe000002, 0x00000000,
    0xfe000002, 0x00000000, 0xfe000002, 0x00000000, 0xfe000002, 0x00000000, 0xfe000002, 0x00000000,
    0xfe000002, 0x00000000, 0xfe000002, 0x00000000, 0xfe000002, 0x00000000, 0xfe000002, 0x00000000,
    0xfe000002, 0x00000000, 0xfe000002, 0x00000000, 0xfe000002, 0x00000000, 0xfe000002, 0x00000000,
    0xfe000002, 0x00000000, 0xfe000002, 0x00000000, 0xfe000002, 0x00000000, 0xfe000002, 0x00000000,
    0xfe000002, 0x00000000, 0xfe000002, 0x00000000, 0xfe000002, 0x00000000, 0xfe000002, 0x00000000,
    0xfe000002, 0x00000000, 0xfe000002, 0x00000000, 0xfe000002, 0x00000000, 0xfe000002, 0x00000000,
    0xfe000002, 0x00000000, 0xfe000002, 0x00000000, 0xfe000002, 0x00000000, 0xfe000002, 0x00000000,
    0xfe000002, 0x00000000, 0xfe000002, 0x00000000, 0xfe000002, 0x00000000, 0xfe000002, 0x00000000,
    0xfe000002, 0x00000000, 0xfe000002, 0x00000000, 0xfe000002, 0x00000000, 0xfe000002, 0x00000000,
    0xfe000002, 0x00000000, 0xfe000002, 0x00000000, 0xfe000002, 0x00000000, 0xfe000002, 0x00000000,
    0xfe000002, 0x00000000, 0xfe000002, 0x00000000, 0xfe000002, 0x00000000, 0xfe000002, 0x00000000,
    0xfe000002, 0x00000000, 0xfe000002, 0x00000000, 0xfe000002, 0x00000000, 0xfe000002, 0x00000000,
    0xfe000002, 0x00000000, 0xfe000002, 0x00000000, 0xfe000002, 0x00000000, 0xfe000002, 0x00000000,
    0xfe000002, 0x00000000, 0xfe000002, 0x00000000, 0xfe000002, 0x00000000, 0xfe000002, 0x00000000,
    0xfe000002, 0x00000000, 0xfe000002, 0x00000000, 0xfe000002, 0x00000000, 0xfe000002, 0x00000000,
    0xfe000002, 0x00000000, 0xfe000002, 0x00000000, 0xfe000002, 0x00000000, 0xfe000002, 0x00000000,
    0xfe000002, 0x00000000, 0xfe000002, 0x00000000, 0xfe000002, 0x00000000, 0xfe000002, 0x00000000,
    0xfe000002, 0x00000000, 0xfe000002, 0x00000000, 0xfe000002, 0x00000000, 0xfe000002, 0x00000000,
    0xfe000002, 0x00000000, 0xfe000002, 0x00000000, 0xfe000002, 0x00000000, 0xfe000002, 0x00000000,
    0xfe000002, 0x00000000, 0xfe000002, 0x00000000, 0xfe000002, 0x00000000, 0xfe000002, 0x00000000,
    0xfe000002, 0x00000000, 0xfe000002, 0x00000000, 0xfe000002, 0x00000000, 0xfe000002, 0x00000000,
    0xfe000002, 0x00000000, 0xfe000002, 0x00000000, 0xfe000002, 0x00000000, 0xfe000002, 0x00000000,
    0xfe000002, 0x00000000, 0xfe000002, 0x00000000, 0xfe000002, 0x00000000, 0xfe000002, 0x00000000,
    0xfe000002, 0x00000000, 0xfe000002, 0x00000000, 0xfe000002, 0x00000000, 0xfe000002, 0x00000000,
    0xfe000002, 0x00000000, 0xfe000002, 0x00000000, 0xfe000002, 0x00000000, 0xfe000002, 0x00000000,
    0xfe000002, 0x00000000, 0xfe000002, 0x00000000, 0xfe000002, 0x00000000, 0xfe000002, 0x00000000,
    0xfe000002, 0x00000000, 0xfe000002, 0x00000000, 0xfe000002, 0x00000000, 0xfe000002, 0x00000000,
    0xfe000002, 0x00000000, 0xfe000002, 0x00000000, 0xfe000002, 0x00000000, 0xfe000002, 0x00000000,
    0xfe000002, 0x00000000, 0xfe000002, 0x00000000, 0xfe000002, 0x00000000, 0xfe000002, 0x00000000,
    0xfe000002, 0x00000000, 0xfe000002, 0x00000000, 0xfe000002, 0x00000000, 0xfe000002, 0x00000000,
    0xfe000002, 0x00000000, 0xfe000002, 0x00000000, 0xfe000002, 0x00000000, 0xfe000002, 0x00000000,
    0xfe000002, 0x00000000, 0xfe000002, 0x00000000, 0xfe000002, 0x00000000, 0xfe000002, 0x00000000,
    0xfe000002, 0x00000000, 0xfe000002, 0x00000000, 0xfe000002, 0x00000000, 0xfe000002, 0x00000000,
    0xfe000002, 0x00000000, 0xfe000002, 0x00000000, 0xfe000002, 0x00000000, 0xfe000002, 0x00000000,
    0xfe000002, 0x00000000, 0xfe000002, 0x00000000, 0xfe000002, 0x00000000, 0xfe000002, 0x00000000,
    0xfe000002, 0x00000000, 0xfe000002, 0x00000000, 0xfe000002, 0x00000000, 0xfe000002, 0x00000000,
    0xfe000002, 0x00000000, 0xfe000002, 0x00000000, 0xfe000002, 0x00000000, 0xfe000002, 0x00000000,
    0xfe000002, 0x00000000, 0xfe000002, 0x00000000, 0xfe000002, 0x00000000, 0xfe000002, 0x00000000,
    0xfe000002, 0x00000000, 0xfe000002, 0x00000000, 0xfe000002, 0x00000000, 0xfe000002, 0x00000000,
    0xfe000002, 0x00000000, 0xfe000002, 0x00000000, 0xfe000002, 0x00000000, 0xfe000002, 0x00000000,
    0xfe000002, 0x00000000, 0xfe000002, 0x00000000, 0xfe000002, 0x00000000, 0xfe000002, 0x00000000,
    0xfe000002, 0x00000000, 0xfe000002, 0x00000000, 0xfe000002, 0x00000000, 0xfe000002, 0x00000000,
    0xfe000002, 0x00000000, 0xfe000002, 0x00000000, 0xfe000002, 0x00000000, 0xfe000002, 0x00000000,
    0xfe000002, 0x00000000, 0xfe000002, 0x00000000, 0xfe000002, 0x00000000, 0xfe000002, 0x00000000,
    0xfe000002, 0x00000000, 0xfe000002, 0x00000000, 0xfe000002, 0x00000000, 0xfe000002, 0x00000000,
    0xfe000002, 0x00000000, 0xfe000002, 0x00000000, 0xfe000002, 0x00000000, 0xfe000002, 0x00000000,
    0xfe000002, 0x00000000, 0xfe000002, 0x00000000, 0xfe000002, 0x00000000, 0xfe000002, 0x00000000,
    0xfe000002, 0x00000000, 0xfe000002, 0x00000000, 0xfe000002, 0x00000000, 0xfe000002, 0x00000000,
    0xfe000002, 0x00000000, 0xfe000002, 0x00000000, 0xfe000002, 0x00000000, 0xfe000002, 0x00000000,
    0xfe000002, 0x00000000, 0xfe000002, 0x00000000, 0xfe000002, 0x00000000, 0xfe000002, 0x00000000,
    0xfe000002, 0x00000000, 0xfe000002, 0x00000000, 0xfe000002, 0x00000000, 0xfe000002, 0x00000000,
    0xfe000002, 0x00000000, 0xfe000002, 0x00000000, 0xfe000002, 0x00000000, 0xfe000002, 0x00000000,
    0xfe000002, 0x00000000, 0xfe000002, 0x00000000, 0xfe000002, 0x00000000, 0xfe000002, 0x00000000,
    0xfe000002, 0x00000000, 0xfe000002, 0x00000000, 0xfe000002, 0x00000000, 0xfe000002, 0x00000000,
    0xfe000002, 0x00000000, 0xfe000002, 0x00000000, 0xfe000002, 0x00000000, 0xfe000002, 0x00000000,
    0xfe000002, 0x00000000, 0xfe000002, 0x00000000, 0xfe000002, 0x00000000, 0xfe000002, 0x00000000,
    0xfe000002, 0x00000000, 0xfe000002, 0x00000000, 0xfe000002, 0x00000000, 0xfe000002, 0x00000000,
    0xfe000002, 0x00000000, 0xfe000002, 0x00000000, 0xfe000002, 0x00000000, 0xfe000002, 0x00000000,
    0xfe000002, 0x00000000, 0xfe000002, 0x00000000, 0xfe000002, 0x00000000, 0xfe000002, 0x00000000,
    0xfe000002, 0x00000000, 0xfe000002, 0x00000000, 0xfe000002, 0x00000000, 0xfe000002, 0x00000000,
    0xfe000002, 0x00000000, 0xfe000002, 0x00000000, 0xfe000002, 0x00000000, 0xfe000002, 0x00000000,
    0xfe000002, 0x00000000, 0xfe000002, 0x00000000, 0xfe000002, 0x00000000, 0xfe000002, 0x00000000,
    0xfe000002, 0x00000000, 0xfe000002, 0x00000000, 0xfe000002, 0x00000000, 0xfe000002, 0x00000000,
    0xfe000002, 0x00000000, 0xfe000002, 0x00000000, 0xfe000002, 0x00000000, 0xfe000002, 0x00000000,
    0xfe000002, 0x00000000, 0xfe000002, 0x00000000, 0xfe000002, 0x00000000, 0xfe000002, 0x00000000,
    0xfe000002, 0x00000000, 0xfe000002, 0x00000000, 0xfe000002, 0x00000000, 0xfe000002, 0x00000000,
    0xfe000002, 0x00000000, 0xfe000002, 0x00000000, 0xfe000002, 0x00000000, 0xfe000002, 0x00000000,
    0xfe000002, 0x00000000, 0xfe000002, 0x00000000, 0xfe000002, 0x00000000, 0xfe000002, 0x00000000,
    0xfe000002, 0x00000000, 0xfe000002, 0x00000000, 0xfe000002, 0x00000000, 0xfe000002, 0x00000000,
    0xfe000002, 0x00000000, 0xfe000002, 0x00000000, 0xfe000002, 0x00000000, 0xfe000002, 0x00000000,
    0xfe000002, 0x00000000, 0xfe000002, 0x00000000, 0xfe000002, 0x00000000, 0xfe000002, 0x00000000,
    0xfe000002, 0x00000000, 0xfe000002, 0x00000000, 0xfe000002, 0x00000000, 0xfe000002, 0x00000000,
    0xfe000002, 0x00000000, 0xfe000002, 0x00000000, 0xfe000002, 0x00000000, 0xfe000002, 0x00000000,
    0xfe000002, 0x00000000, 0xfe000002, 0x00000000, 0xfe000002, 0x00000000, 0xfe000002, 0x00000000,
    0xfe000002, 0x00000000, 0xfe000002, 0x00000000, 0xfe000002, 0x00000000, 0xfe000002, 0x00000000,
    0xfe000002, 0x00000000, 0xfe000002, 0x00000000, 0xfe000002, 0x00000000, 0xfe000002, 0x00000000,
    0xfe000002, 0x00000000, 0xfe000002, 0x00000000, 0xfe000002, 0x00000000, 0xfe000002, 0x00000000,
    0xfe000002, 0x00000000, 0xfe000002, 0x00000000, 0xfe000002, 0x00000000, 0xfe000002, 0x00000000,
    0xfe000002, 0x00000000, 0xfe000002, 0x00000000, 0xfe000002, 0x00000000, 0xfe000002, 0x00000000,
    0xfe000002, 0x00000000, 0xfe000002, 0x00000000, 0xfe000002, 0x00000000, 0xfe000002, 0x00000000,
    0xfe000002, 0x00000000, 0xfe000002, 0x00000000, 0xfe000002, 0x00000000, 0xfe000002, 0x00000000,
    0xfe000002, 0x00000000, 0xfe000002, 0x00000000, 0xfe000002, 0x00000000, 0xfe000002, 0x00000000,
    0xfe000002, 0x00000000, 0xfe000002, 0x00000000, 0xfe000002, 0x00000000, 0xfe000002, 0x00000000,
    0xfe000002, 0x00000000, 0xfe000002, 0x00000000, 0xfe000002, 0x00000000, 0xfe000002, 0x00000000,
    0xfe000002, 0x00000000, 0xfe000002, 0x00000000, 0xfe000002, 0x00000000, 0xfe000002, 0x00000000,
    0xfe000002, 0x00000000, 0xfe000002, 0x00000000, 0xfe000002, 0x00000000, 0xfe000002, 0x00000000,
    0xfe000002, 0x00000000, 0xfe000002, 0x00000000, 0xfe000002, 0x00000000, 0xfe000002, 0x00000000,
    0xfe000002, 0x00000000, 0xfe000002, 0x00000000, 0xfe000002, 0x00000000, 0xfe000002, 0x00000000,
    0xfe000002, 0x00000000, 0xfe000002, 0x00000000, 0xfe000002, 0x00000000, 0xfe000002, 0x00000000,
    0xfe000002, 0x00000000, 0xfe000002, 0x00000000, 0xfe000002, 0x00000000, 0xfe000002, 0x00000000,
    0xfe000002, 0x00000000, 0xfe000002, 0x00000000, 0xfe000002, 0x00000000, 0xfe000002, 0x00000000,
    0xfe000002, 0x00000000, 0xfe000002, 0x00000000, 0xfe000002, 0x00000000, 0xfe000002, 0x00000000,
    0xfe000002, 0x00000000, 0xfe000002, 0x00000000, 0xfe000002, 0x00000000, 0xfe000002, 0x00000000,
    0xfe000002, 0x00000000, 0xfe000002, 0x00000000, 0xfe000002, 0x00000000, 0xfe000002, 0x00000000,
    0xfe000002, 0x00000000, 0xfe000002, 0x00000000, 0xfe000002, 0x00000000, 0xfe000002, 0x00000000,
    0xfe000002, 0x00000000, 0xfe000002, 0x00000000, 0xfe000002, 0x00000000, 0xfe000002, 0x00000000,
    0xfe000002, 0x00000000, 0xfe000002, 0x00000000, 0xfe000002, 0x00000000, 0xfe000002, 0x00000000,
    0xfe000002, 0x00000000, 0xfe000002, 0x00000000, 0xfe000002, 0x00000000, 0xfe000002, 0x00000000,
    0xfe000002, 0x00000000, 0xfe000002, 0x00000000, 0xfe000002, 0x00000000, 0xfe000002, 0x00000000,
    0xfe000002, 0x00000000, 0xfe000002, 0x00000000, 0xfe000002, 0x00000000, 0xfe000002, 0x00000000,
    0xfe000002, 0x00000000, 0xfe000002, 0x00000000, 0xfe000002, 0x00000000, 0xfe000002, 0x00000000,
    0xfe000002, 0x00000000, 0xfe000002, 0x00000000, 0xfe000002, 0x00000000, 0xfe000002, 0x00000000,
    0xfe000002, 0x00000000, 0xfe000002, 0x00000000, 0xfe000002, 0x00000000, 0xfe000002, 0x00000000,
    0xfe000002, 0x00000000, 0xfe000002, 0x00000000, 0xfe000002, 0x00000000, 0xfe000002, 0x00000000,
    0xfe000002, 0x00000000, 0xfe000002, 0x00000000, 0xfe000002, 0x00000000, 0xfe000002, 0x00000000,
    0xfe000002, 0x00000000, 0xfe000002, 0x00000000, 0xfe000002, 0x00000000, 0xfe000002, 0x00000000,
    0xfe000002, 0x00000000, 0xfe000002, 0x00000000, 0xfe000002, 0x00000000, 0xfe000002, 0x00000000,
    0xfe000002, 0x00000000, 0xfe000002, 0x00000000, 0xfe000002, 0x00000000, 0xfe000002, 0x00000000,
    0xfe000002, 0x00000000, 0xfe000002, 0x00000000, 0xfe000002, 0x00000000, 0xfe000002, 0x00000000,
    0xfe000002, 0x00000000, 0xfe000002, 0x00000000, 0xfe000002, 0x00000000, 0xfe000002, 0x00000000,
    0xfe000002, 0x00000000, 0xfe000002, 0x00000000, 0xfe000002, 0x00000000, 0xfe000002, 0x00000000,
    0xfe000002, 0x00000000, 0xfe000002, 0x00000000, 0xfe000002, 0x00000000, 0xfe000002, 0x00000000,
    0xfe000002, 0x00000000, 0xfe000002, 0x00000000, 0xfe000002, 0x00000000, 0xfe000002, 0x00000000,
    0xfe000002, 0x00000000, 0xfe000002, 0x00000000, 0xfe000002, 0x00000000, 0xfe000002, 0x00000000,
    0xfe000002, 0x00000000, 0xfe000002, 0x00000000, 0xfe000002, 0x00000000, 0xfe000002, 0x00000000,
    0xfe000002, 0x00000000, 0xfe000002, 0x00000000, 0xfe000002, 0x00000000, 0xfe000002, 0x00000000,
    0xfe000002, 0x00000000, 0xfe000002, 0x00000000, 0xfe000002, 0x00000000, 0xfe000002, 0x00000000,
    0xfe000002, 0x00000000, 0xfe000002, 0x00000000, 0xfe000002, 0x00000000, 0xfe000002, 0x00000000,
    0xfe000002, 0x00000000, 0xfe000002, 0x00000000, 0xfe000002, 0x00000000, 0xfe000002, 0x00000000,
    0xfe000002, 0x00000000, 0xfe000002, 0x00000000, 0xfe000002, 0x00000000, 0xfe000002, 0x00000000,
    0xfe000002, 0x00000000, 0xfe000002, 0x00000000, 0xfe000002, 0x00000000, 0xfe000002, 0x00000000,
    0xfe000002, 0x00000000, 0xfe000002, 0x00000000, 0xfe000002, 0x00000000, 0xfe000002, 0x00000000,
    0xfe000002, 0x00000000, 0xfe000002, 0x00000000, 0xfe000002, 0x00000000, 0xfe000002, 0x00000000,
    0xfe000002, 0x00000000, 0xfe000002, 0x00000000, 0xfe000002, 0x00000000, 0xfe000002, 0x00000000,
    0xfe000002, 0x00000000, 0xfe000002, 0x00000000, 0xfe000002, 0x00000000, 0xfe000002, 0x00000000,
    0xfe000002, 0x00000000, 0xfe000002, 0x00000000, 0xfe000002, 0x00000000, 0xfe000002, 0x00000000,
    0xfe000002, 0x00000000, 0xfe000002, 0x00000000, 0xfe000002, 0x00000000, 0xfe000002, 0x00000000,
    0xfe000002, 0x00000000, 0xfe000002, 0x00000000, 0xfe000002, 0x00000000, 0xfe000002, 0x00000000,
    0xfe000002, 0x00000000, 0xfe000002, 0x00000000, 0xfe000002, 0x00000000, 0xfe000002, 0x00000000,
    0xfe000002, 0x00000000, 0xfe000002, 0x00000000, 0xfe000002, 0x00000000, 0xfe000002, 0x00000000,
    0xfe000002, 0x00000000, 0xfe000002, 0x00000000, 0xfe000002, 0x00000000, 0xfe000002, 0x00000000,
    0xfe000002, 0x00000000, 0xfe000002, 0x00000000, 0xfe000002, 0x00000000, 0xfe000002, 0x00000000,
    0xfe000002, 0x00000000, 0xfe000002, 0x00000000, 0xfe000002, 0x00000000, 0xfe000002, 0x00000000,
    0xfe000002, 0x00000000, 0xfe000002, 0x00000000, 0xfe000002, 0x00000000, 0xfe000002, 0x00000000,
    0xfe000002, 0x00000000, 0xfe000002, 0x00000000, 0xfe000002, 0x00000000, 0xfe000002, 0x00000000,
    0xfe000002, 0x00000000, 0xfe000002, 0x00000000, 0xfe000002, 0x00000000, 0xfe000002, 0x00000000,
    0xfe000002, 0x00000000, 0xfe000002, 0x00000000, 0xfe000002, 0x00000000, 0xfe000002, 0x00000000,
    0xfe000002, 0x00000000, 0xfe000002, 0x00000000, 0xfe000002, 0x00000000, 0xfe000002, 0x00000000,
    0xfe000002, 0x00000000, 0xfe000002, 0x00000000, 0xfe000002, 0x00000000, 0xfe000002, 0x00000000,
    0xfe000002, 0x00000000, 0xfe000002, 0x00000000, 0xfe000002, 0x00000000, 0xfe000002, 0x00000000,
    0xfe000002, 0x00000000, 0xfe000002, 0x00000000, 0xfe000002, 0x00000000, 0xfe000002, 0x00000000,
    0xfe000002, 0x00000000, 0xfe000002, 0x00000000, 0xfe000002, 0x00000000, 0xfe000002, 0x00000000,
    0xfe000002, 0x00000000, 0xfe000002, 0x00000000, 0xfe000002, 0x00000000, 0xfe000002, 0x00000000,
    0xfe000002, 0x00000000, 0xfe000002, 0x00000000, 0xfe000002, 0x00000000, 0xfe000002, 0x00000000,
    0xfe000002, 0x00000000, 0xfe000002, 0x00000000, 0xfe000002, 0x00000000, 0xfe000002, 0x00000000,
    0xfe000002, 0x00000000, 0xfe000002, 0x00000000, 0xfe000002, 0x00000000, 0xfe000002, 0x00000000,
    0xfe000002, 0x00000000, 0xfe000002, 0x00000000, 0xfe000002, 0x00000000, 0xfe000002, 0x00000000,
    0xfe000002, 0x00000000, 0xfe000002, 0x00000000, 0xfe000002, 0x00000000, 0xfe000002, 0x00000000,
    0xfe000002, 0x00000000, 0xfe000002, 0x00000000, 0xfe000002, 0x00000000, 0xfe000002, 0x00000000,
    0xfe000002, 0x00000000, 0xfe000002, 0x00000000, 0xfe000002, 0x00000000, 0xfe000002, 0x00000000,
    0xfe000002, 0x00000000, 0xfe000002, 0x00000000, 0xfe000002, 0x00000000, 0xfe000002, 0x00000000,
    0xfe000002, 0x00000000, 0xfe000002, 0x00000000, 0xfe000002, 0x00000000, 0xfe000002, 0x00000000,
    0xfe000002, 0x00000000, 0xfe000002, 0x00000000, 0xfe000002, 0x00000000, 0xfe000002, 0x00000000,
    0xfe000002, 0x00000000, 0xfe000002, 0x00000000, 0xfe000002, 0x00000000, 0xfe000002, 0x00000000,
    0xfe000002, 0x00000000, 0xfe000002, 0x00000000, 0xfe000002, 0x00000000, 0xfe000002, 0x00000000,
    0xfe000002, 0x00000000, 0xfe000002, 0x00000000, 0xfe000002, 0x00000000, 0xfe000002, 0x00000000,
    0xfe000002, 0x00000000, 0xfe000002, 0x00000000, 0xfe000002, 0x00000000, 0xfe000002, 0x00000000,
    0xfe000002, 0x00000000, 0xfe000002, 0x00000000, 0xfe000002, 0x00000000, 0xfe000002, 0x00000000,
    0xfe000002, 0x00000000, 0xfe000002, 0x00000000, 0xfe000002, 0x00000000, 0xfe000002, 0x00000000,
    0xfe000002, 0x00000000, 0xfe000002, 0x00000000, 0xfe000002, 0x00000000, 0xfe000002, 0x00000000,
    0xfe000002, 0x00000000, 0xfe000002, 0x00000000, 0xfe000002, 0x00000000, 0xfe000002, 0x00000000,
    0xfe000002, 0x00000000, 0xfe000002, 0x00000000, 0xfe000002, 0x00000000, 0xfe000002, 0x00000000,
    0xfe000002, 0x00000000, 0xfe000002, 0x00000000, 0xfe000002, 0x00000000, 0xfe000002, 0x00000000,
    0xfe000002, 0x00000000, 0xfe000002, 0x00000000, 0xfe000002, 0x00000000, 0xfe000002, 0x00000000,
    0xfe000002, 0x00000000, 0xfe000002, 0x00000000, 0xfe000002, 0x00000000, 0xfe000002, 0x00000000,
    0xfe000002, 0x00000000, 0xfe000002, 0x00000000, 0xfe000002, 0x00000000, 0xfe000002, 0x00000000,
    0xfe000002, 0x00000000, 0xfe000002, 0x00000000, 0xfe000002, 0x00000000, 0xfe000002, 0x00000000,
    0xfe000002, 0x00000000, 0xfe000002, 0x00000000, 0xfe000002, 0x00000000, 0xfe000002, 0x00000000,
    0xfe000002, 0x00000000, 0xfe000002, 0x00000000, 0xfe000002, 0x00000000, 0xfe000002, 0x00000000,
    0xfe000002, 0x00000000, 0xfe000002, 0x00000000, 0xfe000002, 0x00000000, 0xfe000002, 0x00000000,
    0xfe000002, 0x00000000, 0xfe000002, 0x00000000, 0xfe000002, 0x00000000, 0xfe000002, 0x00000000,
    0xfe000002, 0x00000000, 0xfe000002, 0x00000000, 0xfe000002, 0x00000000, 0xfe000002, 0x00000000,
    0xfe000002, 0x00000000, 0xfe000002, 0x00000000, 0xfe000002, 0x00000000, 0xfe000002, 0x00000000,
    0xfe000002, 0x00000000, 0xfe000002, 0x00000000, 0xfe000002, 0x00000000, 0xfe000002, 0x00000000,
    0xfe000002, 0x00000000, 0xfe000002, 0x00000000, 0xfe000002, 0x00000000, 0xfe000002, 0x00000000,
    0xfe000002, 0x00000000, 0xfe000002, 0x00000000, 0xfe000002, 0x00000000, 0xfe000002, 0x00000000,
    0xfe000002, 0x00000000, 0xfe000002, 0x00000000, 0xfe000002, 0x00000000, 0xfe000002, 0x00000000,
    0xfe000002, 0x00000000, 0xfe000002, 0x00000000, 0xfe000002, 0x00000000, 0xfe000002, 0x00000000,
    0xfe000002, 0x00000000, 0xfe000002, 0x00000000, 0xfe000002, 0x00000000, 0xfe000002, 0x00000000,
    0xfe000002, 0x00000000, 0xfe000002, 0x00000000, 0xfe000002, 0x00000000, 0xfe000002, 0x00000000,
    0xfe000002, 0x00000000, 0xfe000002, 0x00000000, 0xfe000002, 0x00000000, 0xfe000002, 0x00000000,
    0xfe000002, 0x00000000, 0xfe000002, 0x00000000, 0xfe000002, 0x00000000, 0xfe000002, 0x00000000,
    0xfe000002, 0x00000000, 0xfe000002, 0x00000000, 0xfe000002, 0x00000000, 0xfe000002, 0x00000000,
    0xfe000002, 0x00000000, 0xfe000002, 0x00000000, 0xfe000002, 0x00000000, 0xfe000002, 0x00000000,
    0xfe000002, 0x00000000, 0xfe000002, 0x00000000, 0xfe000002, 0x00000000, 0xfe000002, 0x00000000,
    0xfe000002, 0x00000000, 0xfe000002, 0x00000000, 0xfe000002, 0x00000000, 0xfe000002, 0x00000000,
    0xfe000002, 0x00000000, 0xfe000002, 0x00000000, 0xfe000002, 0x00000000, 0xfe000002, 0x00000000,
    0xfe000002, 0x00000000, 0xfe000002, 0x00000000, 0xfe000002, 0x00000000, 0xfe000002, 0x00000000,
    0xfe000002, 0x00000000, 0xfe000002, 0x00000000, 0xfe000002, 0x00000000, 0xfe000002, 0x00000000,
    0xfe000002, 0x00000000, 0xfe000002, 0x00000000, 0xfe000002, 0x00000000, 0xfe000002, 0x00000000,
    0xfe000002, 0x00000000, 0xfe000002, 0x00000000, 0xfe000002, 0x00000000, 0xfe000002, 0x00000000,
    0xfe000002, 0x00000000, 0xfe000002, 0x00000000, 0xfe000002, 0x00000000, 0xfe000002, 0x00000000,
    0xfe000002, 0x00000000, 0xfe000002, 0x00000000, 0xfe000002, 0x00000000, 0xfe000002, 0x00000000,
    0xfe000002, 0x00000000, 0xfe000002, 0x00000000, 0xfe000002, 0x00000000, 0xfe000002, 0x00000000,
    0xfe000002, 0x00000000, 0xfe000002, 0x00000000, 0xfe000002, 0x00000000, 0xfe000002, 0x00000000,
    0xfe000002, 0x00000000, 0xfe000002, 0x00000000, 0xfe000002, 0x00000000, 0xfe000002, 0x00000000,
    0xfe000002, 0x00000000, 0xfe000002, 0x00000000, 0xfe000002, 0x00000000, 0xfe000002, 0x00000000,
    0xfe000002, 0x00000000, 0xfe000002, 0x00000000, 0xfe000002, 0x00000000, 0xfe000002, 0x00000000,
    0xfe000002, 0x00000000, 0xfe000002, 0x00000000, 0xfe000002, 0x00000000, 0xfe000002, 0x00000000,
    0xfe000002, 0x00000000, 0xfe000002, 0x00000000, 0xfe000002, 0x00000000, 0xfe000002, 0x00000000,
    0xfe000002, 0x00000000, 0xfe000002, 0x00000000, 0xfe000002, 0x00000000, 0xfe000002, 0x00000000,
    0xfe000002, 0x00000000, 0xfe000002, 0x00000000, 0xfe000002, 0x00000000, 0xfe000002, 0x00000000,
    0xfe000002, 0x00000000, 0xfe000002, 0x00000000, 0xfe000002, 0x00000000, 0xfe000002, 0x00000000,
    0xfe000002, 0x00000000, 0xfe000002, 0x00000000, 0xfe000002, 0x00000000, 0xfe000002, 0x00000000,
    0xfe000002, 0x00000000, 0xfe000002, 0x00000000, 0xfe000002, 0x00000000, 0xfe000002, 0x00000000,
    0xfe000002, 0x00000000, 0xfe000002, 0x00000000, 0xfe000002, 0x00000000, 0xfe000002, 0x00000000,
    0xfe000002, 0x00000000, 0xfe000002, 0x00000000, 0xfe000002, 0x00000000, 0xfe000002, 0x00000000,
    0xfe000002, 0x00000000, 0xfe000002, 0x00000000, 0xfe000002, 0x00000000, 0xfe000002, 0x00000000,
    0xfe000002, 0x00000000, 0xfe000002, 0x00000000, 0xfe000002, 0x00000000, 0xfe000002, 0x00000000,
    0xfe000002, 0x00000000, 0xfe000002, 0x00000000, 0xfe000002, 0x00000000, 0xfe000002, 0x00000000,
    0xfe000002, 0x00000000, 0xfe000002, 0x00000000, 0xfe000002, 0x00000000, 0xfe000002, 0x00000000,
    0xfe000002, 0x00000000, 0xfe000002, 0x00000000, 0xfe000002, 0x00000000, 0xfe000002, 0x00000000,
    0xfe000002, 0x00000000, 0xfe000002, 0x00000000, 0xfe000002, 0x00000000, 0xfe000002, 0x00000000,
    0xfe000002, 0x00000000, 0xfe000002, 0x00000000, 0xfe000002, 0x00000000, 0xfe000002, 0x00000000,
    0xfe000002, 0x00000000, 0xfe000002, 0x00000000, 0xfe000002, 0x00000000, 0xfe000002, 0x00000000,
    0xfe000002, 0x00000000, 0xfe000002, 0x00000000, 0xfe000002, 0x00000000, 0xfe000002, 0x00000000,
    0xfe000002, 0x00000000, 0xfe000002, 0x00000000, 0xfe000002, 0x00000000, 0xfe000002, 0x00000000,
    0xfe000002, 0x00000000, 0xfe000002, 0x00000000, 0xfe000002, 0x00000000, 0xfe000002, 0x00000000,
    0xfe000002, 0x00000000, 0xfe000002, 0x00000000, 0xfe000002, 0x00000000, 0xfe000002, 0x00000000,
    0xfe000002, 0x00000000, 0xfe000002, 0x00000000, 0xfe000002, 0x00000000, 0xfe000002, 0x00000000,
    0xfe000002, 0x00000000, 0xfe000002, 0x00000000, 0xfe000002, 0x00000000, 0xfe000002, 0x00000000,
    0xfe000002, 0x00000000, 0xfe000002, 0x00000000, 0xfe000002, 0x00000000, 0xfe000002, 0x00000000,
    0xfe000002, 0x00000000, 0xfe000002, 0x00000000, 0xfe000002, 0x00000000, 0xfe000002, 0x00000000,
    0xfe000002, 0x00000000, 0xfe000002, 0x00000000, 0xfe000002, 0x00000000, 0xfe000002, 0x00000000,
    0xfe000002, 0x00000000, 0xfe000002, 0x00000000, 0xfe000002, 0x00000000, 0xfe000002, 0x00000000,
    0xfe000002, 0x00000000, 0xfe000002, 0x00000000, 0xfe000002, 0x00000000, 0xfe000002, 0x00000000,
    0xfe000002, 0x00000000, 0xfe000002, 0x00000000, 0xfe000002, 0x00000000, 0xfe000002, 0x00000000,
    0xfe000002, 0x00000000, 0xfe000002, 0x00000000, 0xfe000002, 0x00000000, 0xfe000002, 0x00000000,
    0xfe000002, 0x00000000, 0xfe000002, 0x00000000, 0xfe000002, 0x00000000, 0xfe000002, 0x00000000,
    0xfe000002, 0x00000000, 0xfe000002, 0x00000000, 0xfe000002, 0x00000000, 0xfe000002, 0x00000000,
    0xfe000002, 0x00000000, 0xfe000002, 0x00000000, 0xfe000002, 0x00000000, 0xfe000002, 0x00000000,
    0xfe000002, 0x00000000, 0xfe000002, 0x00000000, 0xfe000002, 0x00000000, 0xfe000002, 0x00000000,
    0xfe000002, 0x00000000, 0xfe000002, 0x00000000, 0xfe000002, 0x00000000, 0xfe000002, 0x00000000,
    0xfe000002, 0x00000000, 0xfe000002, 0x00000000, 0xfe000002, 0x00000000, 0xfe000002, 0x00000000,
    0xfe000002, 0x00000000, 0xfe000002, 0x00000000, 0xfe000002, 0x00000000, 0xfe000002, 0x00000000,
    0xfe000002, 0x00000000, 0xfe000002, 0x00000000, 0xfe000002, 0x00000000, 0xfe000002, 0x00000000,
    0xfe000002, 0x00000000, 0xfe000002, 0x00000000, 0xfe000002, 0x00000000, 0xfe000002, 0x00000000,
    0xfe000002, 0x00000000, 0xfe000002, 0x00000000, 0xfe000002, 0x00000000, 0xfe000002, 0x00000000,
    0xfe000002, 0x00000000, 0xfe000002, 0x00000000, 0xfe000002, 0x00000000, 0xfe000002, 0x00000000,
    0xfe000002, 0x00000000, 0xfe000002, 0x00000000, 0xfe000002, 0x00000000, 0xfe000002, 0x00000000,
    0xfe000002, 0x00000000, 0xfe000002, 0x00000000, 0xfe000002, 0x00000000, 0xfe000002, 0x00000000,
    0xfe000002, 0x00000000, 0xfe000002, 0x00000000, 0xfe000002, 0x00000000, 0xfe000002, 0x00000000,
    0xfe000002, 0x00000000, 0xfe000002, 0x00000000, 0xfe000002, 0x00000000, 0xfe000002, 0x00000000,
    0xfe000002, 0x00000000, 0xfe000002, 0x00000000, 0xfe000002, 0x00000000, 0xfe000002, 0x00000000,
    0xfe000002, 0x00000000, 0xfe000002, 0x00000000, 0xfe000002, 0x00000000, 0xfe000002, 0x00000000,
    0xfe000002, 0x00000000, 0xfe000002, 0x00000000, 0xfe000002, 0x00000000, 0xfe000002, 0x00000000,
    0xfe000002, 0x00000000, 0xfe000002, 0x00000000, 0xfe000002, 0x00000000, 0xfe000002, 0x00000000,
    0xfe000002, 0x00000000, 0xfe000002, 0x00000000, 0xfe000002, 0x00000000, 0xfe000002, 0x00000000,
    0xfe000002, 0x00000000, 0xfe000002, 0x00000000, 0xfe000002, 0x00000000, 0xfe000002, 0x00000000,
    0xfe000002, 0x00000000, 0xfe000002, 0x00000000, 0xfe000002, 0x00000000, 0xfe000002, 0x00000000,
    0xfe000002, 0x00000000, 0xfe000002, 0x00000000, 0xfe000002, 0x00000000, 0xfe000002, 0x00000000,
    0xfe000002, 0x00000000, 0xfe000002, 0x00000000, 0xfe000002, 0x00000000, 0xfe000002, 0x00000000,
    0xfe000002, 0x00000000, 0xfe000002, 0x00000000, 0xfe000002, 0x00000000, 0xfe000002, 0x00000000,
    0xfe000002, 0x00000000, 0xfe000002, 0x00000000, 0xfe000002, 0x00000000, 0xfe000002, 0x00000000,
    0xfe000002, 0x00000000, 0xfe000002, 0x00000000, 0xfe000002, 0x00000000, 0xfe000002, 0x00000000,
    0xfe000002, 0x00000000, 0xfe000002, 0x00000000, 0xfe000002, 0x00000000, 0xfe000002, 0x00000000,
    0xfe000002, 0x00000000, 0xfe000002, 0x00000000, 0xfe000002, 0x00000000, 0xfe000002, 0x00000000,
    0xfe000002, 0x00000000, 0xfe000002, 0x00000000, 0xfe000002, 0x00000000, 0xfe000002, 0x00000000,
    0xfe000002, 0x00000000, 0xfe000002, 0x00000000, 0xfe000002, 0x00000000, 0xfe000002, 0x00000000,
    0xfe000002, 0x00000000, 0xfe000002, 0x00000000, 0xfe000002, 0x00000000, 0xfe000002, 0x00000000,
    0xfe000002, 0x00000000, 0xfe000002, 0x00000000, 0xfe000002, 0x00000000, 0xfe000002, 0x00000000,
    0xfe000002, 0x00000000, 0xfe000002, 0x00000000, 0xfe000002, 0x00000000, 0xfe000002, 0x00000000,
    0xfe000002, 0x00000000, 0xfe000002, 0x00000000, 0xfe000002, 0x00000000, 0xfe000002, 0x00000000,
    0xfe000002, 0x00000000, 0xfe000002, 0x00000000, 0xfe000002, 0x00000000, 0xfe000002, 0x00000000,
    0xfe000002, 0x00000000, 0xfe000002, 0x00000000, 0xfe000002, 0x00000000, 0xfe000002, 0x00000000,
    0xfe000002, 0x00000000, 0xfe000002, 0x00000000, 0xfe000002, 0x00000000, 0xfe000002, 0x00000000,
    0xfe000002, 0x00000000, 0xfe000002, 0x00000000, 0xfe000002, 0x00000000, 0xfe000002, 0x00000000,
    0xfe000002, 0x00000000, 0xfe000002, 0x00000000, 0xfe000002, 0x00000000, 0xfe000002, 0x00000000,
    0xfe000002, 0x00000000, 0xfe000002, 0x00000000, 0xfe000002, 0x00000000, 0xfe000002, 0x00000000,
    0xfe000002, 0x00000000, 0xfe000002, 0x00000000, 0xfe000002, 0x00000000, 0xfe000002, 0x00000000,
    0xfe000002, 0x00000000, 0xfe000002, 0x00000000, 0xfe000002, 0x00000000, 0xfe000002, 0x00000000,
    0xfe000002, 0x00000000, 0xfe000002, 0x00000000, 0xfe000002, 0x00000000, 0xfe000002, 0x00000000,
    0xfe000002, 0x00000000, 0xfe000002, 0x00000000, 0xfe000002, 0x00000000, 0xfe000002, 0x00000000,
    0xfe000002, 0x00000000, 0xfe000002, 0x00000000, 0xfe000002, 0x00000000, 0xfe000002, 0x00000000,
    0xfe000002, 0x00000000, 0xfe000002, 0x00000000, 0xfe000002, 0x00000000, 0xfe000002, 0x00000000,
    0xfe000002, 0x00000000, 0xfe000002, 0x00000000, 0xfe000002, 0x00000000, 0xfe000002, 0x00000000,
    0xfe000002, 0x00000000, 0xfe000002, 0x00000000, 0xfe000002, 0x00000000, 0xfe000002, 0x00000000,
    0xfe000002, 0x00000000, 0xfe000002, 0x00000000, 0xfe000002, 0x00000000, 0xfe000002, 0x00000000,
    0xfe000002, 0x00000000, 0xfe000002, 0x00000000, 0xfe000002, 0x00000000, 0xfe000002, 0x00000000,
    0xfe000002, 0x00000000, 0xfe000002, 0x00000000, 0xfe000002, 0x00000000, 0xfe000002, 0x00000000,
    0xfe000002, 0x00000000, 0xfe000002, 0x00000000, 0xfe000002, 0x00000000, 0xfe000002, 0x00000000,
    0xfe000002, 0x00000000, 0xfe000002, 0x00000000, 0xfe000002, 0x00000000, 0xfe000002, 0x00000000,
    0xfe000002, 0x00000000, 0xfe000002, 0x00000000, 0xfe000002, 0x00000000, 0xfe000002, 0x00000000,
    0xfe000002, 0x00000000, 0xfe000002, 0x00000000, 0xfe000002, 0x00000000, 0xfe000002, 0x00000000,
    0xfe000002, 0x00000000, 0xfe000002, 0x00000000, 0xfe000002, 0x00000000, 0xfe000002, 0x00000000,
    0xfe000002, 0x00000000, 0xfe000002, 0x00000000, 0xfe000002, 0x00000000, 0xfe000002, 0x00000000,
    0xfe000002, 0x00000000, 0xfe000002, 0x00000000, 0xfe000002, 0x00000000, 0xfe000002, 0x00000000,
    0xfe000002, 0x00000000, 0xfe000002, 0x00000000, 0xfe000002, 0x00000000, 0xfe000002, 0x00000000,
    0xfe000002, 0x00000000, 0xfe000002, 0x00000000, 0xfe000002, 0x00000000, 0xfe000002, 0x00000000,
    0xfe000002, 0x00000000, 0xfe000002, 0x00000000, 0xfe000002, 0x00000000, 0xfe000002, 0x00000000,
    0xfe000002, 0x00000000, 0xfe000002, 0x00000000, 0xfe000002, 0x00000000, 0xfe000002, 0x00000000,
    0xfe000002, 0x00000000, 0xfe000002, 0x00000000, 0xfe000002, 0x00000000, 0xfe000002, 0x00000000,
    0xfe000002, 0x00000000, 0xfe000002, 0x00000000, 0xfe000002, 0x00000000, 0xfe000002, 0x00000000,
    0xfe000002, 0x00000000, 0xfe000002, 0x00000000, 0xfe000002, 0x00000000, 0xfe000002, 0x00000000,
    0xfe000002, 0x00000000, 0xfe000002, 0x00000000, 0xfe000002, 0x00000000, 0xfe000002, 0x00000000,
    0xfe000002, 0x00000000, 0xfe000002, 0x00000000, 0xfe000002, 0x00000000, 0xfe000002, 0x00000000,
    0xfe000002, 0x00000000, 0xfe000002, 0x00000000, 0xfe000002, 0x00000000, 0xfe000002, 0x00000000,
    0xfe000002, 0x00000000, 0xfe000002, 0x00000000, 0xfe000002, 0x00000000, 0xfe000002, 0x00000000,
    0xfe000002, 0x00000000, 0xfe000002, 0x00000000, 0xfe000002, 0x00000000, 0xfe000002, 0x00000000,
    0xfe000002, 0x00000000, 0xfe000002, 0x00000000, 0xfe000002, 0x00000000, 0xfe000002, 0x00000000,
    0xfe000002, 0x00000000, 0xfe000002, 0x00000000, 0xfe000002, 0x00000000, 0xfe000002, 0x00000000,
    0xfe000002, 0x00000000, 0xfe000002, 0x00000000, 0xfe000002, 0x00000000, 0xfe000002, 0x00000000,
    0xfe000002, 0x00000000, 0xfe000002, 0x00000000, 0xfe000002, 0x00000000, 0xfe000002, 0x00000000,
    0xfe000002, 0x00000000, 0xfe000002, 0x00000000, 0xfe000002, 0x00000000, 0xfe000002, 0x00000000,
    0xfe000002, 0x00000000, 0xfe000002, 0x00000000, 0xfe000002, 0x00000000, 0xfe000002, 0x00000000,
    0xfe000002, 0x00000000, 0xfe000002, 0x00000000, 0xfe000002, 0x00000000, 0xfe000002, 0x00000000,
    0xfe000002, 0x00000000, 0xfe000002, 0x00000000, 0xfe000002, 0x00000000, 0xfe000002, 0x00000000,
    0xfe000002, 0x00000000, 0xfe000002, 0x00000000, 0xfe000002, 0x00000000, 0xfe000002, 0x00000000,
    0xfe000002, 0x00000000, 0xfe000002, 0x00000000, 0xfe000002, 0x00000000, 0xfe000002, 0x00000000,
    0xfe000002, 0x00000000, 0xfe000002, 0x00000000, 0xfe000002, 0x00000000, 0xfe000002, 0x00000000,
    0xfe000002, 0x00000000, 0xfe000002, 0x00000000, 0xfe000002, 0x00000000, 0xfe000002, 0x00000000,
    0xfe000002, 0x00000000, 0xfe000002, 0x00000000, 0xfe000002, 0x00000000, 0xfe000002, 0x00000000,
    0xfe000002, 0x00000000, 0xfe000002, 0x00000000, 0xfe000002, 0x00000000, 0xfe000002, 0x00000000,
    0xfe000002, 0x00000000, 0xfe000002, 0x00000000, 0xfe000002, 0x00000000, 0xfe000002, 0x00000000,
    0xfe000002, 0x00000000, 0xfe000002, 0x00000000, 0xfe000002, 0x00000000, 0xfe000002, 0x00000000,
    0xfe000002, 0x00000000, 0xfe000002, 0x00000000, 0xfe000002, 0x00000000, 0xfe000002, 0x00000000,
    0xfe000002, 0x00000000, 0xfe000002, 0x00000000, 0xfe000002, 0x00000000, 0xfe000002, 0x00000000,
    0xfe000002, 0x00000000, 0xfe000002, 0x00000000, 0xfe000002, 0x00000000, 0xfe000002, 0x00000000,
    0xfe000002, 0x00000000, 0xfe000002, 0x00000000, 0xfe000002, 0x00000000, 0xfe000002, 0x00000000,
    0xfe000002, 0x00000000, 0xfe000002, 0x00000000, 0xfe000002, 0x00000000, 0xfe000002, 0x00000000,
    0xfe000002, 0x00000000, 0xfe000002, 0x00000000, 0xfe000002, 0x00000000, 0xfe000002, 0x00000000,
    0xfe000002, 0x00000000, 0xfe000002, 0x00000000, 0xfe000002, 0x00000000, 0xfe000002, 0x00000000,
    0xfe000002, 0x00000000, 0xfe000002, 0x00000000, 0xfe000002, 0x00000000, 0xfe000002, 0x00000000,
    0xfe000002, 0x00000000, 0xfe000002, 0x00000000, 0xfe000002, 0x00000000, 0xfe000002, 0x00000000,
    0xfe000002, 0x00000000, 0xfe000002, 0x00000000, 0xfe000002, 0x00000000, 0xfe000002, 0x00000000,
    0xfe000002, 0x00000000, 0xfe000002, 0x00000000, 0xfe000002, 0x00000000, 0xfe000002, 0x00000000,
    0xfe000002, 0x00000000, 0xfe000002, 0x00000000, 0xfe000002, 0x00000000, 0xfe000002, 0x00000000,
    0xfe000002, 0x00000000, 0xfe000002, 0x00000000, 0xfe000002, 0x00000000, 0xfe000002, 0x00000000,
    0xfe000002, 0x00000000, 0xfe000002, 0x00000000, 0xfe000002, 0x00000000, 0xfe000002, 0x00000000,
    0xfe000002, 0x00000000, 0xfe000002, 0x00000000, 0xfe000002, 0x00000000, 0xfe000002, 0x00000000,
    0xfe000002, 0x00000000, 0xfe000002, 0x00000000, 0xfe000002, 0x00000000, 0xfe000002, 0x00000000,
    0xfe000002, 0x00000000, 0xfe000002, 0x00000000, 0xfe000002, 0x00000000, 0xfe000002, 0x00000000,
    0xfe000002, 0x00000000, 0xfe000002, 0x00000000, 0xfe000002, 0x00000000, 0xfe000002, 0x00000000,
    0xfe000002, 0x00000000, 0xfe000002, 0x00000000, 0xfe000002, 0x00000000, 0xfe000002, 0x00000000,
    0xfe000002, 0x00000000, 0xfe000002, 0x00000000, 0xfe000002, 0x00000000, 0xfe000002, 0x00000000,
    0xfe000002, 0x00000000, 0xfe000002, 0x00000000, 0xfe000002, 0x00000000, 0xfe000002, 0x00000000,
    0xfe000002, 0x00000000, 0xfe000002, 0x00000000, 0xfe000002, 0x00000000, 0xfe000002, 0x00000000,
    0xfe000002, 0x00000000, 0xfe000002, 0x00000000, 0xfe000002, 0x00000000, 0xfe000002, 0x00000000,
    0xfe000002, 0x00000000, 0xfe000002, 0x00000000, 0xfe000002, 0x00000000, 0xfe000002, 0x00000000,
    0xfe000002, 0x00000000, 0xfe000002, 0x00000000, 0xfe000002, 0x00000000, 0xfe000002, 0x00000000,
    0xfe000002, 0x00000000, 0xfe000002, 0x00000000, 0xfe000002, 0x00000000, 0xfe000002, 0x00000000,
    0xfe000002, 0x00000000, 0xfe000002, 0x00000000, 0xfe000002, 0x00000000, 0xfe000002, 0x00000000,
    0xfe000002, 0x00000000, 0xfe000002, 0x00000000, 0xfe000002, 0x00000000, 0xfe000002, 0x00000000,
    0xfe000002, 0x00000000, 0xfe000002, 0x00000000, 0xfe000002, 0x00000000, 0xfe000002, 0x00000000,
    0xfe000002, 0x00000000, 0xfe000002, 0x00000000, 0xfe000002, 0x00000000, 0xfe000002, 0x00000000,
    0xfe000002, 0x00000000, 0xfe000002, 0x00000000, 0xfe000002, 0x00000000, 0xfe000002, 0x00000000,
    0xfe000002, 0x00000000, 0xfe000002, 0x00000000, 0xfe000002, 0x00000000, 0xfe000002, 0x00000000,
    0xfe000002, 0x00000000, 0xfe000002, 0x00000000, 0xfe000002, 0x00000000, 0xfe000002, 0x00000000,
    0xfe000002, 0x00000000, 0xfe000002, 0x00000000, 0xfe000002, 0x00000000, 0xfe000002, 0x00000000,
    0xfe000002, 0x00000000, 0xfe000002, 0x00000000, 0xfe000002, 0x00000000, 0xfe000002, 0x00000000,
    0xfe000002, 0x00000000, 0xfe000002, 0x00000000, 0xfe000002, 0x00000000, 0xfe000002, 0x00000000,
    0xfe000002, 0x00000000, 0xfe000002, 0x00000000, 0xfe000002, 0x00000000, 0xfe000002, 0x00000000,
    0xfe000002, 0x00000000, 0xfe000002, 0x00000000, 0xfe000002, 0x00000000, 0xfe000002, 0x00000000,
    0xfe000002, 0x00000000, 0xfe000002, 0x00000000, 0xfe000002, 0x00000000, 0xfe000002, 0x00000000,
    0xfe000002, 0x00000000, 0xfe000002, 0x00000000, 0xfe000002, 0x00000000, 0xfe000002, 0x00000000,
    0xfe000002, 0x00000000, 0xfe000002, 0x00000000, 0xfe000002, 0x00000000, 0xfe000002, 0x00000000,
    0xfe000002, 0x00000000, 0xfe000002, 0x00000000, 0xfe000002, 0x00000000, 0xfe000002, 0x00000000,
    0xfe000002, 0x00000000, 0xfe000002, 0x00000000, 0xfe000002, 0x00000000, 0xfe000002, 0x00000000,
    0xfe000002, 0x00000000, 0xfe000002, 0x00000000, 0xfe000002, 0x00000000, 0xfe000002, 0x00000000,
    0xfe000002, 0x00000000, 0xfe000002, 0x00000000, 0xfe000002, 0x00000000, 0xfe000002, 0x00000000,
    0xfe000002, 0x00000000, 0xfe000002, 0x00000000, 0xfe000002, 0x00000000, 0xfe000002, 0x00000000,
    0xfe000002, 0x00000000, 0xfe000002, 0x00000000, 0xfe000002, 0x00000000, 0xfe000002, 0x00000000,
    0xfe000002, 0x00000000, 0xfe000002, 0x00000000, 0xfe000002, 0x00000000, 0xfe000002, 0x00000000,
    0xfe000002, 0x00000000, 0xfe000002, 0x00000000, 0xfe000002, 0x00000000, 0xfe000002, 0x00000000,
    0xfe000002, 0x00000000, 0xfe000002, 0x00000000, 0xfe000002, 0x00000000, 0xfe000002, 0x00000000,
    0xfe000002, 0x00000000, 0xfe000002, 0x00000000, 0xfe000002, 0x00000000, 0xfe000002, 0x00000000,
    0xfe000002, 0x00000000, 0xfe000002, 0x00000000, 0xfe000002, 0x00000000, 0xfe000002, 0x00000000,
    0xfe000002, 0x00000000, 0xfe000002, 0x00000000, 0xfe000002, 0x00000000, 0xfe000002, 0x00000000,
    0xfe000002, 0x00000000, 0xfe000002, 0x00000000, 0xfe000002, 0x00000000, 0xfe000002, 0x00000000,
    0xfe000002, 0x00000000, 0xfe000002, 0x00000000, 0xfe000002, 0x00000000, 0xfe000002, 0x00000000,
    0xfe000002, 0x00000000, 0xfe000002, 0x00000000, 0xfe000002, 0x00000000, 0xfe000002, 0x00000000,
    0xfe000002, 0x00000000, 0xfe000002, 0x00000000, 0xfe000002, 0x00000000, 0xfe000002, 0x00000000,
    0xfe000002, 0x00000000, 0xfe000002, 0x00000000, 0xfe000002, 0x00000000, 0xfe000002, 0x00000000,
    0xfe000002, 0x00000000, 0xfe000002, 0x00000000, 0xfe000002, 0x00000000, 0xfe000002, 0x00000000,
    0xfe000002, 0x00000000, 0xfe000002, 0x00000000, 0xfe000002, 0x00000000, 0xfe000002, 0x00000000,
    0xfe000002, 0x00000000, 0xfe000002, 0x00000000, 0xfe000002, 0x00000000, 0xfe000002, 0x00000000,
    0xfe000002, 0x00000000, 0xfe000002, 0x00000000, 0xfe000002, 0x00000000, 0xfe000002, 0x00000000,
    0xfe000002, 0x00000000, 0xfe000002, 0x00000000, 0xfe000002, 0x00000000, 0xfe000002, 0x00000000,
    0xfe000002, 0x00000000, 0xfe000002, 0x00000000, 0xfe000002, 0x00000000, 0xfe000002, 0x00000000,
    0xfe000002, 0x00000000, 0xfe000002, 0x00000000, 0xfe000002, 0x00000000, 0xfe000002, 0x00000000,
    0xfe000002, 0x00000000, 0xfe000002, 0x00000000, 0xfe000002, 0x00000000, 0xfe000002, 0x00000000,
    0xfe000002, 0x00000000, 0xfe000002, 0x00000000, 0xfe000002, 0x00000000, 0xfe000002, 0x00000000,
    0xfe000002, 0x00000000, 0xfe000002, 0x00000000, 0xfe000002, 0x00000000, 0xfe000002, 0x00000000,
    0xfe000002, 0x00000000, 0xfe000002, 0x00000000, 0xfe000002, 0x00000000, 0xfe000002, 0x00000000,
    0xfe000002, 0x00000000, 0xfe000002, 0x00000000, 0xfe000002, 0x00000000, 0xfe000002, 0x00000000,
    0xfe000002, 0x00000000, 0xfe000002, 0x00000000, 0xfe000002, 0x00000000, 0xfe000002, 0x00000000,
    0xfe000002, 0x00000000, 0xfe000002, 0x00000000, 0xfe000002, 0x00000000, 0xfe000002, 0x00000000,
    0xfe000002, 0x00000000, 0xfe000002, 0x00000000, 0xfe000002, 0x00000000, 0xfe000002, 0x00000000,
    0xfe000002, 0x00000000, 0xfe000002, 0x00000000, 0xfe000002, 0x00000000, 0xfe000002, 0x00000000,
    0xfe000002, 0x00000000, 0xfe000002, 0x00000000, 0xfe000002, 0x00000000, 0xfe000002, 0x00000000,
    0xfe000002, 0x00000000, 0xfe000002, 0x00000000, 0xfe000002, 0x00000000, 0xfe000002, 0x00000000,
    0xfe000002, 0x00000000, 0xfe000002, 0x00000000, 0xfe000002, 0x00000000, 0xfe000002, 0x00000000,
    0xfe000002, 0x00000000, 0xfe000002, 0x00000000, 0xfe000002, 0x00000000, 0xfe000002, 0x00000000,
    0xfe000002, 0x00000000, 0xfe000002, 0x00000000, 0xfe000002, 0x00000000, 0xfe000002, 0x00000000,
    0xfe000002, 0x00000000, 0xfe000002, 0x00000000, 0xfe000002, 0x00000000, 0xfe000002, 0x00000000,
    0xfe000002, 0x00000000, 0xfe000002, 0x00000000, 0xfe000002, 0x00000000, 0xfe000002, 0x00000000,
    0xfe000002, 0x00000000, 0xfe000002, 0x00000000, 0xfe000002, 0x00000000, 0xfe000002, 0x00000000,
    0xfe000002, 0x00000000, 0xfe000002, 0x00000000, 0xfe000002, 0x00000000, 0xfe000002, 0x00000000,
    0xfe000002, 0x00000000, 0xfe000002, 0x00000000, 0xfe000002, 0x00000000, 0xfe000002, 0x00000000,
    0xfe000002, 0x00000000, 0xfe000002, 0x00000000, 0xfe000002, 0x00000000, 0xfe000002, 0x00000000,
    0xfe000002, 0x00000000, 0xfe000002, 0x00000000, 0xfe000002, 0x00000000, 0xfe000002, 0x00000000,
    0xfe000002, 0x00000000, 0xfe000002, 0x00000000, 0xfe000002, 0x00000000, 0xfe000002, 0x00000000,
    0xfe000002, 0x00000000, 0xfe000002, 0x00000000, 0xfe000002, 0x00000000, 0xfe000002, 0x00000000,
    0xfe000002, 0x00000000, 0xfe000002, 0x00000000, 0xfe000002, 0x00000000, 0xfe000002, 0x00000000,
    0xfe000002, 0x00000000, 0xfe000002, 0x00000000, 0xfe000002, 0x00000000, 0xfe000002, 0x00000000,
    0xfe000002, 0x00000000, 0xfe000002, 0x00000000, 0xfe000002, 0x00000000, 0xfe000002, 0x00000000,
    0xfe000002, 0x00000000, 0xfe000002, 0x00000000, 0xfe000002, 0x00000000, 0xfe000002, 0x00000000,
    0xfe000002, 0x00000000, 0xfe000002, 0x00000000, 0xfe000002, 0x00000000, 0xfe000002, 0x00000000,
    0xfe000002, 0x00000000, 0xfe000002, 0x00000000, 0xfe000002, 0x00000000, 0xfe000002, 0x00000000,
    0xfe000002, 0x00000000, 0xfe000002, 0x00000000, 0xfe000002, 0x00000000, 0xfe000002, 0x00000000,
    0xfe000002, 0x00000000, 0xfe000002, 0x00000000, 0xfe000002, 0x00000000, 0xfe000002, 0x00000000,
    0xfe000002, 0x00000000, 0xfe000002, 0x00000000, 0xfe000002, 0x00000000, 0xfe000002, 0x00000000,
    0xfe000002, 0x00000000, 0xfe000002, 0x00000000, 0xfe000002, 0x00000000, 0xfe000002, 0x00000000,
    0xfe000002, 0x00000000, 0xfe000002, 0x00000000, 0xfe000002, 0x00000000, 0xfe000002, 0x00000000,
    0xfe000002, 0x00000000, 0xfe000002, 0x00000000, 0xfe000002, 0x00000000, 0xfe000002, 0x00000000,
    0xfe000002, 0x00000000, 0xfe000002, 0x00000000, 0xfe000002, 0x00000000, 0xfe000002, 0x00000000,
    0xfe000002, 0x00000000, 0xfe000002, 0x00000000, 0xfe000002, 0x00000000, 0xfe000002, 0x00000000,
    0xfe000002, 0x00000000, 0xfe000002, 0x00000000, 0xfe000002, 0x00000000, 0xfe000002, 0x00000000,
    0xfe000002, 0x00000000, 0xfe000002, 0x00000000, 0xfe000002, 0x00000000, 0xfe000002, 0x00000000,
    0xfe000002, 0x00000000, 0xfe000002, 0x00000000, 0xfe000002, 0x00000000, 0xfe000002, 0x00000000,
    0xfe000002, 0x00000000, 0xfe000002, 0x00000000, 0xfe000002, 0x00000000, 0xfe000002, 0x00000000,
    0xfe000002, 0x00000000, 0xfe000002, 0x00000000, 0xfe000002, 0x00000000, 0xfe000002, 0x00000000,
    0xfe000002, 0x00000000, 0xfe000002, 0x00000000, 0xfe000002, 0x00000000, 0xfe000002, 0x00000000,
    0xfe000002, 0x00000000, 0xfe000002, 0x00000000, 0xfe000002, 0x00000000, 0xfe000002, 0x00000000,
    0xfe000002, 0x00000000, 0xfe000002, 0x00000000, 0xfe000002, 0x00000000, 0xfe000002, 0x00000000,
    0xfe000002, 0x00000000, 0xfe000002, 0x00000000, 0xfe000002, 0x00000000, 0xfe000002, 0x00000000,
    0xfe000002, 0x00000000, 0xfe000002, 0x00000000, 0xfe000002, 0x00000000, 0xfe000002, 0x00000000,
    0xfe000002, 0x00000000, 0xfe000002, 0x00000000, 0xfe000002, 0x00000000, 0xfe000002, 0x00000000,
    0xfe000002, 0x00000000, 0xfe000002, 0x00000000, 0xfe000002, 0x00000000, 0xfe000002, 0x00000000,
    0xfe000002, 0x00000000, 0xfe000002, 0x00000000, 0xfe000002, 0x00000000, 0xfe000002, 0x00000000,
    0xfe000002, 0x00000000, 0xfe000002, 0x00000000, 0xfe000002, 0x00000000, 0xfe000002, 0x00000000,
    0xfe000002, 0x00000000, 0xfe000002, 0x00000000, 0xfe000002, 0x00000000, 0xfe000002, 0x00000000,
    0xfe000002, 0x00000000, 0xfe000002, 0x00000000, 0xfe000002, 0x00000000, 0xfe000002, 0x00000000,
    0xfe000002, 0x00000000, 0xfe000002, 0x00000000, 0xfe000002, 0x00000000, 0xfe000002, 0x00000000,
    0xfe000002, 0x00000000, 0xfe000002, 0x00000000, 0xfe000002, 0x00000000, 0xfe000002, 0x00000000,
    0xfe000002, 0x00000000, 0xfe000002, 0x00000000, 0xfe000002, 0x00000000, 0xfe000002, 0x00000000,
    0xfe000002, 0x00000000, 0xfe000002, 0x00000000, 0xfe000002, 0x00000000, 0xfe000002, 0x00000000,
    0xfe000002, 0x00000000, 0xfe000002, 0x00000000, 0xfe000002, 0x00000000, 0xfe000002, 0x00000000,
    0xfe000002, 0x00000000, 0xfe000002, 0x00000000, 0xfe000002, 0x00000000, 0xfe000002, 0x00000000,
    0xfe000002, 0x00000000, 0xfe000002, 0x00000000, 0xfe000002, 0x00000000, 0xfe000002, 0x00000000,
    0xfe000002, 0x00000000, 0xfe000002, 0x00000000, 0xfe000002, 0x00000000, 0xfe000002, 0x00000000,
    0xfe000002, 0x00000000, 0xfe000002, 0x00000000, 0xfe000002, 0x00000000, 0xfe000002, 0x00000000,
    0xfe000002, 0x00000000, 0xfe000002, 0x00000000, 0xfe000002, 0x00000000, 0xfe000002, 0x00000000,
    0xfe000002, 0x00000000, 0xfe000002, 0x00000000, 0xfe000002, 0x00000000, 0xfe000002, 0x00000000,
    0xfe000002, 0x00000000, 0xfe000002, 0x00000000, 0xfe000002, 0x00000000, 0xfe000002, 0x00000000,
    0xfe000002, 0x00000000, 0xfe000002, 0x00000000, 0xfe000002, 0x00000000, 0xfe000002, 0x00000000,
    0xfe000002, 0x00000000, 0xfe000002, 0x00000000, 0xfe000002, 0x00000000, 0xfe000002, 0x00000000,
    0xfe000002, 0x00000000, 0xfe000002, 0x00000000, 0xfe000002, 0x00000000, 0xfe000002, 0x00000000,
    0xfe000002, 0x00000000, 0xfe000002, 0x00000000, 0xfe000002, 0x00000000, 0xfe000002, 0x00000000,
    0xfe000002, 0x00000000, 0xfe000002, 0x00000000, 0xfe000002, 0x00000000, 0xfe000002, 0x00000000,
    0xfe000002, 0x00000000, 0xfe000002, 0x00000000, 0xfe000002, 0x00000000, 0xfe000002, 0x00000000,
    0xfe000002, 0x00000000, 0xfe000002, 0x00000000, 0xfe000002, 0x00000000, 0xfe000002, 0x00000000,
    0xfe000002, 0x00000000, 0xfe000002, 0x00000000, 0xfe000002, 0x00000000, 0xfe000002, 0x00000000,
    0xfe000002, 0x00000000, 0xfe000002, 0x00000000, 0xfe000002, 0x00000000, 0xfe000002, 0x00000000,
    0xfe000002, 0x00000000, 0xfe000002, 0x00000000, 0xfe000002, 0x00000000, 0xfe000002, 0x00000000,
    0xfe000002, 0x00000000, 0xfe000002, 0x00000000, 0xfe000002, 0x00000000, 0xfe000002, 0x00000000,
    0xfe000002, 0x00000000, 0xfe000002, 0x00000000, 0xfe000002, 0x00000000, 0xfe000002, 0x00000000,
    0xfe000002, 0x00000000, 0xfe000002, 0x00000000, 0xfe000002, 0x00000000, 0xfe000002, 0x00000000,
    0xfe000002, 0x00000000, 0xfe000002, 0x00000000, 0xfe000002, 0x00000000, 0xfe000002, 0x00000000,
    0xfe000002, 0x00000000, 0xfe000002, 0x00000000, 0xfe000002, 0x00000000, 0xfe000002, 0x00000000,
    0xfe000002, 0x00000000, 0xfe000002, 0x00000000, 0xfe000002, 0x00000000, 0xfe000002, 0x00000000,
    0xfe000002, 0x00000000, 0xfe000002, 0x00000000, 0xfe000002, 0x00000000, 0xfe000002, 0x00000000,
    0xfe000002, 0x00000000, 0xfe000002, 0x00000000, 0xfe000002, 0x00000000, 0xfe000002, 0x00000000,
    0xfe000002, 0x00000000, 0xfe000002, 0x00000000, 0xfe000002, 0x00000000, 0xfe000002, 0x00000000,
    0xfe000002, 0x00000000, 0xfe000002, 0x00000000, 0xfe000002, 0x00000000, 0xfe000002, 0x00000000,
    0xfe000002, 0x00000000, 0xfe000002, 0x00000000, 0xfe000002, 0x00000000, 0xfe000002, 0x00000000,
    0x00010003, 0x00000000, 0x00010003, 0x00000000, 0x00010003, 0x00000000, 0x00010003, 0x00000000,
    0x00010003, 0x00000000, 0x00010003, 0x00000000, 0x00010003, 0x00000000, 0x00010003, 0x00000000,
    0x00010003, 0x00000000, 0x00010003, 0x00000000, 0x00010003, 0x00000000, 0x00010003, 0x00000000,
    0x00010003, 0x00000000, 0x00010003, 0x00000000, 0x00010003, 0x00000000, 0x00010003, 0x00000000,
    0x00010009, 0x00007c1f, 0x00010009, 0x00007c1f, 0x00010009, 0x00007c1f, 0x00010009, 0x00007c1f,
    0x00010009, 0x00007c1f, 0x00010009, 0x00007c1f, 0x00010009, 0x00007c1f, 0x00010009, 0x00007c1f,
    0x00010009, 0x00007c1f, 0x00010009, 0x00007c1f, 0x00010009, 0x00007c1f, 0x00010009, 0x00007c1f,
    0x00010009, 0x00007c1f, 0x00010009, 0x00007c1f, 0x00010009, 0x00007c1f, 0x00010009, 0x00007c1f,
    0x0001000b, 0x00000802, 0x0001000b, 0x00000802, 0x0001000d, 0xfe000802, 0x0001000b, 0x00000802,
    0x0001000b, 0x00000bfe, 0x0001000b, 0x00000bfe, 0x0001000d, 0xfe000bfe, 0x0001000b, 0x00000bfe,
    0x0001000b, 0x00002401, 0x0001000b, 0x00002401, 0x0001000d, 0xfe002401, 0x0001000b, 0x00002401,
    0x0001000b, 0x000027ff, 0x0001000b, 0x000027ff, 0x0001000d, 0xfe0027ff, 0x0001000b, 0x000027ff,
    0x0001000b, 0x00000004, 0x0001000b, 0x00000004, 0x0001000d, 0xfe000004, 0x0001000b, 0x00000004,
    0x0001000b, 0x000003fc, 0x0001000b, 0x000003fc, 0x0001000d, 0xfe0003fc, 0x0001000b, 0x000003fc,
    0x0001000b, 0x00002001, 0x0001000b, 0x00002001, 0x0001000d, 0xfe002001, 0x0001000b, 0x00002001,
    0x0001000b, 0x000023ff, 0x0001000b, 0x000023ff, 0x0001000d, 0xfe0023ff, 0x0001000b, 0x000023ff,
    0x0001000a, 0x00001c01, 0x0001000a, 0x00001c01, 0x0001000a, 0x00001c01, 0x0001000a, 0x00001c01,
    0x0001000c, 0xfe001c01, 0x0001000c, 0xfe001c01, 0x0001000d, 0x00011c01, 0x0001000d, 0x03ff1c01,
    0x0001000a, 0x00001fff, 0x0001000a, 0x00001fff, 0x0001000a, 0x00001fff, 0x0001000a, 0x00001fff,
    0x0001000c, 0xfe001fff, 0x0001000c, 0xfe001fff, 0x0001000d, 0x00011fff, 0x0001000d, 0x03ff1fff,
    0x0001000a, 0x00001801, 0x0001000a, 0x00001801, 0x0001000a, 0x00001801, 0x0001000a, 0x00001801,
    0x0001000c, 0xfe001801, 0x0001000c, 0xfe001801, 0x0001000d, 0x00011801, 0x0001000d, 0x03ff1801,
    0x0001000a, 0x00001bff, 0x0001000a, 0x00001bff, 0x0001000a, 0x00001bff, 0x0001000a, 0x00001bff,
    0x0001000c, 0xfe001bff, 0x0001000c, 0xfe001bff, 0x0001000d, 0x00011bff, 0x0001000d, 0x03ff1bff,
    0x0001000a, 0x00000402, 0x0001000a, 0x00000402, 0x0001000a, 0x00000402, 0x0001000a, 0x00000402,
    0x0001000c, 0xfe000402, 0x0001000c, 0xfe000402, 0x0001000d, 0x00010402, 0x0001000d, 0x03ff0402,
    0x0001000a, 0x000007fe, 0x0001000a, 0x000007fe, 0x0001000a, 0x000007fe, 0x0001000a, 0x000007fe,
    0x0001000c, 0xfe0007fe, 0x0001000c, 0xfe0007fe, 0x0001000d, 0x000107fe, 0x0001000d, 0x03ff07fe,
    0x0001000a, 0x00001401, 0x0001000a, 0x00001401, 0x0001000a, 0x00001401, 0x0001000a, 0x00001401,
    0x0001000c, 0xfe001401, 0x0001000c, 0xfe001401, 0x0001000d, 0x00011401, 0x0001000d, 0x03ff1401,
    0x0001000a, 0x000017ff, 0x0001000a, 0x000017ff, 0x0001000a, 0x000017ff, 0x0001000a, 0x000017ff,
    0x0001000c, 0xfe0017ff, 0x0001000c, 0xfe0017ff, 0x0001000d, 0x000117ff, 0x0001000d, 0x03ff17ff,
    0x0001000c, 0x00003401, 0x0001000c, 0x00003401, 0x0001000c, 0x000037ff, 0x0001000c, 0x000037ff,
    0x0001000c, 0x00000006, 0x0001000c, 0x00000006, 0x0001000c, 0x000003fa, 0x0001000c, 0x000003fa,
    0x0001000c, 0x00003001, 0x0001000c, 0x00003001, 0x0001000c, 0x000033ff, 0x0001000c, 0x000033ff,
    0x0001000c, 0x00002c01, 0x0001000c, 0x00002c01, 0x0001000c, 0x00002fff, 0x0001000c, 0x00002fff,
    0x0001000c, 0x00000c02, 0x0001000c, 0x00000c02, 0x0001000c, 0x00000ffe, 0x0001000c, 0x00000ffe,
    0x0001000c, 0x00000403, 0x0001000c, 0x00000403, 0x0001000c, 0x000007fd, 0x0001000c, 0x000007fd,
    0x0001000c, 0x00000005, 0x0001000c, 0x00000005, 0x0001000c, 0x000003fb, 0x0001000c, 0x000003fb,
    0x0001000c, 0x00002801, 0x0001000c, 0x00002801, 0x0001000c, 0x00002bff, 0x0001000c, 0x00002bff,
    0x00010009, 0x00000003, 0x00010009, 0x00000003, 0x00010009, 0x00000003, 0x00010009, 0x00000003,
    0x00010009, 0x00000003, 0x00010009, 0x00000003, 0x0001000d, 0x04010003, 0x0001000d, 0x07ff0003,
    0x0001000b, 0xfe000003, 0x0001000b, 0xfe000003, 0x0001000b, 0xfe000003, 0x0001000b, 0xfe000003,
    0x0001000c, 0x00010003, 0x0001000c, 0x00010003, 0x0001000c, 0x03ff0003, 0x0001000c, 0x03ff0003,
    0x00010009, 0x000003fd, 0x00010009, 0x000003fd, 0x00010009, 0x000003fd, 0x00010009, 0x000003fd,
    0x00010009, 0x000003fd, 0x00010009, 0x000003fd, 0x0001000d, 0x040103fd, 0x0001000d, 0x07ff03fd,
    0x0001000b, 0xfe0003fd, 0x0001000b, 0xfe0003fd, 0x0001000b, 0xfe0003fd, 0x0001000b, 0xfe0003fd,
    0x0001000c, 0x000103fd, 0x0001000c, 0x000103fd, 0x0001000c, 0x03ff03fd, 0x0001000c, 0x03ff03fd,
    0x00010009, 0x00001001, 0x00010009, 0x00001001, 0x00010009, 0x00001001, 0x00010009, 0x00001001,
    0x00010009, 0x00001001, 0x00010009, 0x00001001, 0x0001000d, 0x04011001, 0x0001000d, 0x07ff1001,
    0x0001000b, 0xfe001001, 0x0001000b, 0xfe001001, 0x0001000b, 0xfe001001, 0x0001000b, 0xfe001001,
    0x0001000c, 0x00011001, 0x0001000c, 0x00011001, 0x0001000c, 0x03ff1001, 0x0001000c, 0x03ff1001,
    0x00010009, 0x000013ff, 0x00010009, 0x000013ff, 0x00010009, 0x000013ff, 0x00010009, 0x000013ff,
    0x00010009, 0x000013ff, 0x00010009, 0x000013ff, 0x0001000d, 0x040113ff, 0x0001000d, 0x07ff13ff,
    0x0001000b, 0xfe0013ff, 0x0001000b, 0xfe0013ff, 0x0001000b, 0xfe0013ff, 0x0001000b, 0xfe0013ff,
    0x0001000c, 0x000113ff, 0x0001000c, 0x000113ff, 0x0001000c, 0x03ff13ff, 0x0001000c, 0x03ff13ff,
    0x00010009, 0x00000c01, 0x00010009, 0x00000c01, 0x00010009, 0x00000c01, 0x00010009, 0x00000c01,
    0x00010009, 0x00000c01, 0x00010009, 0x00000c01, 0x0001000d, 0x04010c01, 0x0001000d, 0x07ff0c01,
    0x0001000b, 0xfe000c01, 0x0001000b, 0xfe000c01, 0x0001000b, 0xfe000c01, 0x0001000b, 0xfe000c01,
    0x0001000c, 0x00010c01, 0x0001000c, 0x00010c01, 0x0001000c, 0x03ff0c01, 0x0001000c, 0x03ff0c01,
    0x00010009, 0x00000fff, 0x00010009, 0x00000fff, 0x00010009, 0x00000fff, 0x00010009, 0x00000fff,
    0x00010009, 0x00000fff, 0x00010009, 0x00000fff, 0x0001000d, 0x04010fff, 0x0001000d, 0x07ff0fff,
    0x0001000b, 0xfe000fff, 0x0001000b, 0xfe000fff, 0x0001000b, 0xfe000fff, 0x0001000b, 0xfe000fff,
    0x0001000c, 0x00010fff, 0x0001000c, 0x00010fff, 0x0001000c, 0x03ff0fff, 0x0001000c, 0x03ff0fff,
    0x00010008, 0x00000002, 0x00010008, 0x00000002, 0x00010008, 0x00000002, 0x00010008, 0x00000002,
    0x00010008, 0x00000002, 0x00010008, 0x00000002, 0x00010008, 0x00000002, 0x00010008, 0x00000002,
    0x0001000d, 0x00020002, 0x0001000d, 0x03fe0002, 0x0001000d, 0x08010002, 0x0001000d, 0x0bff0002,
    0x0001000c, 0x04010002, 0x0001000c, 0x04010002, 0x0001000c, 0x07ff0002, 0x0001000c, 0x07ff0002,
    0x0001000a, 0xfe000002, 0x0001000a, 0xfe000002, 0x0001000a, 0xfe000002, 0x0001000a, 0xfe000002,
    0x0001000a, 0xfe000002, 0x0001000a, 0xfe000002, 0x0001000a, 0xfe000002, 0x0001000a, 0xfe000002,
    0x0001000b, 0x00010002, 0x0001000b, 0x00010002, 0x0001000b, 0x00010002, 0x0001000b, 0x00010002,
    0x0001000b, 0x03ff0002, 0x0001000b, 0x03ff0002, 0x0001000b, 0x03ff0002, 0x0001000b, 0x03ff0002,
    0x00010008, 0x000003fe, 0x00010008, 0x000003fe, 0x00010008, 0x000003fe, 0x00010008, 0x000003fe,
    0x00010008, 0x000003fe, 0x00010008, 0x000003fe, 0x00010008, 0x000003fe, 0x00010008, 0x000003fe,
    0x0001000d, 0x000203fe, 0x0001000d, 0x03fe03fe, 0x0001000d, 0x080103fe, 0x0001000d, 0x0bff03fe,
    0x0001000c, 0x040103fe, 0x0001000c, 0x040103fe, 0x0001000c, 0x07ff03fe, 0x0001000c, 0x07ff03fe,
    0x0001000a, 0xfe0003fe, 0x0001000a, 0xfe0003fe, 0x0001000a, 0xfe0003fe, 0x0001000a, 0xfe0003fe,
    0x0001000a, 0xfe0003fe, 0x0001000a, 0xfe0003fe, 0x0001000a, 0xfe0003fe, 0x0001000a, 0xfe0003fe,
    0x0001000b, 0x000103fe, 0x0001000b, 0x000103fe, 0x0001000b, 0x000103fe, 0x0001000b, 0x000103fe,
    0x0001000b, 0x03ff03fe, 0x0001000b, 0x03ff03fe, 0x0001000b, 0x03ff03fe, 0x0001000b, 0x03ff03fe,
    0x00010008, 0x00000801, 0x00010008, 0x00000801, 0x00010008, 0x00000801, 0x00010008, 0x00000801,
    0x00010008, 0x00000801, 0x00010008, 0x00000801, 0x00010008, 0x00000801, 0x00010008, 0x00000801,
    0x0001000d, 0x00020801, 0x0001000d, 0x03fe0801, 0x0001000d, 0x08010801, 0x0001000d, 0x0bff0801,
    0x0001000c, 0x04010801, 0x0001000c, 0x04010801, 0x0001000c, 0x07ff0801, 0x0001000c, 0x07ff0801,
    0x0001000a, 0xfe000801, 0x0001000a, 0xfe000801, 0x0001000a, 0xfe000801, 0x0001000a, 0xfe000801,
    0x0001000a, 0xfe000801, 0x0001000a, 0xfe000801, 0x0001000a, 0xfe000801, 0x0001000a, 0xfe000801,
    0x0001000b, 0x00010801, 0x0001000b, 0x00010801, 0x0001000b, 0x00010801, 0x0001000b, 0x00010801,
    0x0001000b, 0x03ff0801, 0x0001000b, 0x03ff0801, 0x0001000b, 0x03ff0801, 0x0001000b, 0x03ff0801,
    0x00010008, 0x00000bff, 0x00010008, 0x00000bff, 0x00010008, 0x00000bff, 0x00010008, 0x00000bff,
    0x00010008, 0x00000bff, 0x00010008, 0x00000bff, 0x00010008, 0x00000bff, 0x00010008, 0x00000bff,
    0x0001000d, 0x00020bff, 0x0001000d, 0x03fe0bff, 0x0001000d, 0x08010bff, 0x0001000d, 0x0bff0bff,
    0x0001000c, 0x04010bff, 0x0001000c, 0x04010bff, 0x0001000c, 0x07ff0bff, 0x0001000c, 0x07ff0bff,
    0x0001000a, 0xfe000bff, 0x0001000a, 0xfe000bff, 0x0001000a, 0xfe000bff, 0x0001000a, 0xfe000bff,
    0x0001000a, 0xfe000bff, 0x0001000a, 0xfe000bff, 0x0001000a, 0xfe000bff, 0x0001000a, 0xfe000bff,
    0x0001000b, 0x00010bff, 0x0001000b, 0x00010bff, 0x0001000b, 0x00010bff, 0x0001000b, 0x00010bff,
    0x0001000b, 0x03ff0bff, 0x0001000b, 0x03ff0bff, 0x0001000b, 0x03ff0bff, 0x0001000b, 0x03ff0bff,
    0x00010007, 0x00000401, 0x0001000d, 0x7c1f0401, 0x00010007, 0x00000401, 0x00010007, 0x00000401,
    0x00010007, 0x00000401, 0x00010007, 0x00000401, 0x00010007, 0x00000401, 0x00010007, 0x00000401,
    0x00010007, 0x00000401, 0x00010007, 0x00000401, 0x0001000d, 0x00030401, 0x0001000d, 0x03fd0401,
    0x0001000d, 0x10010401, 0x0001000d, 0x13ff0401, 0x0001000d, 0x0c010401, 0x0001000d, 0x0fff0401,
    0x0001000c, 0x00020401, 0x0001000c, 0x00020401, 0x0001000c, 0x03fe0401, 0x0001000c, 0x03fe0401,
    0x0001000c, 0x08010401, 0x0001000c, 0x08010401, 0x0001000c, 0x0bff0401, 0x0001000c, 0x0bff0401,
    0x0001000b, 0x04010401, 0x0001000b, 0x04010401, 0x0001000b, 0x04010401, 0x0001000b, 0x04010401,
    0x0001000b, 0x07ff0401, 0x0001000b, 0x07ff0401, 0x0001000b, 0x07ff0401, 0x0001000b, 0x07ff0401,
    0x00010009, 0xfe000401, 0x00010009, 0xfe000401, 0x00010009, 0xfe000401, 0x00010009, 0xfe000401,
    0x00010009, 0xfe000401, 0x00010009, 0xfe000401, 0x00010009, 0xfe000401, 0x00010009, 0xfe000401,
    0x00010009, 0xfe000401, 0x00010009, 0xfe000401, 0x00010009, 0xfe000401, 0x00010009, 0xfe000401,
    0x00010009, 0xfe000401, 0x00010009, 0xfe000401, 0x00010009, 0xfe000401, 0x00010009, 0xfe000401,
    0x0001000a, 0x00010401, 0x0001000a, 0x00010401, 0x0001000a, 0x00010401, 0x0001000a, 0x00010401,
    0x0001000a, 0x00010401, 0x0001000a, 0x00010401, 0x0001000a, 0x00010401, 0x0001000a, 0x00010401,
    0x0001000a, 0x03ff0401, 0x0001000a, 0x03ff0401, 0x0001000a, 0x03ff0401, 0x0001000a, 0x03ff0401,
    0x0001000a, 0x03ff0401, 0x0001000a, 0x03ff0401, 0x0001000a, 0x03ff0401, 0x0001000a, 0x03ff0401,
    0x00010007, 0x000007ff, 0x0001000d, 0x7c1f07ff, 0x00010007, 0x000007ff, 0x00010007, 0x000007ff,
    0x00010007, 0x000007ff, 0x00010007, 0x000007ff, 0x00010007, 0x000007ff, 0x00010007, 0x000007ff,
    0x00010007, 0x000007ff, 0x00010007, 0x000007ff, 0x0001000d, 0x000307ff, 0x0001000d, 0x03fd07ff,
    0x0001000d, 0x100107ff, 0x0001000d, 0x13ff07ff, 0x0001000d, 0x0c0107ff, 0x0001000d, 0x0fff07ff,
    0x0001000c, 0x000207ff, 0x0001000c, 0x000207ff, 0x0001000c, 0x03fe07ff, 0x0001000c, 0x03fe07ff,
    0x0001000c, 0x080107ff, 0x0001000c, 0x080107ff, 0x0001000c, 0x0bff07ff, 0x0001000c, 0x0bff07ff,
    0x0001000b, 0x040107ff, 0x0001000b, 0x040107ff, 0x0001000b, 0x040107ff, 0x0001000b, 0x040107ff,
    0x0001000b, 0x07ff07ff, 0x0001000b, 0x07ff07ff, 0x0001000b, 0x07ff07ff, 0x0001000b, 0x07ff07ff,
    0x00010009, 0xfe0007ff, 0x00010009, 0xfe0007ff, 0x00010009, 0xfe0007ff, 0x00010009, 0xfe0007ff,
    0x00010009, 0xfe0007ff, 0x00010009, 0xfe0007ff, 0x00010009, 0xfe0007ff, 0x00010009, 0xfe0007ff,
    0x00010009, 0xfe0007ff, 0x00010009, 0xfe0007ff, 0x00010009, 0xfe0007ff, 0x00010009, 0xfe0007ff,
    0x00010009, 0xfe0007ff, 0x00010009, 0xfe0007ff, 0x00010009, 0xfe0007ff, 0x00010009, 0xfe0007ff,
    0x0001000a, 0x000107ff, 0x0001000a, 0x000107ff, 0x0001000a, 0x000107ff, 0x0001000a, 0x000107ff,
    0x0001000a, 0x000107ff, 0x0001000a, 0x000107ff, 0x0001000a, 0x000107ff, 0x0001000a, 0x000107ff,
    0x0001000a, 0x03ff07ff, 0x0001000a, 0x03ff07ff, 0x0001000a, 0x03ff07ff, 0x0001000a, 0x03ff07ff,
    0x0001000a, 0x03ff07ff, 0x0001000a, 0x03ff07ff, 0x0001000a, 0x03ff07ff, 0x0001000a, 0x03ff07ff,
    0x00010005, 0x0000fe00, 0x00010005, 0x0000fe00, 0x00010005, 0x0000fe00, 0x00010005, 0x0000fe00,
    0x00010005, 0x0000fe00, 0x00010005, 0x0000fe00, 0x00010005, 0x0000fe00, 0x00010005, 0x0000fe00,
    0x00010005, 0x0000fe00, 0x00010005, 0x0000fe00, 0x00010005, 0x0000fe00, 0x00010005, 0x0000fe00,
    0x00010005, 0x0000fe00, 0x00010005, 0x0000fe00, 0x00010005, 0x0000fe00, 0x00010005, 0x0000fe00,
    0x00010005, 0x0000fe00, 0x00010005, 0x0000fe00, 0x00010005, 0x0000fe00, 0x00010005, 0x0000fe00,
    0x00010005, 0x0000fe00, 0x00010005, 0x0000fe00, 0x00010005, 0x0000fe00, 0x00010005, 0x0000fe00,
    0x00010005, 0x0000fe00, 0x00010005, 0x0000fe00, 0x00010005, 0x0000fe00, 0x00010005, 0x0000fe00,
    0x00010005, 0x0000fe00, 0x00010005, 0x0000fe00, 0x00010005, 0x0000fe00, 0x00010005, 0x0000fe00,
    0x00010005, 0x0000fe00, 0x00010005, 0x0000fe00, 0x00010005, 0x0000fe00, 0x00010005, 0x0000fe00,
    0x00010005, 0x0000fe00, 0x00010005, 0x0000fe00, 0x00010005, 0x0000fe00, 0x00010005, 0x0000fe00,
    0x00010005, 0x0000fe00, 0x00010005, 0x0000fe00, 0x00010005, 0x0000fe00, 0x00010005, 0x0000fe00,
    0x00010005, 0x0000fe00, 0x00010005, 0x0000fe00, 0x00010005, 0x0000fe00, 0x00010005, 0x0000fe00,
    0x00010005, 0x0000fe00, 0x00010005, 0x0000fe00, 0x00010005, 0x0000fe00, 0x00010005, 0x0000fe00,
    0x00010005, 0x0000fe00, 0x00010005, 0x0000fe00, 0x00010005, 0x0000fe00, 0x00010005, 0x0000fe00,
    0x00010005, 0x0000fe00, 0x00010005, 0x0000fe00, 0x00010005, 0x0000fe00, 0x00010005, 0x0000fe00,
    0x00010005, 0x0000fe00, 0x00010005, 0x0000fe00, 0x00010005, 0x0000fe00, 0x00010005, 0x0000fe00,
    0x00010005, 0x0000fe00, 0x00010005, 0x0000fe00, 0x00010005, 0x0000fe00, 0x00010005, 0x0000fe00,
    0x00010005, 0x0000fe00, 0x00010005, 0x0000fe00, 0x00010005, 0x0000fe00, 0x00010005, 0x0000fe00,
    0x00010005, 0x0000fe00, 0x00010005, 0x0000fe00, 0x00010005, 0x0000fe00, 0x00010005, 0x0000fe00,
    0x00010005, 0x0000fe00, 0x00010005, 0x0000fe00, 0x00010005, 0x0000fe00, 0x00010005, 0x0000fe00,
    0x00010005, 0x0000fe00, 0x00010005, 0x0000fe00, 0x00010005, 0x0000fe00, 0x00010005, 0x0000fe00,
    0x00010005, 0x0000fe00, 0x00010005, 0x0000fe00, 0x00010005, 0x0000fe00, 0x00010005, 0x0000fe00,
    0x00010005, 0x0000fe00, 0x00010005, 0x0000fe00, 0x00010005, 0x0000fe00, 0x00010005, 0x0000fe00,
    0x00010005, 0x0000fe00, 0x00010005, 0x0000fe00, 0x00010005, 0x0000fe00, 0x00010005, 0x0000fe00,
    0x00010005, 0x0000fe00, 0x00010005, 0x0000fe00, 0x00010005, 0x0000fe00, 0x00010005, 0x0000fe00,
    0x00010005, 0x0000fe00, 0x00010005, 0x0000fe00, 0x00010005, 0x0000fe00, 0x00010005, 0x0000fe00,
    0x00010005, 0x0000fe00, 0x00010005, 0x0000fe00, 0x00010005, 0x0000fe00, 0x00010005, 0x0000fe00,
    0x00010005, 0x0000fe00, 0x00010005, 0x0000fe00, 0x00010005, 0x0000fe00, 0x00010005, 0x0000fe00,
    0x00010005, 0x0000fe00, 0x00010005, 0x0000fe00, 0x00010005, 0x0000fe00, 0x00010005, 0x0000fe00,
    0x00010005, 0x0000fe00, 0x00010005, 0x0000fe00, 0x00010005, 0x0000fe00, 0x00010005, 0x0000fe00,
    0x00010005, 0x0000fe00, 0x00010005, 0x0000fe00, 0x00010005, 0x0000fe00, 0x00010005, 0x0000fe00,
    0x00010005, 0x0000fe00, 0x00010005, 0x0000fe00, 0x00010005, 0x0000fe00, 0x00010005, 0x0000fe00,
    0x00010005, 0x0000fe00, 0x00010005, 0x0000fe00, 0x00010005, 0x0000fe00, 0x00010005, 0x0000fe00,
    0x00010005, 0x0000fe00, 0x00010005, 0x0000fe00, 0x00010005, 0x0000fe00, 0x00010005, 0x0000fe00,
    0x00010005, 0x0000fe00, 0x00010005, 0x0000fe00, 0x00010005, 0x0000fe00, 0x00010005, 0x0000fe00,
    0x00010005, 0x0000fe00, 0x00010005, 0x0000fe00, 0x00010005, 0x0000fe00, 0x00010005, 0x0000fe00,
    0x00010005, 0x0000fe00, 0x00010005, 0x0000fe00, 0x00010005, 0x0000fe00, 0x00010005, 0x0000fe00,
    0x00010005, 0x0000fe00, 0x00010005, 0x0000fe00, 0x00010005, 0x0000fe00, 0x00010005, 0x0000fe00,
    0x00010005, 0x0000fe00, 0x00010005, 0x0000fe00, 0x00010005, 0x0000fe00, 0x00010005, 0x0000fe00,
    0x00010005, 0x0000fe00, 0x00010005, 0x0000fe00, 0x00010005, 0x0000fe00, 0x00010005, 0x0000fe00,
    0x00010005, 0x0000fe00, 0x00010005, 0x0000fe00, 0x00010005, 0x0000fe00, 0x00010005, 0x0000fe00,
    0x00010005, 0x0000fe00, 0x00010005, 0x0000fe00, 0x00010005, 0x0000fe00, 0x00010005, 0x0000fe00,
    0x00010005, 0x0000fe00, 0x00010005, 0x0000fe00, 0x00010005, 0x0000fe00, 0x00010005, 0x0000fe00,
    0x00010005, 0x0000fe00, 0x00010005, 0x0000fe00, 0x00010005, 0x0000fe00, 0x00010005, 0x0000fe00,
    0x00010005, 0x0000fe00, 0x00010005, 0x0000fe00, 0x00010005, 0x0000fe00, 0x00010005, 0x0000fe00,
    0x00010005, 0x0000fe00, 0x00010005, 0x0000fe00, 0x00010005, 0x0000fe00, 0x00010005, 0x0000fe00,
    0x00010005, 0x0000fe00, 0x00010005, 0x0000fe00, 0x00010005, 0x0000fe00, 0x00010005, 0x0000fe00,
    0x00010005, 0x0000fe00, 0x00010005, 0x0000fe00, 0x00010005, 0x0000fe00, 0x00010005, 0x0000fe00,
    0x00010005, 0x0000fe00, 0x00010005, 0x0000fe00, 0x00010005, 0x0000fe00, 0x00010005, 0x0000fe00,
    0x00010005, 0x0000fe00, 0x00010005, 0x0000fe00, 0x00010005, 0x0000fe00, 0x00010005, 0x0000fe00,
    0x00010005, 0x0000fe00, 0x00010005, 0x0000fe00, 0x00010005, 0x0000fe00, 0x00010005, 0x0000fe00,
    0x00010005, 0x0000fe00, 0x00010005, 0x0000fe00, 0x00010005, 0x0000fe00, 0x00010005, 0x0000fe00,
    0x00010005, 0x0000fe00, 0x00010005, 0x0000fe00, 0x00010005, 0x0000fe00, 0x00010005, 0x0000fe00,
    0x00010005, 0x0000fe00, 0x00010005, 0x0000fe00, 0x00010005, 0x0000fe00, 0x00010005, 0x0000fe00,
    0x00010005, 0x0000fe00, 0x00010005, 0x0000fe00, 0x00010005, 0x0000fe00, 0x00010005, 0x0000fe00,
    0x00010005, 0x0000fe00, 0x00010005, 0x0000fe00, 0x00010005, 0x0000fe00, 0x00010005, 0x0000fe00,
    0x00010005, 0x0000fe00, 0x00010005, 0x0000fe00, 0x00010005, 0x0000fe00, 0x00010005, 0x0000fe00,
    0x00010005, 0x0000fe00, 0x00010005, 0x0000fe00, 0x00010005, 0x0000fe00, 0x00010005, 0x0000fe00,
    0x00010005, 0x0000fe00, 0x00010005, 0x0000fe00, 0x00010005, 0x0000fe00, 0x00010005, 0x0000fe00,
    0x00010005, 0x0000fe00, 0x00010005, 0x0000fe00, 0x00010005, 0x0000fe00, 0x00010005, 0x0000fe00,
    0x00010005, 0x0000fe00, 0x00010005, 0x0000fe00, 0x00010005, 0x0000fe00, 0x00010005, 0x0000fe00,
    0x00010005, 0x0000fe00, 0x00010005, 0x0000fe00, 0x00010005, 0x0000fe00, 0x00010005, 0x0000fe00,
    0x00010005, 0x0000fe00, 0x00010005, 0x0000fe00, 0x00010005, 0x0000fe00, 0x00010005, 0x0000fe00,
    0x00010005, 0x0000fe00, 0x00010005, 0x0000fe00, 0x00010005, 0x0000fe00, 0x00010005, 0x0000fe00,
    0x00010006, 0x00000001, 0x00010006, 0x00000001, 0x0001000c, 0x7c1f0001, 0x0001000c, 0x7c1f0001,
    0x00010006, 0x00000001, 0x00010006, 0x00000001, 0x00010006, 0x00000001, 0x00010006, 0x00000001,
    0x0001000d, 0x1c010001, 0x0001000d, 0x1fff0001, 0x0001000d, 0x18010001, 0x0001000d, 0x1bff0001,
    0x0001000d, 0x04020001, 0x0001000d, 0x07fe0001, 0x0001000d, 0x14010001, 0x0001000d, 0x17ff0001,
    0x00010006, 0x00000001, 0x00010006, 0x00000001, 0x00010006, 0x00000001, 0x00010006, 0x00000001,
    0x0001000c, 0x00030001, 0x0001000c, 0x00030001, 0x0001000c, 0x03fd0001, 0x0001000c, 0x03fd0001,
    0x0001000c, 0x10010001, 0x0001000c, 0x10010001, 0x0001000c, 0x13ff0001, 0x0001000c, 0x13ff0001,
    0x0001000c, 0x0c010001, 0x0001000c, 0x0c010001, 0x0001000c, 0x0fff0001, 0x0001000c, 0x0fff0001,
    0x0001000b, 0x00020001, 0x0001000b, 0x00020001, 0x0001000b, 0x00020001, 0x0001000b, 0x00020001,
    0x0001000b, 0x03fe0001, 0x0001000b, 0x03fe0001, 0x0001000b, 0x03fe0001, 0x0001000b, 0x03fe0001,
    0x0001000b, 0x08010001, 0x0001000b, 0x08010001, 0x0001000b, 0x08010001, 0x0001000b, 0x08010001,
    0x0001000b, 0x0bff0001, 0x0001000b, 0x0bff0001, 0x0001000b, 0x0bff0001, 0x0001000b, 0x0bff0001,
    0x0001000a, 0x04010001, 0x0001000a, 0x04010001, 0x0001000a, 0x04010001, 0x0001000a, 0x04010001,
    0x0001000a, 0x04010001, 0x0001000a, 0x04010001, 0x0001000a, 0x04010001, 0x0001000a, 0x04010001,
    0x0001000a, 0x07ff0001, 0x0001000a, 0x07ff0001, 0x0001000a, 0x07ff0001, 0x0001000a, 0x07ff0001,
    0x0001000a, 0x07ff0001, 0x0001000a, 0x07ff0001, 0x0001000a, 0x07ff0001, 0x0001000a, 0x07ff0001,
    0x00010008, 0xfe000001, 0x00010008, 0xfe000001, 0x00010008, 0xfe000001, 0x00010008, 0xfe000001,
    0x00010008, 0xfe000001, 0x00010008, 0xfe000001, 0x00010008, 0xfe000001, 0x00010008, 0xfe000001,
    0x00010008, 0xfe000001, 0x00010008, 0xfe000001, 0x00010008, 0xfe000001, 0x00010008, 0xfe000001,
    0x00010008, 0xfe000001, 0x00010008, 0xfe000001, 0x00010008, 0xfe000001, 0x00010008, 0xfe000001,
    0x00010008, 0xfe000001, 0x00010008, 0xfe000001, 0x00010008, 0xfe000001, 0x00010008, 0xfe000001,
    0x00010008, 0xfe000001, 0x00010008, 0xfe000001, 0x00010008, 0xfe000001, 0x00010008, 0xfe000001,
    0x00010008, 0xfe000001, 0x00010008, 0xfe000001, 0x00010008, 0xfe000001, 0x00010008, 0xfe000001,
    0x00010008, 0xfe000001, 0x00010008, 0xfe000001, 0x00010008, 0xfe000001, 0x00010008, 0xfe000001,
    0x00010009, 0x00010001, 0x00010009, 0x00010001, 0x00010009, 0x00010001, 0x00010009, 0x00010001,
    0x00010009, 0x00010001, 0x00010009, 0x00010001, 0x00010009, 0x00010001, 0x00010009, 0x00010001,
    0x00010009, 0x00010001, 0x00010009, 0x00010001, 0x00010009, 0x00010001, 0x00010009, 0x00010001,
    0x00010009, 0x00010001, 0x00010009, 0x00010001, 0x00010009, 0x00010001, 0x00010009, 0x00010001,
    0x00010009, 0x03ff0001, 0x00010009, 0x03ff0001, 0x00010009, 0x03ff0001, 0x00010009, 0x03ff0001,
    0x00010009, 0x03ff0001, 0x00010009, 0x03ff0001, 0x00010009, 0x03ff0001, 0x00010009, 0x03ff0001,
    0x00010009, 0x03ff0001, 0x00010009, 0x03ff0001, 0x00010009, 0x03ff0001, 0x00010009, 0x03ff0001,
    0x00010009, 0x03ff0001, 0x00010009, 0x03ff0001, 0x00010009, 0x03ff0001, 0x00010009, 0x03ff0001,
    0x00010006, 0x000003ff, 0x00010006, 0x000003ff, 0x0001000c, 0x7c1f03ff, 0x0001000c, 0x7c1f03ff,
    0x00010006, 0x000003ff, 0x00010006, 0x000003ff, 0x00010006, 0x000003ff, 0x00010006, 0x000003ff,
    0x0001000d, 0x1c0103ff, 0x0001000d, 0x1fff03ff, 0x0001000d, 0x180103ff, 0x0001000d, 0x1bff03ff,
    0x0001000d, 0x040203ff, 0x0001000d, 0x07fe03ff, 0x0001000d, 0x140103ff, 0x0001000d, 0x17ff03ff,
    0x00010006, 0x000003ff, 0x00010006, 0x000003ff, 0x00010006, 0x000003ff, 0x00010006, 0x000003ff,
    0x0001000c, 0x000303ff, 0x0001000c, 0x000303ff, 0x0001000c, 0x03fd03ff, 0x0001000c, 0x03fd03ff,
    0x0001000c, 0x100103ff, 0x0001000c, 0x100103ff, 0x0001000c, 0x13ff03ff, 0x0001000c, 0x13ff03ff,
    0x0001000c, 0x0c0103ff, 0x0001000c, 0x0c0103ff, 0x0001000c, 0x0fff03ff, 0x0001000c, 0x0fff03ff,
    0x0001000b, 0x000203ff, 0x0001000b, 0x000203ff, 0x0001000b, 0x000203ff, 0x0001000b, 0x000203ff,
    0x0001000b, 0x03fe03ff, 0x0001000b, 0x03fe03ff, 0x0001000b, 0x03fe03ff, 0x0001000b, 0x03fe03ff,
    0x0001000b, 0x080103ff, 0x0001000b, 0x080103ff, 0x0001000b, 0x080103ff, 0x0001000b, 0x080103ff,
    0x0001000b, 0x0bff03ff, 0x0001000b, 0x0bff03ff, 0x0001000b, 0x0bff03ff, 0x0001000b, 0x0bff03ff,
    0x0001000a, 0x040103ff, 0x0001000a, 0x040103ff, 0x0001000a, 0x040103ff, 0x0001000a, 0x040103ff,
    0x0001000a, 0x040103ff, 0x0001000a, 0x040103ff, 0x0001000a, 0x040103ff, 0x0001000a, 0x040103ff,
    0x0001000a, 0x07ff03ff, 0x0001000a, 0x07ff03ff, 0x0001000a, 0x07ff03ff, 0x0001000a, 0x07ff03ff,
    0x0001000a, 0x07ff03ff, 0x0001000a, 0x07ff03ff, 0x0001000a, 0x07ff03ff, 0x0001000a, 0x07ff03ff,
    0x00010008, 0xfe0003ff, 0x00010008, 0xfe0003ff, 0x00010008, 0xfe0003ff, 0x00010008, 0xfe0003ff,
    0x00010008, 0xfe0003ff, 0x00010008, 0xfe0003ff, 0x00010008, 0xfe0003ff, 0x00010008, 0xfe0003ff,
    0x00010008, 0xfe0003ff, 0x00010008, 0xfe0003ff, 0x00010008, 0xfe0003ff, 0x00010008, 0xfe0003ff,
    0x00010008, 0xfe0003ff, 0x00010008, 0xfe0003ff, 0x00010008, 0xfe0003ff, 0x00010008, 0xfe0003ff,
    0x00010008, 0xfe0003ff, 0x00010008, 0xfe0003ff, 0x00010008, 0xfe0003ff, 0x00010008, 0xfe0003ff,
    0x00010008, 0xfe0003ff, 0x00010008, 0xfe0003ff, 0x00010008, 0xfe0003ff, 0x00010008, 0xfe0003ff,
    0x00010008, 0xfe0003ff, 0x00010008, 0xfe0003ff, 0x00010008, 0xfe0003ff, 0x00010008, 0xfe0003ff,
    0x00010008, 0xfe0003ff, 0x00010008, 0xfe0003ff, 0x00010008, 0xfe0003ff, 0x00010008, 0xfe0003ff,
    0x00010009, 0x000103ff, 0x00010009, 0x000103ff, 0x00010009, 0x000103ff, 0x00010009, 0x000103ff,
    0x00010009, 0x000103ff, 0x00010009, 0x000103ff, 0x00010009, 0x000103ff, 0x00010009, 0x000103ff,
    0x00010009, 0x000103ff, 0x00010009, 0x000103ff, 0x00010009, 0x000103ff, 0x00010009, 0x000103ff,
    0x00010009, 0x000103ff, 0x00010009, 0x000103ff, 0x00010009, 0x000103ff, 0x00010009, 0x000103ff,
    0x00010009, 0x03ff03ff, 0x00010009, 0x03ff03ff, 0x00010009, 0x03ff03ff, 0x00010009, 0x03ff03ff,
    0x00010009, 0x03ff03ff, 0x00010009, 0x03ff03ff, 0x00010009, 0x03ff03ff, 0x00010009, 0x03ff03ff,
    0x00010009, 0x03ff03ff, 0x00010009, 0x03ff03ff, 0x00010009, 0x03ff03ff, 0x00010009, 0x03ff03ff,
    0x00010009, 0x03ff03ff, 0x00010009, 0x03ff03ff, 0x00010009, 0x03ff03ff, 0x00010009, 0x03ff03ff,
    0x03ff0003, 0x00000000, 0x03ff0003, 0x00000000, 0x03ff0003, 0x00000000, 0x03ff0003, 0x00000000,
    0x03ff0003, 0x00000000, 0x03ff0003, 0x00000000, 0x03ff0003, 0x00000000, 0x03ff0003, 0x00000000,
    0x03ff0003, 0x00000000, 0x03ff0003, 0x00000000, 0x03ff0003, 0x00000000, 0x03ff0003, 0x00000000,
    0x03ff0003, 0x00000000, 0x03ff0003, 0x00000000, 0x03ff0003, 0x00000000, 0x03ff0003, 0x00000000,
    0x03ff0009, 0x00007c1f, 0x03ff0009, 0x00007c1f, 0x03ff0009, 0x00007c1f, 0x03ff0009, 0x00007c1f,
    0x03ff0009, 0x00007c1f, 0x03ff0009, 0x00007c1f, 0x03ff0009, 0x00007c1f, 0x03ff0009, 0x00007c1f,
    0x03ff0009, 0x00007c1f, 0x03ff0009, 0x00007c1f, 0x03ff0009, 0x00007c1f, 0x03ff0009, 0x00007c1f,
    0x03ff0009, 0x00007c1f, 0x03ff0009, 0x00007c1f, 0x03ff0009, 0x00007c1f, 0x03ff0009, 0x00007c1f,
    0x03ff000b, 0x00000802, 0x03ff000b, 0x00000802, 0x03ff000d, 0xfe000802, 0x03ff000b, 0x00000802,
    0x03ff000b, 0x00000bfe, 0x03ff000b, 0x00000bfe, 0x03ff000d, 0xfe000bfe, 0x03ff000b, 0x00000bfe,
    0x03ff000b, 0x00002401, 0x03ff000b, 0x00002401, 0x03ff000d, 0xfe002401, 0x03ff000b, 0x00002401,
    0x03ff000b, 0x000027ff, 0x03ff000b, 0x000027ff, 0x03ff000d, 0xfe0027ff, 0x03ff000b, 0x000027ff,
    0x03ff000b, 0x00000004, 0x03ff000b, 0x00000004, 0x03ff000d, 0xfe000004, 0x03ff000b, 0x00000004,
    0x03ff000b, 0x000003fc, 0x03ff000b, 0x000003fc, 0x03ff000d, 0xfe0003fc, 0x03ff000b, 0x000003fc,
    0x03ff000b, 0x00002001, 0x03ff000b, 0x00002001, 0x03ff000d, 0xfe002001, 0x03ff000b, 0x00002001,
    0x03ff000b, 0x000023ff, 0x03ff000b, 0x000023ff, 0x03ff000d, 0xfe0023ff, 0x03ff000b, 0x000023ff,
    0x03ff000a, 0x00001c01, 0x03ff000a, 0x00001c01, 0x03ff000a, 0x00001c01, 0x03ff000a, 0x00001c01,
    0x03ff000c, 0xfe001c01, 0x03ff000c, 0xfe001c01, 0x03ff000d, 0x00011c01, 0x03ff000d, 0x03ff1c01,
    0x03ff000a, 0x00001fff, 0x03ff000a, 0x00001fff, 0x03ff000a, 0x00001fff, 0x03ff000a, 0x00001fff,
    0x03ff000c, 0xfe001fff, 0x03ff000c, 0xfe001fff, 0x03ff000d, 0x00011fff, 0x03ff000d, 0x03ff1fff,
    0x03ff000a, 0x00001801, 0x03ff000a, 0x00001801, 0x03ff000a, 0x00001801, 0x03ff000a, 0x00001801,
    0x03ff000c, 0xfe001801, 0x03ff000c, 0xfe001801, 0x03ff000d, 0x00011801, 0x03ff000d, 0x03ff1801,
    0x03ff000a, 0x00001bff, 0x03ff000a, 0x00001bff, 0x03ff000a, 0x00001bff, 0x03ff000a, 0x00001bff,
    0x03ff000c, 0xfe001bff, 0x03ff000c, 0xfe001bff, 0x03ff000d, 0x00011bff, 0x03ff000d, 0x03ff1bff,
    0x03ff000a, 0x00000402, 0x03ff000a, 0x00000402, 0x03ff000a, 0x00000402, 0x03ff000a, 0x00000402,
    0x03ff000c, 0xfe000402, 0x03ff000c, 0xfe000402, 0x03ff000d, 0x00010402, 0x03ff000d, 0x03ff0402,
    0x03ff000a, 0x000007fe, 0x03ff000a, 0x000007fe, 0x03ff000a, 0x000007fe, 0x03ff000a, 0x000007fe,
    0x03ff000c, 0xfe0007fe, 0x03ff000c, 0xfe0007fe, 0x03ff000d, 0x000107fe, 0x03ff000d, 0x03ff07fe,
    0x03ff000a, 0x00001401, 0x03ff000a, 0x00001401, 0x03ff000a, 0x00001401, 0x03ff000a, 0x00001401,
    0x03ff000c, 0xfe001401, 0x03ff000c, 0xfe001401, 0x03ff000d, 0x00011401, 0x03ff000d, 0x03ff1401,
    0x03ff000a, 0x000017ff, 0x03ff000a, 0x000017ff, 0x03ff000a, 0x000017ff, 0x03ff000a, 0x000017ff,
    0x03ff000c, 0xfe0017ff, 0x03ff000c, 0xfe0017ff, 0x03ff000d, 0x000117ff, 0x03ff000d, 0x03ff17ff,
    0x03ff000c, 0x00003401, 0x03ff000c, 0x00003401, 0x03ff000c, 0x000037ff, 0x03ff000c, 0x000037ff,
    0x03ff000c, 0x00000006, 0x03ff000c, 0x00000006, 0x03ff000c, 0x000003fa, 0x03ff000c, 0x000003fa,
    0x03ff000c, 0x00003001, 0x03ff000c, 0x00003001, 0x03ff000c, 0x000033ff, 0x03ff000c, 0x000033ff,
    0x03ff000c, 0x00002c01, 0x03ff000c, 0x00002c01, 0x03ff000c, 0x00002fff, 0x03ff000c, 0x00002fff,
    0x03ff000c, 0x00000c02, 0x03ff000c, 0x00000c02, 0x03ff000c, 0x00000ffe, 0x03ff000c, 0x00000ffe,
    0x03ff000c, 0x00000403, 0x03ff000c, 0x00000403, 0x03ff000c, 0x000007fd, 0x03ff000c, 0x000007fd,
    0x03ff000c, 0x00000005, 0x03ff000c, 0x00000005, 0x03ff000c, 0x000003fb, 0x03ff000c, 0x000003fb,
    0x03ff000c, 0x00002801, 0x03ff000c, 0x00002801, 0x03ff000c, 0x00002bff, 0x03ff000c, 0x00002bff,
    0x03ff0009, 0x00000003, 0x03ff0009, 0x00000003, 0x03ff0009, 0x00000003, 0x03ff0009, 0x00000003,
    0x03ff0009, 0x00000003, 0x03ff0009, 0x00000003, 0x03ff000d, 0x04010003, 0x03ff000d, 0x07ff0003,
    0x03ff000b, 0xfe000003, 0x03ff000b, 0xfe000003, 0x03ff000b, 0xfe000003, 0x03ff000b, 0xfe000003,
    0x03ff000c, 0x00010003, 0x03ff000c, 0x00010003, 0x03ff000c, 0x03ff0003, 0x03ff000c, 0x03ff0003,
    0x03ff0009, 0x000003fd, 0x03ff0009, 0x000003fd, 0x03ff0009, 0x000003fd, 0x03ff0009, 0x000003fd,
    0x03ff0009, 0x000003fd, 0x03ff0009, 0x000003fd, 0x03ff000d, 0x040103fd, 0x03ff000d, 0x07ff03fd,
    0x03ff000b, 0xfe0003fd, 0x03ff000b, 0xfe0003fd, 0x03ff000b, 0xfe0003fd, 0x03ff000b, 0xfe0003fd,
    0x03ff000c, 0x000103fd, 0x03ff000c, 0x000103fd, 0x03ff000c, 0x03ff03fd, 0x03ff000c, 0x03ff03fd,
    0x03ff0009, 0x00001001, 0x03ff0009, 0x00001001, 0x03ff0009, 0x00001001, 0x03ff0009, 0x00001001,
    0x03ff0009, 0x00001001, 0x03ff0009, 0x00001001, 0x03ff000d, 0x04011001, 0x03ff000d, 0x07ff1001,
    0x03ff000b, 0xfe001001, 0x03ff000b, 0xfe001001, 0x03ff000b, 0xfe001001, 0x03ff000b, 0xfe001001,
    0x03ff000c, 0x00011001, 0x03ff000c, 0x00011001, 0x03ff000c, 0x03ff1001, 0x03ff000c, 0x03ff1001,
    0x03ff0009, 0x000013ff, 0x03ff0009, 0x000013ff, 0x03ff0009, 0x000013ff, 0x03ff0009, 0x000013ff,
    0x03ff0009, 0x000013ff, 0x03ff0009, 0x000013ff, 0x03ff000d, 0x040113ff, 0x03ff000d, 0x07ff13ff,
    0x03ff000b, 0xfe0013ff, 0x03ff000b, 0xfe0013ff, 0x03ff000b, 0xfe0013ff, 0x03ff000b, 0xfe0013ff,
    0x03ff000c, 0x000113ff, 0x03ff000c, 0x000113ff, 0x03ff000c, 0x03ff13ff, 0x03ff000c, 0x03ff13ff,
    0x03ff0009, 0x00000c01, 0x03ff0009, 0x00000c01, 0x03ff0009, 0x00000c01, 0x03ff0009, 0x00000c01,
    0x03ff0009, 0x00000c01, 0x03ff0009, 0x00000c01, 0x03ff000d, 0x04010c01, 0x03ff000d, 0x07ff0c01,
    0x03ff000b, 0xfe000c01, 0x03ff000b, 0xfe000c01, 0x03ff000b, 0xfe000c01, 0x03ff000b, 0xfe000c01,
    0x03ff000c, 0x00010c01, 0x03ff000c, 0x00010c01, 0x03ff000c, 0x03ff0c01, 0x03ff000c, 0x03ff0c01,
    0x03ff0009, 0x00000fff, 0x03ff0009, 0x00000fff, 0x03ff0009, 0x00000fff, 0x03ff0009, 0x00000fff,
    0x03ff0009, 0x00000fff, 0x03ff0009, 0x00000fff, 0x03ff000d, 0x04010fff, 0x03ff000d, 0x07ff0fff,
    0x03ff000b, 0xfe000fff, 0x03ff000b, 0xfe000fff, 0x03ff000b, 0xfe000fff, 0x03ff000b, 0xfe000fff,
    0x03ff000c, 0x00010fff, 0x03ff000c, 0x00010fff, 0x03ff000c, 0x03ff0fff, 0x03ff000c, 0x03ff0fff,
    0x03ff0008, 0x00000002, 0x03ff0008, 0x00000002, 0x03ff0008, 0x00000002, 0x03ff0008, 0x00000002,
    0x03ff0008, 0x00000002, 0x03ff0008, 0x00000002, 0x03ff0008, 0x00000002, 0x03ff0008, 0x00000002,
    0x03ff000d, 0x00020002, 0x03ff000d, 0x03fe0002, 0x03ff000d, 0x08010002, 0x03ff000d, 0x0bff0002,
    0x03ff000c, 0x04010002, 0x03ff000c, 0x04010002, 0x03ff000c, 0x07ff0002, 0x03ff000c, 0x07ff0002,
    0x03ff000a, 0xfe000002, 0x03ff000a, 0xfe000002, 0x03ff000a, 0xfe000002, 0x03ff000a, 0xfe000002,
    0x03ff000a, 0xfe000002, 0x03ff000a, 0xfe000002, 0x03ff000a, 0xfe000002, 0x03ff000a, 0xfe000002,
    0x03ff000b, 0x00010002, 0x03ff000b, 0x00010002, 0x03ff000b, 0x00010002, 0x03ff000b, 0x00010002,
    0x03ff000b, 0x03ff0002, 0x03ff000b, 0x03ff0002, 0x03ff000b, 0x03ff0002, 0x03ff000b, 0x03ff0002,
    0x03ff0008, 0x000003fe, 0x03ff0008, 0x000003fe, 0x03ff0008, 0x000003fe, 0x03ff0008, 0x000003fe,
    0x03ff0008, 0x000003fe, 0x03ff0008, 0x000003fe, 0x03ff0008, 0x000003fe, 0x03ff0008, 0x000003fe,
    0x03ff000d, 0x000203fe, 0x03ff000d, 0x03fe03fe, 0x03ff000d, 0x080103fe, 0x03ff000d, 0x0bff03fe,
    0x03ff000c, 0x040103fe, 0x03ff000c, 0x040103fe, 0x03ff000c, 0x07ff03fe, 0x03ff000c, 0x07ff03fe,
    0x03ff000a, 0xfe0003fe, 0x03ff000a, 0xfe0003fe, 0x03ff000a, 0xfe0003fe, 0x03ff000a, 0xfe0003fe,
    0x03ff000a, 0xfe0003fe, 0x03ff000a, 0xfe0003fe, 0x03ff000a, 0xfe0003fe, 0x03ff000a, 0xfe0003fe,
    0x03ff000b, 0x000103fe, 0x03ff000b, 0x000103fe, 0x03ff000b, 0x000103fe, 0x03ff000b, 0x000103fe,
    0x03ff000b, 0x03ff03fe, 0x03ff000b, 0x03ff03fe, 0x03ff000b, 0x03ff03fe, 0x03ff000b, 0x03ff03fe,
    0x03ff0008, 0x00000801, 0x03ff0008, 0x00000801, 0x03ff0008, 0x00000801, 0x03ff0008, 0x00000801,
    0x03ff0008, 0x00000801, 0x03ff0008, 0x00000801, 0x03ff0008, 0x00000801, 0x03ff0008, 0x00000801,
    0x03ff000d, 0x00020801, 0x03ff000d, 0x03fe0801, 0x03ff000d, 0x08010801, 0x03ff000d, 0x0bff0801,
    0x03ff000c, 0x04010801, 0x03ff000c, 0x04010801, 0x03ff000c, 0x07ff0801, 0x03ff000c, 0x07ff0801,
    0x03ff000a, 0xfe000801, 0x03ff000a, 0xfe000801, 0x03ff000a, 0xfe000801, 0x03ff000a, 0xfe000801,
    0x03ff000a, 0xfe000801, 0x03ff000a, 0xfe000801, 0x03ff000a, 0xfe000801, 0x03ff000a, 0xfe000801,
    0x03ff000b, 0x00010801, 0x03ff000b, 0x00010801, 0x03ff000b, 0x00010801, 0x03ff000b, 0x00010801,
    0x03ff000b, 0x03ff0801, 0x03ff000b, 0x03ff0801, 0x03ff000b, 0x03ff0801, 0x03ff000b, 0x03ff0801,
    0x03ff0008, 0x00000bff, 0x03ff0008, 0x00000bff, 0x03ff0008, 0x00000bff, 0x03ff0008, 0x00000bff,
    0x03ff0008, 0x00000bff, 0x03ff0008, 0x00000bff, 0x03ff0008, 0x00000bff, 0x03ff0008, 0x00000bff,
    0x03ff000d, 0x00020bff, 0x03ff000d, 0x03fe0bff, 0x03ff000d, 0x08010bff, 0x03ff000d, 0x0bff0bff,
    0x03ff000c, 0x04010bff, 0x03ff000c, 0x04010bff, 0x03ff000c, 0x07ff0bff, 0x03ff000c, 0x07ff0bff,
    0x03ff000a, 0xfe000bff, 0x03ff000a, 0xfe000bff, 0x03ff000a, 0xfe000bff, 0x03ff000a, 0xfe000bff,
    0x03ff000a, 0xfe000bff, 0x03ff000a, 0xfe000bff, 0x03ff000a, 0xfe000bff, 0x03ff000a, 0xfe000bff,
    0x03ff000b, 0x00010bff, 0x03ff000b, 0x00010bff, 0x03ff000b, 0x00010bff, 0x03ff000b, 0x00010bff,
    0x03ff000b, 0x03ff0bff, 0x03ff000b, 0x03ff0bff, 0x03ff000b, 0x03ff0bff, 0x03ff000b, 0x03ff0bff,
    0x03ff0007, 0x00000401, 0x03ff000d, 0x7c1f0401, 0x03ff0007, 0x00000401, 0x03ff0007, 0x00000401,
    0x03ff0007, 0x00000401, 0x03ff0007, 0x00000401, 0x03ff0007, 0x00000401, 0x03ff0007, 0x00000401,
    0x03ff0007, 0x00000401, 0x03ff0007, 0x00000401, 0x03ff000d, 0x00030401, 0x03ff000d, 0x03fd0401,
    0x03ff000d, 0x10010401, 0x03ff000d, 0x13ff0401, 0x03ff000d, 0x0c010401, 0x03ff000d, 0x0fff0401,
    0x03ff000c, 0x00020401, 0x03ff000c, 0x00020401, 0x03ff000c, 0x03fe0401, 0x03ff000c, 0x03fe0401,
    0x03ff000c, 0x08010401, 0x03ff000c, 0x08010401, 0x03ff000c, 0x0bff0401, 0x03ff000c, 0x0bff0401,
    0x03ff000b, 0x04010401, 0x03ff000b, 0x04010401, 0x03ff000b, 0x04010401, 0x03ff000b, 0x04010401,
    0x03ff000b, 0x07ff0401, 0x03ff000b, 0x07ff0401, 0x03ff000b, 0x07ff0401, 0x03ff000b, 0x07ff0401,
    0x03ff0009, 0xfe000401, 0x03ff0009, 0xfe000401, 0x03ff0009, 0xfe000401, 0x03ff0009, 0xfe000401,
    0x03ff0009, 0xfe000401, 0x03ff0009, 0xfe000401, 0x03ff0009, 0xfe000401, 0x03ff0009, 0xfe000401,
    0x03ff0009, 0xfe000401, 0x03ff0009, 0xfe000401, 0x03ff0009, 0xfe000401, 0x03ff0009, 0xfe000401,
    0x03ff0009, 0xfe000401, 0x03ff0009, 0xfe000401, 0x03ff0009, 0xfe000401, 0x03ff0009, 0xfe000401,
    0x03ff000a, 0x00010401, 0x03ff000a, 0x00010401, 0x03ff000a, 0x00010401, 0x03ff000a, 0x00010401,
    0x03ff000a, 0x00010401, 0x03ff000a, 0x00010401, 0x03ff000a, 0x00010401, 0x03ff000a, 0x00010401,
    0x03ff000a, 0x03ff0401, 0x03ff000a, 0x03ff0401, 0x03ff000a, 0x03ff0401, 0x03ff000a, 0x03ff0401,
    0x03ff000a, 0x03ff0401, 0x03ff000a, 0x03ff0401, 0x03ff000a, 0x03ff0401, 0x03ff000a, 0x03ff0401,
    0x03ff0007, 0x000007ff, 0x03ff000d, 0x7c1f07ff, 0x03ff0007, 0x000007ff, 0x03ff0007, 0x000007ff,
    0x03ff0007, 0x000007ff, 0x03ff0007, 0x000007ff, 0x03ff0007, 0x000007ff, 0x03ff0007, 0x000007ff,
    0x03ff0007, 0x000007ff, 0x03ff0007, 0x000007ff, 0x03ff000d, 0x000307ff, 0x03ff000d, 0x03fd07ff,
    0x03ff000d, 0x100107ff, 0x03ff000d, 0x13ff07ff, 0x03ff000d, 0x0c0107ff, 0x03ff000d, 0x0fff07ff,
    0x03ff000c, 0x000207ff, 0x03ff000c, 0x000207ff, 0x03ff000c, 0x03fe07ff, 0x03ff000c, 0x03fe07ff,
    0x03ff000c, 0x080107ff, 0x03ff000c, 0x080107ff, 0x03ff000c, 0x0bff07ff, 0x03ff000c, 0x0bff07ff,
    0x03ff000b, 0x040107ff, 0x03ff000b, 0x040107ff, 0x03ff000b, 0x040107ff, 0x03ff000b, 0x040107ff,
    0x03ff000b, 0x07ff07ff, 0x03ff000b, 0x07ff07ff, 0x03ff000b, 0x07ff07ff, 0x03ff000b, 0x07ff07ff,
    0x03ff0009, 0xfe0007ff, 0x03ff0009, 0xfe0007ff, 0x03ff0009, 0xfe0007ff, 0x03ff0009, 0xfe0007ff,
    0x03ff0009, 0xfe0007ff, 0x03ff0009, 0xfe0007ff, 0x03ff0009, 0xfe0007ff, 0x03ff0009, 0xfe0007ff,
    0x03ff0009, 0xfe0007ff, 0x03ff0009, 0xfe0007ff, 0x03ff0009, 0xfe0007ff, 0x03ff0009, 0xfe0007ff,
    0x03ff0009, 0xfe0007ff, 0x03ff0009, 0xfe0007ff, 0x03ff0009, 0xfe0007ff, 0x03ff0009, 0xfe0007ff,
    0x03ff000a, 0x000107ff, 0x03ff000a, 0x000107ff, 0x03ff000a, 0x000107ff, 0x03ff000a, 0x000107ff,
    0x03ff000a, 0x000107ff, 0x03ff000a, 0x000107ff, 0x03ff000a, 0x000107ff, 0x03ff000a, 0x000107ff,
    0x03ff000a, 0x03ff07ff, 0x03ff000a, 0x03ff07ff, 0x03ff000a, 0x03ff07ff, 0x03ff000a, 0x03ff07ff,
    0x03ff000a, 0x03ff07ff, 0x03ff000a, 0x03ff07ff, 0x03ff000a, 0x03ff07ff, 0x03ff000a, 0x03ff07ff,
    0x03ff0005, 0x0000fe00, 0x03ff0005, 0x0000fe00, 0x03ff0005, 0x0000fe00, 0x03ff0005, 0x0000fe00,
    0x03ff0005, 0x0000fe00, 0x03ff0005, 0x0000fe00, 0x03ff0005, 0x0000fe00, 0x03ff0005, 0x0000fe00,
    0x03ff0005, 0x0000fe00, 0x03ff0005, 0x0000fe00, 0x03ff0005, 0x0000fe00, 0x03ff0005, 0x0000fe00,
    0x03ff0005, 0x0000fe00, 0x03ff0005, 0x0000fe00, 0x03ff0005, 0x0000fe00, 0x03ff0005, 0x0000fe00,
    0x03ff0005, 0x0000fe00, 0x03ff0005, 0x0000fe00, 0x03ff0005, 0x0000fe00, 0x03ff0005, 0x0000fe00,
    0x03ff0005, 0x0000fe00, 0x03ff0005, 0x0000fe00, 0x03ff0005, 0x0000fe00, 0x03ff0005, 0x0000fe00,
    0x03ff0005, 0x0000fe00, 0x03ff0005, 0x0000fe00, 0x03ff0005, 0x0000fe00, 0x03ff0005, 0x0000fe00,
    0x03ff0005, 0x0000fe00, 0x03ff0005, 0x0000fe00, 0x03ff0005, 0x0000fe00, 0x03ff0005, 0x0000fe00,
    0x03ff0005, 0x0000fe00, 0x03ff0005, 0x0000fe00, 0x03ff0005, 0x0000fe00, 0x03ff0005, 0x0000fe00,
    0x03ff0005, 0x0000fe00, 0x03ff0005, 0x0000fe00, 0x03ff0005, 0x0000fe00, 0x03ff0005, 0x0000fe00,
    0x03ff0005, 0x0000fe00, 0x03ff0005, 0x0000fe00, 0x03ff0005, 0x0000fe00, 0x03ff0005, 0x0000fe00,
    0x03ff0005, 0x0000fe00, 0x03ff0005, 0x0000fe00, 0x03ff0005, 0x0000fe00, 0x03ff0005, 0x0000fe00,
    0x03ff0005, 0x0000fe00, 0x03ff0005, 0x0000fe00, 0x03ff0005, 0x0000fe00, 0x03ff0005, 0x0000fe00,
    0x03ff0005, 0x0000fe00, 0x03ff0005, 0x0000fe00, 0x03ff0005, 0x0000fe00, 0x03ff0005, 0x0000fe00,
    0x03ff0005, 0x0000fe00, 0x03ff0005, 0x0000fe00, 0x03ff0005, 0x0000fe00, 0x03ff0005, 0x0000fe00,
    0x03ff0005, 0x0000fe00, 0x03ff0005, 0x0000fe00, 0x03ff0005, 0x0000fe00, 0x03ff0005, 0x0000fe00,
    0x03ff0005, 0x0000fe00, 0x03ff0005, 0x0000fe00, 0x03ff0005, 0x0000fe00, 0x03ff0005, 0x0000fe00,
    0x03ff0005, 0x0000fe00, 0x03ff0005, 0x0000fe00, 0x03ff0005, 0x0000fe00, 0x03ff0005, 0x0000fe00,
    0x03ff0005, 0x0000fe00, 0x03ff0005, 0x0000fe00, 0x03ff0005, 0x0000fe00, 0x03ff0005, 0x0000fe00,
    0x03ff0005, 0x0000fe00, 0x03ff0005, 0x0000fe00, 0x03ff0005, 0x0000fe00, 0x03ff0005, 0x0000fe00,
    0x03ff0005, 0x0000fe00, 0x03ff0005, 0x0000fe00, 0x03ff0005, 0x0000fe00, 0x03ff0005, 0x0000fe00,
    0x03ff0005, 0x0000fe00, 0x03ff0005, 0x0000fe00, 0x03ff0005, 0x0000fe00, 0x03ff0005, 0x0000fe00,
    0x03ff0005, 0x0000fe00, 0x03ff0005, 0x0000fe00, 0x03ff0005, 0x0000fe00, 0x03ff0005, 0x0000fe00,
    0x03ff0005, 0x0000fe00, 0x03ff0005, 0x0000fe00, 0x03ff0005, 0x0000fe00, 0x03ff0005, 0x0000fe00,
    0x03ff0005, 0x0000fe00, 0x03ff0005, 0x0000fe00, 0x03ff0005, 0x0000fe00, 0x03ff0005, 0x0000fe00,
    0x03ff0005, 0x0000fe00, 0x03ff0005, 0x0000fe00, 0x03ff0005, 0x0000fe00, 0x03ff0005, 0x0000fe00,
    0x03ff0005, 0x0000fe00, 0x03ff0005, 0x0000fe00, 0x03ff0005, 0x0000fe00, 0x03ff0005, 0x0000fe00,
    0x03ff0005, 0x0000fe00, 0x03ff0005, 0x0000fe00, 0x03ff0005, 0x0000fe00, 0x03ff0005, 0x0000fe00,
    0x03ff0005, 0x0000fe00, 0x03ff0005, 0x0000fe00, 0x03ff0005, 0x0000fe00, 0x03ff0005, 0x0000fe00,
    0x03ff0005, 0x0000fe00, 0x03ff0005, 0x0000fe00, 0x03ff0005, 0x0000fe00, 0x03ff0005, 0x0000fe00,
    0x03ff0005, 0x0000fe00, 0x03ff0005, 0x0000fe00, 0x03ff0005, 0x0000fe00, 0x03ff0005, 0x0000fe00,
    0x03ff0005, 0x0000fe00, 0x03ff0005, 0x0000fe00, 0x03ff0005, 0x0000fe00, 0x03ff0005, 0x0000fe00,
    0x03ff0005, 0x0000fe00, 0x03ff0005, 0x0000fe00, 0x03ff0005, 0x0000fe00, 0x03ff0005, 0x0000fe00,
    0x03ff0005, 0x0000fe00, 0x03ff0005, 0x0000fe00, 0x03ff0005, 0x0000fe00, 0x03ff0005, 0x0000fe00,
    0x03ff0005, 0x0000fe00, 0x03ff0005, 0x0000fe00, 0x03ff0005, 0x0000fe00, 0x03ff0005, 0x0000fe00,
    0x03ff0005, 0x0000fe00, 0x03ff0005, 0x0000fe00, 0x03ff0005, 0x0000fe00, 0x03ff0005, 0x0000fe00,
    0x03ff0005, 0x0000fe00, 0x03ff0005, 0x0000fe00, 0x03ff0005, 0x0000fe00, 0x03ff0005, 0x0000fe00,
    0x03ff0005, 0x0000fe00, 0x03ff0005, 0x0000fe00, 0x03ff0005, 0x0000fe00, 0x03ff0005, 0x0000fe00,
    0x03ff0005, 0x0000fe00, 0x03ff0005, 0x0000fe00, 0x03ff0005, 0x0000fe00, 0x03ff0005, 0x0000fe00,
    0x03ff0005, 0x0000fe00, 0x03ff0005, 0x0000fe00, 0x03ff0005, 0x0000fe00, 0x03ff0005, 0x0000fe00,
    0x03ff0005, 0x0000fe00, 0x03ff0005, 0x0000fe00, 0x03ff0005, 0x0000fe00, 0x03ff0005, 0x0000fe00,
    0x03ff0005, 0x0000fe00, 0x03ff0005, 0x0000fe00, 0x03ff0005, 0x0000fe00, 0x03ff0005, 0x0000fe00,
    0x03ff0005, 0x0000fe00, 0x03ff0005, 0x0000fe00, 0x03ff0005, 0x0000fe00, 0x03ff0005, 0x0000fe00,
    0x03ff0005, 0x0000fe00, 0x03ff0005, 0x0000fe00, 0x03ff0005, 0x0000fe00, 0x03ff0005, 0x0000fe00,
    0x03ff0005, 0x0000fe00, 0x03ff0005, 0x0000fe00, 0x03ff0005, 0x0000fe00, 0x03ff0005, 0x0000fe00,
    0x03ff0005, 0x0000fe00, 0x03ff0005, 0x0000fe00, 0x03ff0005, 0x0000fe00, 0x03ff0005, 0x0000fe00,
    0x03ff0005, 0x0000fe00, 0x03ff0005, 0x0000fe00, 0x03ff0005, 0x0000fe00, 0x03ff0005, 0x0000fe00,
    0x03ff0005, 0x0000fe00, 0x03ff0005, 0x0000fe00, 0x03ff0005, 0x0000fe00, 0x03ff0005, 0x0000fe00,
    0x03ff0005, 0x0000fe00, 0x03ff0005, 0x0000fe00, 0x03ff0005, 0x0000fe00, 0x03ff0005, 0x0000fe00,
    0x03ff0005, 0x0000fe00, 0x03ff0005, 0x0000fe00, 0x03ff0005, 0x0000fe00, 0x03ff0005, 0x0000fe00,
    0x03ff0005, 0x0000fe00, 0x03ff0005, 0x0000fe00, 0x03ff0005, 0x0000fe00, 0x03ff0005, 0x0000fe00,
    0x03ff0005, 0x0000fe00, 0x03ff0005, 0x0000fe00, 0x03ff0005, 0x0000fe00, 0x03ff0005, 0x0000fe00,
    0x03ff0005, 0x0000fe00, 0x03ff0005, 0x0000fe00, 0x03ff0005, 0x0000fe00, 0x03ff0005, 0x0000fe00,
    0x03ff0005, 0x0000fe00, 0x03ff0005, 0x0000fe00, 0x03ff0005, 0x0000fe00, 0x03ff0005, 0x0000fe00,
    0x03ff0005, 0x0000fe00, 0x03ff0005, 0x0000fe00, 0x03ff0005, 0x0000fe00, 0x03ff0005, 0x0000fe00,
    0x03ff0005, 0x0000fe00, 0x03ff0005, 0x0000fe00, 0x03ff0005, 0x0000fe00, 0x03ff0005, 0x0000fe00,
    0x03ff0005, 0x0000fe00, 0x03ff0005, 0x0000fe00, 0x03ff0005, 0x0000fe00, 0x03ff0005, 0x0000fe00,
    0x03ff0005, 0x0000fe00, 0x03ff0005, 0x0000fe00, 0x03ff0005, 0x0000fe00, 0x03ff0005, 0x0000fe00,
    0x03ff0005, 0x0000fe00, 0x03ff0005, 0x0000fe00, 0x03ff0005, 0x0000fe00, 0x03ff0005, 0x0000fe00,
    0x03ff0005, 0x0000fe00, 0x03ff0005, 0x0000fe00, 0x03ff0005, 0x0000fe00, 0x03ff0005, 0x0000fe00,
    0x03ff0005, 0x0000fe00, 0x03ff0005, 0x0000fe00, 0x03ff0005, 0x0000fe00, 0x03ff0005, 0x0000fe00,
    0x03ff0005, 0x0000fe00, 0x03ff0005, 0x0000fe00, 0x03ff0005, 0x0000fe00, 0x03ff0005, 0x0000fe00,
    0x03ff0005, 0x0000fe00, 0x03ff0005, 0x0000fe00, 0x03ff0005, 0x0000fe00, 0x03ff0005, 0x0000fe00,
    0x03ff0005, 0x0000fe00, 0x03ff0005, 0x0000fe00, 0x03ff0005, 0x0000fe00, 0x03ff0005, 0x0000fe00,
    0x03ff0006, 0x00000001, 0x03ff0006, 0x00000001, 0x03ff000c, 0x7c1f0001, 0x03ff000c, 0x7c1f0001,
    0x03ff0006, 0x00000001, 0x03ff0006, 0x00000001, 0x03ff0006, 0x00000001, 0x03ff0006, 0x00000001,
    0x03ff000d, 0x1c010001, 0x03ff000d, 0x1fff0001, 0x03ff000d, 0x18010001, 0x03ff000d, 0x1bff0001,
    0x03ff000d, 0x04020001, 0x03ff000d, 0x07fe0001, 0x03ff000d, 0x14010001, 0x03ff000d, 0x17ff0001,
    0x03ff0006, 0x00000001, 0x03ff0006, 0x00000001, 0x03ff0006, 0x00000001, 0x03ff0006, 0x00000001,
    0x03ff000c, 0x00030001, 0x03ff000c, 0x00030001, 0x03ff000c, 0x03fd0001, 0x03ff000c, 0x03fd0001,
    0x03ff000c, 0x10010001, 0x03ff000c, 0x10010001, 0x03ff000c, 0x13ff0001, 0x03ff000c, 0x13ff0001,
    0x03ff000c, 0x0c010001, 0x03ff000c, 0x0c010001, 0x03ff000c, 0x0fff0001, 0x03ff000c, 0x0fff0001,
    0x03ff000b, 0x00020001, 0x03ff000b, 0x00020001, 0x03ff000b, 0x00020001, 0x03ff000b, 0x00020001,
    0x03ff000b, 0x03fe0001, 0x03ff000b, 0x03fe0001, 0x03ff000b, 0x03fe0001, 0x03ff000b, 0x03fe0001,
    0x03ff000b, 0x08010001, 0x03ff000b, 0x08010001, 0x03ff000b, 0x08010001, 0x03ff000b, 0x08010001,
    0x03ff000b, 0x0bff0001, 0x03ff000b, 0x0bff0001, 0x03ff000b, 0x0bff0001, 0x03ff000b, 0x0bff0001,
    0x03ff000a, 0x04010001, 0x03ff000a, 0x04010001, 0x03ff000a, 0x04010001, 0x03ff000a, 0x04010001,
    0x03ff000a, 0x04010001, 0x03ff000a, 0x04010001, 0x03ff000a, 0x04010001, 0x03ff000a, 0x04010001,
    0x03ff000a, 0x07ff0001, 0x03ff000a, 0x07ff0001, 0x03ff000a, 0x07ff0001, 0x03ff000a, 0x07ff0001,
    0x03ff000a, 0x07ff0001, 0x03ff000a, 0x07ff0001, 0x03ff000a, 0x07ff0001, 0x03ff000a, 0x07ff0001,
    0x03ff0008, 0xfe000001, 0x03ff0008, 0xfe000001, 0x03ff0008, 0xfe000001, 0x03ff0008, 0xfe000001,
    0x03ff0008, 0xfe000001, 0x03ff0008, 0xfe000001, 0x03ff0008, 0xfe000001, 0x03ff0008, 0xfe000001,
    0x03ff0008, 0xfe000001, 0x03ff0008, 0xfe000001, 0x03ff0008, 0xfe000001, 0x03ff0008, 0xfe000001,
    0x03ff0008, 0xfe000001, 0x03ff0008, 0xfe000001, 0x03ff0008, 0xfe000001, 0x03ff0008, 0xfe000001,
    0x03ff0008, 0xfe000001, 0x03ff0008, 0xfe000001, 0x03ff0008, 0xfe000001, 0x03ff0008, 0xfe000001,
    0x03ff0008, 0xfe000001, 0x03ff0008, 0xfe000001, 0x03ff0008, 0xfe000001, 0x03ff0008, 0xfe000001,
    0x03ff0008, 0xfe000001, 0x03ff0008, 0xfe000001, 0x03ff0008, 0xfe000001, 0x03ff0008, 0xfe000001,
    0x03ff0008, 0xfe000001, 0x03ff0008, 0xfe000001, 0x03ff0008, 0xfe000001, 0x03ff0008, 0xfe000001,
    0x03ff0009, 0x00010001, 0x03ff0009, 0x00010001, 0x03ff0009, 0x00010001, 0x03ff0009, 0x00010001,
    0x03ff0009, 0x00010001, 0x03ff0009, 0x00010001, 0x03ff0009, 0x00010001, 0x03ff0009, 0x00010001,
    0x03ff0009, 0x00010001, 0x03ff0009, 0x00010001, 0x03ff0009, 0x00010001, 0x03ff0009, 0x00010001,
    0x03ff0009, 0x00010001, 0x03ff0009, 0x00010001, 0x03ff0009, 0x00010001, 0x03ff0009, 0x00010001,
    0x03ff0009, 0x03ff0001, 0x03ff0009, 0x03ff0001, 0x03ff0009, 0x03ff0001, 0x03ff0009, 0x03ff0001,
    0x03ff0009, 0x03ff0001, 0x03ff0009, 0x03ff0001, 0x03ff0009, 0x03ff0001, 0x03ff0009, 0x03ff0001,
    0x03ff0009, 0x03ff0001, 0x03ff0009, 0x03ff0001, 0x03ff0009, 0x03ff0001, 0x03ff0009, 0x03ff0001,
    0x03ff0009, 0x03ff0001, 0x03ff0009, 0x03ff0001, 0x03ff0009, 0x03ff0001, 0x03ff0009, 0x03ff0001,
    0x03ff0006, 0x000003ff, 0x03ff0006, 0x000003ff, 0x03ff000c, 0x7c1f03ff, 0x03ff000c, 0x7c1f03ff,
    0x03ff0006, 0x000003ff, 0x03ff0006, 0x000003ff, 0x03ff0006, 0x000003ff, 0x03ff0006, 0x000003ff,
    0x03ff000d, 0x1c0103ff, 0x03ff000d, 0x1fff03ff, 0x03ff000d, 0x180103ff, 0x03ff000d, 0x1bff03ff,
    0x03ff000d, 0x040203ff, 0x03ff000d, 0x07fe03ff, 0x03ff000d, 0x140103ff, 0x03ff000d, 0x17ff03ff,
    0x03ff0006, 0x000003ff, 0x03ff0006, 0x000003ff, 0x03ff0006, 0x000003ff, 0x03ff0006, 0x000003ff,
    0x03ff000c, 0x000303ff, 0x03ff000c, 0x000303ff, 0x03ff000c, 0x03fd03ff, 0x03ff000c, 0x03fd03ff,
    0x03ff000c, 0x100103ff, 0x03ff000c, 0x100103ff, 0x03ff000c, 0x13ff03ff, 0x03ff000c, 0x13ff03ff,
    0x03ff000c, 0x0c0103ff, 0x03ff000c, 0x0c0103ff, 0x03ff000c, 0x0fff03ff, 0x03ff000c, 0x0fff03ff,
    0x03ff000b, 0x000203ff, 0x03ff000b, 0x000203ff, 0x03ff000b, 0x000203ff, 0x03ff000b, 0x000203ff,
    0x03ff000b, 0x03fe03ff, 0x03ff000b, 0x03fe03ff, 0x03ff000b, 0x03fe03ff, 0x03ff000b, 0x03fe03ff,
    0x03ff000b, 0x080103ff, 0x03ff000b, 0x080103ff, 0x03ff000b, 0x080103ff, 0x03ff000b, 0x080103ff,
    0x03ff000b, 0x0bff03ff, 0x03ff000b, 0x0bff03ff, 0x03ff000b, 0x0bff03ff, 0x03ff000b, 0x0bff03ff,
    0x03ff000a, 0x040103ff, 0x03ff000a, 0x040103ff, 0x03ff000a, 0x040103ff, 0x03ff000a, 0x040103ff,
    0x03ff000a, 0x040103ff, 0x03ff000a, 0x040103ff, 0x03ff000a, 0x040103ff, 0x03ff000a, 0x040103ff,
    0x03ff000a, 0x07ff03ff, 0x03ff000a, 0x07ff03ff, 0x03ff000a, 0x07ff03ff, 0x03ff000a, 0x07ff03ff,
    0x03ff000a, 0x07ff03ff, 0x03ff000a, 0x07ff03ff, 0x03ff000a, 0x07ff03ff, 0x03ff000a, 0x07ff03ff,
    0x03ff0008, 0xfe0003ff, 0x03ff0008, 0xfe0003ff, 0x03ff0008, 0xfe0003ff, 0x03ff0008, 0xfe0003ff,
    0x03ff0008, 0xfe0003ff, 0x03ff0008, 0xfe0003ff, 0x03ff0008, 0xfe0003ff, 0x03ff0008, 0xfe0003ff,
    0x03ff0008, 0xfe0003ff, 0x03ff0008, 0xfe0003ff, 0x03ff0008, 0xfe0003ff, 0x03ff0008, 0xfe0003ff,
    0x03ff0008, 0xfe0003ff, 0x03ff0008, 0xfe0003ff, 0x03ff0008, 0xfe0003ff, 0x03ff0008, 0xfe0003ff,
    0x03ff0008, 0xfe0003ff, 0x03ff0008, 0xfe0003ff, 0x03ff0008, 0xfe0003ff, 0x03ff0008, 0xfe0003ff,
    0x03ff0008, 0xfe0003ff, 0x03ff0008, 0xfe0003ff, 0x03ff0008, 0xfe0003ff, 0x03ff0008, 0xfe0003ff,
    0x03ff0008, 0xfe0003ff, 0x03ff0008, 0xfe0003ff, 0x03ff0008, 0xfe0003ff, 0x03ff0008, 0xfe0003ff,
    0x03ff0008, 0xfe0003ff, 0x03ff0008, 0xfe0003ff, 0x03ff0008, 0xfe0003ff, 0x03ff0008, 0xfe0003ff,
    0x03ff0009, 0x000103ff, 0x03ff0009, 0x000103ff, 0x03ff0009, 0x000103ff, 0x03ff0009, 0x000103ff,
    0x03ff0009, 0x000103ff, 0x03ff0009, 0x000103ff, 0x03ff0009, 0x000103ff, 0x03ff0009, 0x000103ff,
    0x03ff0009, 0x000103ff, 0x03ff0009, 0x000103ff, 0x03ff0009, 0x000103ff, 0x03ff0009, 0x000103ff,
    0x03ff0009, 0x000103ff, 0x03ff0009, 0x000103ff, 0x03ff0009, 0x000103ff, 0x03ff0009, 0x000103ff,
    0x03ff0009, 0x03ff03ff, 0x03ff0009, 0x03ff03ff, 0x03ff0009, 0x03ff03ff, 0x03ff0009, 0x03ff03ff,
    0x03ff0009, 0x03ff03ff, 0x03ff0009, 0x03ff03ff, 0x03ff0009, 0x03ff03ff, 0x03ff0009, 0x03ff03ff,
    0x03ff0009, 0x03ff03ff, 0x03ff0009, 0x03ff03ff, 0x03ff0009, 0x03ff03ff, 0x03ff0009, 0x03ff03ff,
    0x03ff0009, 0x03ff03ff, 0x03ff0009, 0x03ff03ff, 0x03ff0009, 0x03ff03ff, 0x03ff0009, 0x03ff03ff,
};

/* libpress VLC.cpp canonical names for the MDEC DC/escape tables -- SAME objects as the
 *   EA-named tables above (verified from disasm-v3 DecDCTvlc base-register loads):
 *     _vlc_acesc @0x80134038 == CF2_DVLC   (escape table, $a3 base)
 *     _vlc_dc_c  @0x80123C38 == DCC_DVLC   (chroma DC, blk<3 : $a2-0x400)
 *     _vlc_dc_l  @0x80123838 == DCL_DVLC   (luma DC,   blk>=3: $a2-0x800) */
/* _vlc_acesc IS the table now (renamed from CF2_DVLC). */
/* _vlc_dc_c IS the table now (renamed from DCC_DVLC). */
/* _vlc_dc_l IS the table now (renamed from DCL_DVLC). */
